bank_txn_id,settlement_id,match_type
btx_95256ef3b1,sett_bac5b4c642,exact
btx_4ef157177d,sett_64ffab5645,exact
btx_533371f3c1,sett_dcc6105ab2,exact
btx_311b2f9482,sett_9c1924542a,exact
btx_18faf2d7cb,sett_eb79d6acba,exact
btx_0aa9b09faa,sett_454961fecd,exact
btx_c4a9de17a1,sett_705ae64c5a,exact
btx_ce9a25f6fe,sett_5ebacb3627,bank_adjustment
btx_08740f19a2,sett_005760c62e,exact
btx_f6c3e5bc7f,sett_0c20f81711,fee_discrepancy
btx_89a6445108,sett_0b8091ffc2,exact
btx_f001a4d5c0,sett_14957842bc,exact
btx_abd1fec657,sett_0f7797b946,exact
btx_529d8a61de,sett_94c2e0aab4,exact
btx_c031ebf4ff,sett_958fa60709,exact
btx_4c123aa808,sett_b05192c61d,split
btx_9c08ce8873,sett_b05192c61d,split
btx_9d571488fe,sett_8f6394c4bc,partial_refund
btx_f19835e5bd,sett_1ddf7adb3f,exact
btx_c81c9680cc,sett_49aef2d66b,exact
btx_c69439bbaf,sett_494cc35014,exact
btx_6d54775c81,sett_f456ef0855,exact
btx_2347b00c8d,sett_6eba3291d2,exact
btx_ae69b90c9c,sett_9f9e1d9d69,exact
btx_25ee606e61,sett_a82ab42547,exact
btx_0a3574e9b2,sett_53f40b1f89,fee_discrepancy
btx_947c28f329,sett_4d15a765f7,partial_refund
btx_c985e24cca,sett_b2a9f39f18,exact
btx_3ac0a54160,sett_87372a519f,exact
btx_1b403a8cae,sett_43ce38656e,exact
btx_7c59001120,sett_2fa1818ab1,exact
btx_5dc7993311,sett_a4873b64ca,fee_discrepancy
btx_95655f319b,sett_da924a8b99,exact
btx_babb559b38,sett_4ebbca3a08,bank_adjustment
btx_e6a48c9917,sett_e98d40475b,exact
btx_73c8e3f095,sett_d7232dd72c,exact
btx_3a47eb2632,sett_d5476c9774,exact
btx_081a4f38ab,sett_fe66c02365,bank_adjustment
btx_50e887144f,sett_67f164d83c,exact
btx_549827fea5,sett_8d9df56ffe,currency_conversion
btx_167522fb06,sett_f8af62a570,exact
btx_4dca06e44e,sett_069d9c7f26,duplicate_record
btx_65b0740590,sett_37219b582b,partial_refund
btx_383090d47f,sett_1e76f1d0f0,exact
btx_d72858d733,sett_1429000de5,exact
btx_58a68dd977,sett_b46ab605a7,fee_discrepancy
btx_87f4fa1a4b,sett_65288942ea,exact
btx_b63dfcc60b,sett_78068c8a3b,exact
btx_32e7f9acbc,sett_15b1b123be,exact
btx_19c45f2666,sett_0ad47b9418,exact
btx_7d35d15147,sett_c4b7863b92,currency_conversion
btx_bb9c458832,sett_9f57f01b82,currency_conversion
btx_bf1e03d066,sett_d486c0352d,split
btx_1fe714781f,sett_d486c0352d,split
btx_db17ae0c13,sett_e360900dfe,exact
btx_14fcdfa638,sett_892c2bd8a0,exact
btx_b876e64e10,sett_ccca9aeae2,exact
btx_8ebbe16eb2,sett_da6b6a8985,exact
btx_17be12056f,sett_41f5c37f45,exact
btx_362ed621a9,sett_f13f3e591d,exact
btx_b19a5800a2,sett_9cefab750f,partial_refund
btx_d74df192ab,sett_dabaadf1e2,fee_discrepancy
btx_06c9eb8ddb,sett_a1aadedbc5,bank_adjustment
btx_db9b1ab322,sett_dc6f4db7ce,bank_adjustment
btx_0f8ba3e35b,sett_be2104ca76,exact
btx_5c2f39dfa8,sett_0621a5c455,duplicate_record
btx_8e91ad0e5c,sett_085d8e5036,duplicate_record
btx_01d66ef247,sett_c411272df2,exact
btx_f75aaccc8b,sett_d7f1078bb9,timing_skew
btx_b75d8ccd6f,sett_967e5e9c5a,exact
btx_77a97ba7d5,sett_91e9ed45e5,exact
btx_dcdefdd314,sett_a5f0ea4772,bank_adjustment
btx_4d7bb1b6d7,sett_dfa8a6fa19,exact
btx_068da37990,sett_7b0db31503,exact
btx_4b52525564,sett_f44f54a13f,fee_discrepancy
btx_171f14f1d2,sett_8a3b0296f3,exact
btx_0e1d140445,sett_1a6b55bf59,split
btx_9a85c952ce,sett_1a6b55bf59,split
btx_5c60e6870c,sett_4396a505c7,exact
btx_c6e1cb23f1,sett_fb6c59fbda,exact
btx_7f0850a2f1,sett_1aad053b3a,duplicate_record
btx_4c8012e7f2,sett_b1a1b1711c,partial_refund
btx_05b038072e,sett_448dddde80,currency_conversion
btx_534b9e55e0,sett_01f200c38c,duplicate_record
btx_b3ff5f6e9f,sett_ffa237eecc,exact
btx_459f144726,sett_2f1fc6f109,exact
btx_87c4194540,sett_b09230518c,exact
btx_910ea60b60,sett_4860dfacc2,split
btx_55f36faa1f,sett_4860dfacc2,split
btx_ccee3029df,sett_f74ec773da,exact
btx_0af6adb289,sett_ac9e276c05,exact
btx_fde6f7b1cc,sett_699fd7a04d,exact
btx_1ab9f28c3e,sett_cd31ff0f93,exact
btx_69716910b7,sett_e12b36335e,exact
btx_f80f57f21a,sett_b10a8c65f5,exact
btx_097a141231,sett_15dc29bc65,split
btx_f3d3de0837,sett_15dc29bc65,split
btx_f091949da2,sett_222e565845,exact
btx_b1381d91fa,sett_007fbc1252,exact
btx_94a2d0b753,sett_d469b54aec,exact
btx_b81089feea,sett_a117c9f253,exact
btx_9b1592a8e1,sett_9df4957bf1,exact
btx_6d22f0d9f6,sett_7f5c1ad5a0,exact
btx_07afa2d97c,sett_24e58839dd,exact
btx_e8442e7b3d,sett_f8033dfbbd,exact
btx_18029a9d5b,sett_9a0f3d0d8b,partial_refund
btx_175b52c5b6,sett_8723016d32,exact
btx_0ac7186eb9,sett_dfbede2c5f,exact
btx_30b3f8b85f,sett_3b0ee502aa,exact
btx_d168342764,sett_f528e08a5c,exact
btx_e75d9d6e0f,sett_3e48450c73,exact
btx_bf349619c3,sett_d05e647490,exact
btx_fe27eacf95,sett_7a56ca201a,duplicate_record
btx_bb028c17a4,sett_160b26057f,exact
btx_d20abdee60,sett_27ee67ee49,exact
btx_e1d69c1018,sett_a8952d5244,partial_refund
btx_a62f1df666,sett_5ec2b923ca,exact
btx_27ddcbd192,sett_07b4be4f47,exact
btx_4d8aef32c0,sett_da2dbc2274,exact
btx_bf46253000,sett_56f33c48e6,duplicate_record
btx_921e3d840f,sett_f578e9ba67,exact
btx_926842eb01,sett_532d2baca2,timing_skew
btx_b3f1bf1fd5,sett_9d3035abb4,exact
btx_d36bfe4d2b,sett_0d263d37a8,exact
btx_8d0e69f025,sett_b0f8396bfd,exact
btx_f5a030af35,sett_bd4f53ea2a,exact
btx_d7e1b38a15,sett_f287748cc6,exact
btx_2ecba1401f,sett_1e62bbfb9b,timing_skew
btx_db9a26da54,sett_e7e3d0efad,timing_skew
btx_77dbbc68ec,sett_ed7e00f434,exact
btx_4e2530cec4,sett_08530d47de,exact
btx_96777e1007,sett_2c8cb67187,exact
btx_9a16d8c470,sett_bc73b5df57,exact
btx_4bd8bfa6c9,sett_cbf2a2fbec,exact
btx_7200a3bb73,sett_9946d02289,exact
btx_f0a12866f4,sett_410aedec84,split
btx_8b49d675e8,sett_410aedec84,split
btx_2f839e4e4d,sett_7d82674399,bank_adjustment
btx_d04faea843,sett_e5d02cefa4,exact
btx_e161457891,sett_38632ffbf0,exact
btx_134be1475f,sett_2ff466a934,exact
btx_6e1cdae81d,sett_fde52ab20f,exact
btx_390ce005fa,sett_f8a8a40d24,exact
btx_10909cb0f0,sett_4079f0e4a5,exact
btx_321fc8a1d2,sett_97fbd8c2f3,exact
btx_7aef52eade,sett_41ac257001,exact
btx_422fbd9407,sett_556e0fd542,exact
btx_012a2d586a,sett_fe948d9b8a,exact
btx_589820f55f,sett_d60f2f6778,exact
btx_b6aba0c435,sett_6242b56498,duplicate_record
btx_49dde7365d,sett_0e249688cb,exact
btx_a4c2bc8de4,sett_a8400bf292,exact
btx_f68df17ec1,sett_a1804cb9a9,exact
btx_416daa54f0,sett_c3d2425926,currency_conversion
btx_e8ce0a734e,sett_8f111e0955,exact
btx_df39bd786d,sett_b5b20ce613,exact
btx_a92792c161,sett_ca802c89a3,partial_refund
btx_e1b9f1187d,sett_7a5950f138,exact
btx_7ae7d67fba,sett_3522d339a3,exact
btx_497b2a4833,sett_f8a41a90db,exact
btx_b5b46b13eb,sett_73fef49973,exact
btx_8f86b76f41,sett_641d4380b4,exact
btx_727cc5f4ee,sett_b4ecc5e5fb,exact
btx_1da01167f1,sett_62596958cf,bank_adjustment
btx_92556a565a,sett_c31061e07e,exact
btx_30a143930c,sett_91fb7322a4,exact
btx_c4d0bbe799,sett_da948c1e7c,exact
btx_db51185a03,sett_0669d133e7,partial_refund
btx_6328c07a41,sett_8237b59447,exact
btx_8019f47697,sett_6ec664d535,exact
btx_89fc0977da,sett_cffa1a907a,exact
btx_0faad87642,sett_d645277949,exact
btx_4ed85a480f,sett_0c667e8e55,exact
btx_b7599c9952,sett_1d58e93ecb,exact
btx_63dc2dca18,sett_0162d122aa,exact
btx_09fe56d787,sett_3247f592f7,exact
btx_005c6a9ff4,sett_9ff891e7f7,exact
btx_6083fc3bce,sett_b1d71b0016,partial_refund
btx_9a0b2fd616,sett_b2344ed7d1,exact
btx_495cbc0ef9,sett_6ad4d3f8c6,exact
btx_651c164908,sett_e16f61002a,exact
btx_4e22eebffb,sett_63fd35a200,exact
btx_cad47403ff,sett_846a73cbb2,exact
btx_0028c1ba5a,sett_c89766145f,exact
btx_4d3347d76d,sett_b2a9a51323,exact
btx_f4b2a15c4c,sett_1b522e6aff,partial_refund
btx_05bd5c39fa,sett_ce36589175,fee_discrepancy
btx_571ea6686e,sett_cc124c590e,exact
btx_9fc3e81577,sett_9c1dfe9f9e,exact
btx_67f7118616,sett_182f4644d4,exact
btx_40b17f4b1c,sett_ccced63064,partial_refund
btx_4142a259e4,sett_191d42a119,exact
btx_aec220f4a5,sett_6c8f9696ce,exact
btx_812e070a31,sett_d56aa9148c,exact
btx_1dbad58cf6,sett_a9d1851e6f,exact
btx_939b5ebe84,sett_895b0c93ae,exact
btx_cec42abbc3,sett_80b8b3c6c9,exact
btx_dd82327883,sett_32d14a1768,exact
btx_ad6fd60404,sett_9d43c9403b,exact
btx_81c73874a8,sett_43cb21055d,exact
btx_baed1933c0,sett_77a67ae046,exact
btx_d15832772a,sett_fa8400380b,timing_skew
btx_7573aa2eef,sett_4fce725754,exact
btx_0efc24a7b1,sett_66cbc2abe8,exact
btx_9e1d101541,sett_6bcbb2ce47,exact
btx_9ff16a8cee,sett_9b9afc242a,exact
btx_d15c0bcdfe,sett_ba23776477,exact
btx_219b638e73,sett_8e200e24c6,exact
btx_ef4963b314,sett_87cc12bbc4,exact
btx_0ccdfc12a7,sett_086c7a1bbf,exact
btx_0683564cd9,sett_a795e05dc4,partial_refund
btx_efaeec84d9,sett_3027f66346,timing_skew
btx_13f89815df,sett_63c0612446,exact
btx_6b4a9a00a0,sett_99c065eb12,exact
btx_14efd21690,sett_c29a7cd6cf,exact
btx_bf9f0f82e3,sett_d55a7bc88d,exact
btx_f73b559bc2,sett_1775a60725,duplicate_record
btx_12c86ed9c4,sett_58f2a72f5f,bank_adjustment
btx_860fce5c25,sett_1d3697de66,exact
btx_304674ecaa,sett_de3103ff8e,exact
btx_6792fcba23,sett_2cf4c636f4,exact
btx_f97ae40a7f,sett_f394b6b8b8,exact
btx_390195dffb,sett_2840af7f1a,exact
btx_2921f9abd1,sett_fa5c416c98,exact
btx_56da0b1b48,sett_736cde8e2c,exact
btx_217c073bc4,sett_774f13a63d,exact
btx_ddc4618134,sett_9b9717d967,exact
btx_b2fa765fd6,sett_79205092ab,exact
btx_d3bd00c33c,sett_46bcad43a7,split
btx_6eaff30f4d,sett_46bcad43a7,split
btx_8e3fbfe718,sett_241ce954c9,exact
btx_3f51652362,sett_1a215e5897,exact
btx_a2665651da,sett_78e752797e,currency_conversion
btx_3d4ca19f6d,sett_03b968126b,duplicate_record
btx_65e5837f8d,sett_ddec9f2751,exact
btx_7eff1511a2,sett_4e25437ba6,exact
btx_ca7165e267,sett_be5ee2ea6a,currency_conversion
btx_812b20d836,sett_aa39a488b0,exact
btx_09cc7ed816,sett_85c6a97ec4,exact
btx_cf95c704e0,sett_5092cad0d5,partial_refund
btx_19733c5898,sett_970cc6c7ea,exact
btx_bf2857042c,sett_58fd5e15e0,partial_refund
btx_ef0f55b554,sett_d1ba04fb08,exact
btx_b594934749,sett_f4149d5fcb,exact
btx_a604e66d1d,sett_2ba9b07568,exact
btx_246c7f49d3,sett_c02ce01898,exact
btx_574872edcd,sett_883d1af1c3,duplicate_record
btx_b0c5ac6da5,sett_bb9695a924,timing_skew
btx_130d89268d,sett_a1514d3d1a,exact
btx_0e556eb6f6,sett_46def8598e,exact
btx_10329f8a3a,sett_44af6bd796,exact
btx_bc17aa9c18,sett_c470ea3324,split
btx_5979019543,sett_c470ea3324,split
btx_bb063875a0,sett_9785990c64,exact
btx_78bf2f0b68,sett_94c441d7a3,exact
btx_bb93c65eb1,sett_79abe2e2ca,exact
btx_164e2c48b9,sett_94fb716770,exact
btx_ea8c7c5253,sett_8fbcba1ed0,bank_adjustment
btx_dd797c2367,sett_4a49dec157,exact
btx_59b3ccdfdd,sett_94a14ede7d,exact
btx_eaa2fb61c7,sett_96f1209c29,exact
btx_dd39a5de10,sett_0726b338bd,exact
btx_bb1399fd73,sett_f59d750afe,fee_discrepancy
btx_109e951244,sett_95346a01c1,duplicate_record
btx_986fd0fe58,sett_cdc9a3694f,exact
btx_653cc97681,sett_3707be79f9,exact
btx_27015d6b09,sett_567a667915,exact
btx_cafb3c3830,sett_1ceb482744,exact
btx_f7ed989d6d,sett_8ead917566,exact
btx_8cdca0ffcd,sett_fdd5956f30,split
btx_15747d462e,sett_fdd5956f30,split
btx_3f38e1e3c6,sett_91f4ff583a,exact
btx_63d7e8cfbc,sett_089b5a0dd6,exact
btx_6de86886ea,sett_bc92c8a285,exact
btx_144e90d6db,sett_1f596e06b9,exact
btx_4546cea630,sett_9bf9d2311b,exact
btx_76d37163fc,sett_b12461762f,exact
btx_3a87ee20d2,sett_6b03466cf0,exact
btx_192667c018,sett_2f3e67e8da,exact
btx_e989841b0f,sett_80eba03e9c,exact
btx_fe4d798b65,sett_46d62caac7,split
btx_763cf1694f,sett_46d62caac7,split
btx_85a44da1e4,sett_aa2bcbaf05,currency_conversion
btx_ba57745ecc,sett_2a69322624,exact
btx_8db381c439,sett_f6d811dcb6,exact
btx_01b81f9f83,sett_753b659872,exact
btx_81df3b1afb,sett_51b57a68c7,exact
btx_9ab2c84297,sett_5a3a37274d,exact
btx_a70915b877,sett_8ec5833c6d,bank_adjustment
btx_08ad138f7b,sett_2cea2f2903,exact
btx_01ff36acc5,sett_741927bb0b,currency_conversion
btx_21596abf6f,sett_7a42664ed5,exact
btx_6e69eb52be,sett_9d4afeb28a,exact
btx_f7107b08fa,sett_c987063b26,exact
btx_553bd33e18,sett_ae47feab43,exact
btx_b44f8db760,sett_5d1b8c96e7,partial_refund
btx_823063e4be,sett_963a1774aa,exact
btx_81755bf88c,sett_8574c09f02,currency_conversion
btx_6e8b57725d,sett_479bc75e92,bank_adjustment
btx_d4a811d7b2,sett_d43d6d4170,currency_conversion
btx_c4b7f4e061,sett_9089e8d8ea,exact
btx_b9277cbb87,sett_c23d478e8f,exact
btx_8d22a8d7f9,sett_e7941c898e,exact
btx_e7b1c5edfe,sett_4548b65fed,exact
btx_9ce0480ca1,sett_94373854f9,exact
btx_858649c4a0,sett_bdaeb7a85f,exact
btx_c7523f11b3,sett_0f6aac4192,exact
btx_936faa0e56,sett_6fe52f5bb5,partial_refund
btx_4d5c401612,sett_aa9d7dbb2c,duplicate_record
btx_40154778b8,sett_cdbb98f270,exact
btx_f434849985,sett_a8853fdde1,exact
btx_592514eea0,sett_7ae5156e20,exact
btx_40f8125b1f,sett_5e34408bf7,exact
btx_2d8d05678b,sett_da7cebdf38,exact
btx_7baa84de0e,sett_0b02fd8b0b,exact
btx_f1e433decb,sett_2007a07470,exact
btx_5d432a80fb,sett_248e20516d,exact
btx_cd18e95eb2,sett_e54dbf9738,exact
btx_cd361d7045,sett_f1112512a5,currency_conversion
btx_d7750b92ef,sett_701ca14173,currency_conversion
btx_2b0dc137ff,sett_22d1e9e258,timing_skew
btx_d2b3e55349,sett_6605a833ce,split
btx_aa2e3b73f8,sett_6605a833ce,split
btx_dbcfe4dbd9,sett_94fe6ca86b,exact
btx_6fe4a09619,sett_6e1a33e6eb,exact
btx_c661450f64,sett_ab004b9e97,exact
btx_cb8a20b97f,sett_71b2092ba8,exact
btx_72731c7a14,sett_ef41d7fe72,exact
btx_0c0c1faba8,sett_a3dbe0af0d,exact
btx_9da732fc4b,sett_3d336a7dbd,exact
btx_49f48e66f4,sett_a8df34f353,exact
btx_26991ccba5,sett_522d0ded66,bank_adjustment
btx_b4c7f0995e,sett_6abc788a09,exact
btx_60b5160443,sett_5676ecc3fd,fee_discrepancy
btx_688a1b021d,sett_d0ed92001a,exact
btx_295fd8c26e,sett_878a688841,exact
btx_383b3dfaff,sett_6c9cb1772e,exact
btx_56541461c8,sett_efa0ad918f,fee_discrepancy
btx_6b0db4cf8b,sett_25b16fca93,exact
btx_153be2429c,sett_158042f72f,exact
btx_ee99a34468,sett_f147ff6d2e,currency_conversion
btx_9c5c662878,sett_3b81e3661e,exact
btx_026c1fd04f,sett_b8857a1cb5,split
btx_7bdaa18af4,sett_b8857a1cb5,split
btx_974ca8dcf9,sett_447d357ea4,exact
btx_d90a3e2a34,sett_dcc4ac35e7,exact
btx_c725a17bb7,sett_14a3a38ead,exact
btx_85cc8dfe54,sett_4041f46f75,exact
btx_4bd069f7ce,sett_c52c984727,exact
btx_47f86f5c96,sett_93f43c088a,exact
btx_15f361f9f9,sett_5997c2a1e1,timing_skew
btx_c0f6141357,sett_ee39e0ab45,currency_conversion
btx_2ac4efc2c0,sett_b4a000ce25,exact
btx_32dcdfa761,sett_300eba7177,exact
btx_6bde294d14,sett_866b8f0b1b,exact
btx_39e1e4d00d,sett_ec4d1c40ab,exact
btx_a66c5d8d85,sett_96fc471170,fee_discrepancy
btx_8caf3bd90a,sett_02f6337a19,exact
btx_a67466cc78,sett_0f21f1ff5b,timing_skew
btx_3037ddd730,sett_94c8a1323b,currency_conversion
btx_8027b61e5b,sett_f1b1db2601,exact
btx_76229070ab,sett_3a2d2a0bd1,exact
btx_2a2585019e,sett_37b985285e,duplicate_record
btx_8f5332e8f7,sett_bfaf41b8ad,exact
btx_eaf42f293d,sett_802d640930,exact
btx_faef9f253c,sett_2395fe2459,partial_refund
btx_6246dbdf87,sett_04de4feaa5,exact
btx_1208916d17,sett_f9efa30311,timing_skew
btx_039d0f6f20,sett_628585f8d7,exact
btx_795284c201,sett_1198ccc954,exact
btx_2960e0365d,sett_f9fbdd704c,exact
btx_de99a0bf3c,sett_ee1e5ec446,exact
btx_63dc97e56b,sett_53d424b61c,exact
btx_5614eca08f,sett_5c1509ac3d,exact
btx_f95b2e4957,sett_99fedcce76,bank_adjustment
btx_5544ac0ccb,sett_05c37db1f7,exact
btx_a26148c696,sett_df08c7cd02,exact
btx_72d1ae393b,sett_ebbf6c662d,fee_discrepancy
btx_f3dad14ffd,sett_f752195691,exact
btx_a1f49ba3ee,sett_b36cb7d3a8,exact
btx_002ba3d1b3,sett_00d21a89c0,partial_refund
btx_b4b157559a,sett_a079991bca,exact
btx_4239a71fad,sett_5fecd7201d,exact
btx_2035f9eab5,sett_dccf7e37fb,exact
btx_b706ea5006,sett_e104176f1b,fee_discrepancy
btx_7e303fcf0b,sett_6f57ef5714,exact
btx_8a508a54a5,sett_48753c0f66,exact
btx_cd27e78e76,sett_679320194d,duplicate_record
btx_723a271c4a,sett_97e8a8bc68,bank_adjustment
btx_46383a15c6,sett_ba5b08b88a,exact
btx_3a9b258ea8,sett_3c044a8eaf,exact
btx_3a09396bd2,sett_385b3bce8c,exact
btx_61362bf5f4,sett_d145454919,exact
btx_0533df3ac6,sett_c06d452af5,split
btx_b47946ae6a,sett_c06d452af5,split
btx_08a227756f,sett_daed30c80c,exact
btx_6ffc38898f,sett_247194b787,exact
btx_539208998e,sett_c7b053c74a,exact
btx_97a5bc8015,sett_84c84710c0,exact
btx_96e715dc83,sett_2846ccd33c,duplicate_record
btx_b517411349,sett_6945aca125,exact
btx_83b6454038,sett_cc7419bb08,exact
btx_2e8302421b,sett_0648490d86,exact
btx_635b3bd162,sett_92e3744488,exact
btx_dc018c461d,sett_841d995ff3,fee_discrepancy
btx_9482ade7e8,sett_ed2176e4ce,exact
btx_a93e786020,sett_61a8147e30,exact
btx_acda0cfd7c,sett_907db64e9a,exact
btx_5418bf01d1,sett_c659ea71d0,exact
btx_2cd48afce6,sett_729a96ab81,exact
btx_819f577ca8,sett_f74dc9b7f1,exact
btx_c033df4cba,sett_22d2e5a692,exact
btx_47a25e7b34,sett_c01038591e,exact
btx_5469e9227b,sett_9ed2642268,exact
btx_f7f10e5e96,sett_73e6a937a3,timing_skew
btx_8047a6a0b7,sett_d16f715617,exact
btx_0abfdd6a97,sett_3d7f7e50cd,exact
btx_e16f661d69,sett_7c6a58b141,exact
btx_be8c36860b,sett_db55c64bca,timing_skew
btx_a6e5c4fe81,sett_0e050f38d2,exact
btx_dd563cf12f,sett_456e8fe58d,bank_adjustment
btx_db59b999ee,sett_61bd0c158b,timing_skew
btx_0ef2269e8d,sett_8d2b07a267,exact
btx_5532629b67,sett_506b5fc106,split
btx_c6e68525f7,sett_506b5fc106,split
btx_0ae6e67d2f,sett_ccacae83ed,exact
btx_9c1a1f69a0,sett_ac0062062a,exact
btx_faed169b1c,sett_51572ccad6,exact
btx_faca5bae4d,sett_d461d3647f,exact
btx_8bfe77359e,sett_7cac7c3b46,exact
btx_124e356604,sett_36826719a2,exact
btx_9e07f27c51,sett_71ecb5b3a9,exact
btx_758356cb21,sett_f75d79a392,split
btx_e50f1c5e41,sett_f75d79a392,split
btx_1980449f1f,sett_3602256ad4,exact
btx_d1974ec5f4,sett_d7174419b6,exact
btx_c530eee52c,sett_65ff3d223a,exact
btx_87964651e6,sett_89b3921ace,exact
btx_c7650d3528,sett_c53fe456f1,exact
btx_c4b3d87318,sett_2ebb516fe0,exact
btx_be1145d372,sett_9d720b3bb2,timing_skew
btx_584dc332ea,sett_2cbaff1d14,exact
btx_51da397863,sett_9ec0257f9e,exact
btx_7469f9ca34,sett_223e54398b,exact
btx_7435a24922,sett_f864f8dc45,timing_skew
btx_0260e84b06,sett_94b1b80216,exact
btx_0b434466d8,sett_8bcd7e6844,partial_refund
btx_d9382c0020,sett_b133cb9b45,duplicate_record
btx_d12acc3482,sett_c06ee861c1,exact
btx_1241846306,sett_4ffe6ac950,exact
btx_e39f64b009,sett_7ad9b6bce4,split
btx_1069fc0f47,sett_7ad9b6bce4,split
btx_417df45f40,sett_1eac3644bd,partial_refund
btx_ddddec9080,sett_19eaccf69b,exact
btx_c1735464cc,sett_610bc52ec5,exact
btx_cf963cc153,sett_9cbb3c14d4,exact
btx_c7c29b14fb,sett_29901b904b,exact
btx_c7723351c0,sett_71e9db6ea8,bank_adjustment
btx_baf76a5adb,sett_15ef69bf97,exact
btx_fe235b5288,sett_89cc21271d,exact
btx_39300b0ea3,sett_835595d3a3,exact
btx_7c11926b60,sett_3ead66e090,exact
btx_80e422991e,sett_efb1d13df4,duplicate_record
btx_aeaa8b5ecf,sett_70122f612a,partial_refund
btx_ac91ddaf36,sett_a32e20214b,split
btx_299f62f1fa,sett_a32e20214b,split
btx_e297040ef3,sett_61318fd565,exact
btx_a8b7c938f2,sett_64fd502e76,exact
btx_803cd99137,sett_798fb949d9,exact
btx_83bd8aebd4,sett_308d9e9ffb,exact
btx_90225bb123,sett_5db5f5ca3c,exact
btx_d6f0b5a0a4,sett_3c7b795532,fee_discrepancy
btx_febcff026d,sett_c6ad205524,exact
btx_cb186626ac,sett_760ca21a56,exact
btx_2dbf47fa16,sett_4ee436702d,exact
btx_db95aeb97d,sett_f65950be7a,timing_skew
btx_f72cad06b8,sett_8bc5a9e411,exact
btx_cc83bc59bd,sett_2ed949ee35,exact
btx_ff92ffcbe9,sett_82e1ac0dba,exact
btx_c3284d8d05,sett_787e7eb9c6,split
btx_77d28e16e5,sett_787e7eb9c6,split
btx_4e10aaae6c,sett_80ac0a6d92,exact
btx_04597a7e95,sett_111a177a57,currency_conversion
btx_7cf78959f4,sett_22f0c268a5,exact
btx_3f857a6172,sett_d1927ee4e0,exact
btx_f7de3be534,sett_9514f7af8d,exact
btx_09961a2006,sett_26a9e97c89,exact
btx_f5f0d1277b,sett_cf24209c02,exact
btx_c33d59ebe9,sett_2e82841ece,exact
btx_84e0a7aee1,sett_f29cf16b41,exact
btx_160c0fa815,sett_ce2d560f16,split
btx_eb3fc45656,sett_ce2d560f16,split
btx_8754a4ede8,sett_19bcc396d5,exact
btx_5c278be350,sett_2c8e9f601b,exact
btx_abc389107d,sett_d2302919c1,exact
btx_a937cdef13,sett_e2f81d4ead,currency_conversion
btx_ed561da0f7,sett_5e17a4cc1d,exact
btx_0245828fbf,sett_f6eeca807f,exact
btx_c02f28f08e,sett_465746d933,exact
btx_89ad31047d,sett_421ccc94b1,exact
btx_32e2009d4a,sett_d0634511eb,exact
btx_d67ca323c6,sett_3f529ea88f,bank_adjustment
btx_8c8c96d864,sett_af3315086a,exact
btx_787ebf2db8,sett_38ba2d7c56,bank_adjustment
btx_91c2b51994,sett_b33f87a1ed,exact
btx_218c3cb9e3,sett_9453693644,exact
btx_d3d635a194,sett_9c48812a46,currency_conversion
btx_6cd78b29d2,sett_60d8f58c9d,exact
btx_f2da49b98b,sett_55ac197445,exact
btx_0ddb25785e,sett_515c504f49,exact
btx_9a84bd82c4,sett_ebaaadb5f4,exact
btx_a1174fba8e,sett_c6ae0b5b43,exact
btx_20329f28d8,sett_2aa482e7a2,exact
btx_16f92eb3ca,sett_05fd2117cd,exact
btx_8f5fb640d2,sett_0eee97d8ae,bank_adjustment
btx_4eea5a912f,sett_cdc737caa5,currency_conversion
btx_e347d6d139,sett_e5659ce0c6,exact
btx_21070c8f3c,sett_3fdb9915bd,fee_discrepancy
btx_f7b9ee7f1d,sett_29026c678e,partial_refund
btx_fa693586c2,sett_88322936dc,timing_skew
btx_d4ae5e2217,sett_e95b27b5c9,exact
btx_d868efe3c3,sett_7156f0876c,exact
btx_48e399850e,sett_30c40c1680,currency_conversion
btx_a1e6f96719,sett_1b582e4d08,exact
btx_ce13b46315,sett_cf4635ea8d,exact
btx_f274251bc6,sett_142e7c71b9,exact
btx_d592bb39a2,sett_45a001da22,exact
btx_682ed8bdd4,sett_4a378fcc21,exact
btx_30f9060664,sett_e6af05ce9b,partial_refund
btx_cc06e75799,sett_2064d20bdb,exact
btx_192f30eff9,sett_77bd46c1b4,partial_refund
btx_d8d39c7759,sett_61362a9de2,exact
btx_577d7d1cdf,sett_6efb316231,exact
btx_d68c753625,sett_8f9b895964,exact
btx_fe6f1799c3,sett_24e2b6fbcd,exact
btx_7707819a68,sett_d3fe93b4cf,exact
btx_8155e26983,sett_63794779b6,currency_conversion
btx_de3a4ad954,sett_e1da41a2bb,exact
btx_c928bdbb18,sett_5be1a8862b,exact
btx_e0d52b960e,sett_d98a0227af,exact
btx_c1a0fe52af,sett_a0baedf3c2,exact
btx_d2fb456672,sett_77e882e8d4,exact
btx_c38b6195c7,sett_e336807fd3,exact
btx_2d038a7ff0,sett_febc6f4a63,partial_refund
btx_61f5e4dd25,sett_d4253563a0,exact
btx_b47848b8c5,sett_65d4106af5,exact
btx_1226072ef2,sett_89046fd3ef,exact
btx_ee1eb47a04,sett_b72b0a368e,exact
btx_88c9e0aeba,sett_4c71ba2182,exact
btx_f111b2e48b,sett_9e62e6db75,exact
btx_cbb278ff9c,sett_e57488ed65,currency_conversion
btx_ab058b24a4,sett_adad52359b,exact
btx_697dfe77a3,sett_4354259847,exact
btx_c5072c902e,sett_ce126d98f2,exact
btx_a4e97b195b,sett_66974496c8,exact
btx_bd6ad6741d,sett_5f53f9cce4,exact
btx_a2f07a5682,sett_ffb760b7cf,exact
btx_6803ed556a,sett_6658ced840,exact
btx_30f0078a53,sett_aca895c3ea,exact
btx_ba3cb2116c,sett_26b2a4a639,exact
btx_8ffdd01d1a,sett_ec2b7707a2,timing_skew
btx_135f2053a2,sett_5c4689d0b9,exact
btx_e770255624,sett_5a080c9b34,split
btx_37cc533c54,sett_5a080c9b34,split
btx_1fe81778f2,sett_1f4b95cc2b,exact
btx_6d66b41d47,sett_72c9105c0f,bank_adjustment
btx_d59d99104b,sett_6463dba0c3,fee_discrepancy
btx_2fca2611e8,sett_7135624013,exact
btx_b667d8ed74,sett_eda9eda7d8,exact
btx_5618613af7,sett_e940f5327e,exact
btx_8d73364131,sett_f346ae655d,timing_skew
btx_f70411cece,sett_74665f74e8,exact
btx_9813dbae99,sett_6379cbf907,bank_adjustment
btx_6a2e76215f,sett_c174d116d2,exact
btx_441444e39d,sett_e255db0a40,split
btx_43a2d23e6e,sett_e255db0a40,split
btx_443f248c65,sett_6b3d101d63,exact
btx_50da8ee3eb,sett_79f4962c1c,exact
btx_8f1ba3c0e8,sett_703b040745,exact
btx_e6d47fd111,sett_ef1b8a7adf,currency_conversion
btx_7791eb6447,sett_6136e53c89,exact
btx_421df254e4,sett_9589a386ad,exact
btx_43ce37e05c,sett_1b0621cf95,fee_discrepancy
btx_3072f9c583,sett_e221ca523a,exact
btx_c71a0468d2,sett_ffed89487b,exact
btx_2a98dc7f7c,sett_f49d5b927e,exact
btx_c06afcb736,sett_11209583b7,fee_discrepancy
btx_ba49b04083,sett_6c8e1034a8,exact
btx_f7570bb92f,sett_70b27f06da,exact
btx_c2d12ea9b3,sett_56894cf309,currency_conversion
btx_649c64344c,sett_a73682419e,exact
btx_d5398561ef,sett_308eaaf476,exact
btx_fa914e1958,sett_51410a44c2,partial_refund
btx_2b261ccd80,sett_1547904b97,exact
btx_8c44d399f8,sett_212d168536,exact
btx_3c98ecc28d,sett_30e70829b3,exact
btx_fa346e7c9b,sett_fe02c6a6f6,exact
btx_d1154c584c,sett_c604725dc8,exact
btx_68555cd6de,sett_00a6b9c8d8,partial_refund
btx_2d543b853c,sett_c529a59b69,exact
btx_ab27efb3cd,sett_f852510db2,exact
btx_f4f4fdd7ed,sett_2e3ce0cad6,exact
btx_608c67e3e0,sett_b5f9f59967,exact
btx_34360b5c45,sett_90e83e3bdd,timing_skew
btx_07828d7c03,sett_22b173ab79,exact
btx_97fa6424e3,sett_90d78a5d63,partial_refund
btx_e386675fb9,sett_0e5f864298,partial_refund
btx_1c09aafddb,sett_bdd3888458,exact
btx_7a9b042815,sett_b88a464871,exact
btx_2b66a5a22f,sett_34000d31f1,exact
btx_ac3b29e7a6,sett_1c1d6b181e,currency_conversion
btx_c3d8bcb093,sett_f6b7322f8b,exact
btx_fccd4a52a0,sett_f26e1d48bb,exact
btx_46d1481824,sett_cced92a694,exact
btx_24e0bade4c,sett_7074806b65,currency_conversion
btx_38c1e03d68,sett_f60e7da548,bank_adjustment
btx_9ed779116e,sett_d8f665fc99,split
btx_0fbc74c7a9,sett_d8f665fc99,split
btx_53b298dcca,sett_df9873fee5,exact
btx_a6c3dde2c1,sett_f50eaa4d4c,exact
btx_9f2576d879,sett_50e81eac5b,exact
btx_ae7a405d80,sett_044cfafc91,exact
btx_68eeafe56b,sett_1d5a4a6d0f,exact
btx_99fa1a7a96,sett_7a51791fcc,exact
btx_d0d730edd6,sett_1fbdbe5678,partial_refund
btx_fd1122b8ba,sett_d7b13dd20a,exact
btx_6a4f8596f3,sett_c73faa3779,exact
btx_66a8f51dae,sett_7d0b282b4d,split
btx_bed0dd7177,sett_7d0b282b4d,split
btx_6ab80c2c25,sett_2af6a3d4be,fee_discrepancy
btx_bb9fea95f8,sett_a22e5c9de9,fee_discrepancy
btx_26f0e0920d,sett_f3ce41a8fb,duplicate_record
btx_b4739afe89,sett_d3b4a9006d,exact
