settlement_id,payment_ids,root_cause,expected_net,actual_bank_amount,is_explainable
sett_bac5b4c642,pay_ac3faf06c9;pay_f9749185b1;pay_f2a96b5385;pay_6a01bf2f26;pay_0291976f7f;pay_9f2d9ecadf;pay_b79961fe54,none,26630.56,26630.56,True
sett_64ffab5645,pay_9bdc324076;pay_48bd9b62a7;pay_077dad87e0;pay_4db5b915b3,none,15613.47,15613.47,True
sett_dcc6105ab2,pay_c498f16e09;pay_9d0b51a312;pay_6ef185ed41;pay_45fddd41fd;pay_cc13ca58e5,none,2165.29,2165.29,True
sett_9c1924542a,pay_a5992c47b1;pay_10a756e996;pay_c22cc077be;pay_8a8b363590;pay_e3ecbe96b0;pay_e55a68bb2d;pay_dd0535bcec,none,6095.82,6095.82,True
sett_eb79d6acba,pay_ae31ac33d4;pay_5fe89a1a02;pay_82d2811046;pay_d4ac3fbb6e;pay_8f1c724961;pay_a1bd912ef3;pay_a588cbd2f2;pay_b7a1ed184b,none,18904.58,18904.58,True
sett_454961fecd,pay_aba0975df6;pay_87c13cc7b7;pay_a80c0da1f7;pay_c0e7295d36;pay_4d8f270a52;pay_54d3fd088b;pay_27f7c51797;pay_252660f33c;pay_8563d2749f,none,4617.64,4617.64,True
sett_705ae64c5a,pay_3e9c3bb269;pay_44e32fa9e5,none,39762.9,39762.9,True
sett_5ebacb3627,pay_8270cf5f8f,bank_adjustment,651.33,194.41,False
sett_005760c62e,pay_b532968c0a,none,3487.61,3487.61,True
sett_0c20f81711,pay_118a851c25;pay_83dfd8ca44,fee_discrepancy,10528.28,10491.71,True
sett_0b8091ffc2,pay_fa4b502e5a,none,253.42,253.42,True
sett_14957842bc,pay_f0a73ba9ef,none,1253.43,1253.43,True
sett_3001725cb9,pay_219e481026,missing_settlement,912.93,,True
sett_0f7797b946,pay_31e47c129e;pay_72fd5d74bb,none,28090.13,28090.13,True
sett_94c2e0aab4,pay_18f0817a05;pay_adc1b5d0be,none,8402.63,8402.63,True
sett_958fa60709,pay_138b76f135,none,7263.76,7263.76,True
sett_b05192c61d,pay_13594bd1b0,split_settlement,1891.2,1891.2,True
sett_8f6394c4bc,pay_d303abcd22,partial_refund,574.13,409.79,True
sett_1ddf7adb3f,pay_3f422e2ed7,none,5059.34,5059.34,True
sett_49aef2d66b,pay_60e61970e1,none,6921.65,6921.65,True
sett_494cc35014,pay_f397582e87,none,30803.24,30803.24,True
sett_f456ef0855,pay_bb35eab940;pay_aca347ed9e;pay_197b08ecc0,none,41511.54,41511.54,True
sett_6eba3291d2,pay_0b6d6ae2ec;pay_8f0e93597c;pay_d0c702008d,none,14677.92,14677.92,True
sett_9f9e1d9d69,pay_5dbd2fbef7;pay_d169cd82e0,none,539.63,539.63,True
sett_a82ab42547,pay_a9800bea38;pay_7785c30ee3,none,1191.7,1191.7,True
sett_53f40b1f89,pay_444ad07a31,fee_discrepancy,6536.52,6439.63,True
sett_4d15a765f7,pay_4a07ce129c,partial_refund,44447.31,39223.68,True
sett_b2a9f39f18,pay_3f40091e4f;pay_bbb5f2ccb1,none,1299.89,1299.89,True
sett_87372a519f,pay_e104396bdf,none,108.66,108.66,True
sett_43ce38656e,pay_d253fe05b3,none,219.75,219.75,True
sett_2fa1818ab1,pay_506e5fd94e;pay_0d6238fc76,none,6.37,6.37,True
sett_a4873b64ca,pay_e6210a6d50;pay_4e0bccd09c;pay_ebafe7f365;pay_94443ac50f,fee_discrepancy,35103.56,34960.07,True
sett_da924a8b99,pay_52dad162ea;pay_513d5d7d2d;pay_efc0d63595,none,1262.09,1262.09,True
sett_4ebbca3a08,pay_2b006fcdab,bank_adjustment,4008.86,3674.99,False
sett_e98d40475b,pay_e8cfb14e85,none,3398.64,3398.64,True
sett_d7232dd72c,pay_46bb632827,none,969.87,969.87,True
sett_d5476c9774,pay_e856bf77a9,none,-20.41,-20.41,True
sett_fe66c02365,pay_7f4b313a2b,bank_adjustment,392.55,212.37,False
sett_67f164d83c,pay_162b10d395,none,973.23,973.23,True
sett_8d9df56ffe,pay_f8009ca2fe,currency_conversion,17481.78,17403.1,False
sett_f8af62a570,pay_eb67f62bad,none,1765.57,1765.57,True
sett_069d9c7f26,pay_a43e3f8d75,duplicate_record,795.86,-19.23,True
sett_37219b582b,pay_2928ff2f84,partial_refund,10632.82,7593.26,True
sett_1e76f1d0f0,pay_c3d7d29f21,none,595.19,595.19,True
sett_1429000de5,pay_b1b0bab202,none,3766.37,3766.37,True
sett_b46ab605a7,pay_5c1aa97558,fee_discrepancy,783.91,676.3,True
sett_65288942ea,pay_f82d944ded,none,1170.03,1170.03,True
sett_78068c8a3b,pay_040768c720,none,11214.34,11214.34,True
sett_15b1b123be,pay_6ed2f0a555;pay_eeb2f7b8e4,none,28708.05,28708.05,True
sett_0ad47b9418,pay_f6686cd9c4;pay_6320d7953e;pay_5b071e9caa,none,2461.3,2461.3,True
sett_c4b7863b92,pay_4a9f2d42c2,currency_conversion,873.83,871.3,False
sett_9f57f01b82,pay_e68ffaa35f;pay_793838d3fc;pay_e8cf2dfc55,currency_conversion,7738.18,7723.6,False
sett_d486c0352d,pay_57e03ab864,split_settlement,3057.89,3057.89,True
sett_e360900dfe,pay_616b4d4148,none,13543.08,13543.08,True
sett_892c2bd8a0,pay_76dbd0fb0c;pay_439f756979,none,1869.83,1869.83,True
sett_ccca9aeae2,pay_d04274d3e4,none,583.93,583.93,True
sett_da6b6a8985,pay_010edef158,none,1232.73,1232.73,True
sett_41f5c37f45,pay_7afc9999f1;pay_377d577f83,none,16947.85,16947.85,True
sett_f13f3e591d,pay_22be6e427c;pay_ccb8045242,none,28656.6,28656.6,True
sett_9cefab750f,pay_3a1916e1c9;pay_a8fc7aa623;pay_0f877ec0b0,partial_refund,2489.95,2267.68,True
sett_dabaadf1e2,pay_73af198dfe;pay_dffd59420a,fee_discrepancy,7905.55,7879.27,True
sett_a1aadedbc5,pay_4826ea0594,bank_adjustment,1306.92,1128.55,False
sett_dc6f4db7ce,pay_b734627cec,bank_adjustment,841.97,648.61,False
sett_be2104ca76,pay_b19923f580,none,533.53,533.53,True
sett_0621a5c455,pay_d8e878678f,duplicate_record,10868.53,-262.69,True
sett_085d8e5036,pay_3d59c4f3d1;pay_8319e2330a;pay_8a1f6b9b58,duplicate_record,18743.52,18198.31,True
sett_c411272df2,pay_2714a19014,none,1502.28,1502.28,True
sett_d7f1078bb9,pay_b2d3808616,timing_skew,1668.91,1668.91,True
sett_967e5e9c5a,pay_beb37b198c,none,817.06,817.06,True
sett_91e9ed45e5,pay_6c9fec68b8,none,284.16,284.16,True
sett_a5f0ea4772,pay_6bc1db72ce,bank_adjustment,37450.11,37166.5,False
sett_dfa8a6fa19,pay_9d4edaac54,none,4484.05,4484.05,True
sett_7b0db31503,pay_fc4ae9853a,none,921.07,921.07,True
sett_f44f54a13f,pay_31aeb3586e,fee_discrepancy,-94.38,-127.31,True
sett_8a3b0296f3,pay_81120a6841;pay_a506e18716,none,1837.27,1837.27,True
sett_1a6b55bf59,pay_6aaa9fbd29,split_settlement,671.28,671.28,True
sett_4396a505c7,pay_8d9f96d7d0;pay_e5b21164dc,none,127.71,127.71,True
sett_fb6c59fbda,pay_2bb294e160,none,1325.33,1325.33,True
sett_1aad053b3a,pay_db5f7e6007,duplicate_record,991.14,-23.95,True
sett_b1a1b1711c,pay_ccdd7e875d,partial_refund,855.09,719.55,True
sett_448dddde80,pay_c3591db20d;pay_8d61d773c8,currency_conversion,30333.81,30269.56,False
sett_01f200c38c,pay_792ca44da7,duplicate_record,841.44,-20.34,True
sett_ffa237eecc,pay_e2b7da42f1;pay_21ef1f3375;pay_4d50b4ef63,none,2976.68,2976.68,True
sett_2f1fc6f109,pay_84ad1d1aa8,none,-20.25,-20.25,True
sett_b09230518c,pay_da0e22a20f,none,11064.36,11064.36,True
sett_4860dfacc2,pay_e689c9871c,split_settlement,41713.28,41713.28,True
sett_f74ec773da,pay_ab81681947;pay_8f0b510123;pay_070ac0e14a,none,8693.15,8693.15,True
sett_ac9e276c05,pay_96d9e9c787,none,11356.25,11356.25,True
sett_699fd7a04d,pay_d8ecccd4e7;pay_e6fb4a277e,none,13457.7,13457.7,True
sett_cd31ff0f93,pay_9909510664,none,-205.11,-205.11,True
sett_e12b36335e,pay_3bf13fe5ed;pay_7ff4999059,none,2865.43,2865.43,True
sett_b10a8c65f5,pay_52144d5749;pay_773ef4171c,none,976.48,976.48,True
sett_15dc29bc65,pay_2fc8a56689,split_settlement,1352.55,1352.55,True
sett_222e565845,pay_d282f68cf2,none,-894.07,-894.07,True
sett_007fbc1252,pay_2e7ddf0874;pay_5f492ab727,none,6134.48,6134.48,True
sett_d469b54aec,pay_a585543422;pay_0215879d2b,none,10528.79,10528.79,True
sett_a117c9f253,pay_507e48763d;pay_287795b09d,none,11775.26,11775.26,True
sett_9df4957bf1,pay_2a2dfc1c9a,none,1198.16,1198.16,True
sett_7f5c1ad5a0,pay_1d39fa2524,none,510.66,510.66,True
sett_24e58839dd,pay_c444117618;pay_8292d43d29;pay_453ddacdf0,none,19280.68,19280.68,True
sett_f8033dfbbd,pay_67bdfbb7dc,none,534.5,534.5,True
sett_9a0f3d0d8b,pay_ba71ac4d69;pay_d1e3ae2a1f,partial_refund,46413.66,37658.18,True
sett_8723016d32,pay_223f1248c4;pay_d896c3fccf;pay_a22a51ee7f,none,6970.08,6970.08,True
sett_dfbede2c5f,pay_ba76494aae,none,1288.86,1288.86,True
sett_3b0ee502aa,pay_241fa824b5;pay_94773c69b2,none,2201.73,2201.73,True
sett_f528e08a5c,pay_22c5b4ce72,none,11579.92,11579.92,True
sett_3e48450c73,pay_df383cf639;pay_2de951a7b1,none,4090.27,4090.27,True
sett_d05e647490,pay_da6f83783a,none,1170.99,1170.99,True
sett_7a56ca201a,pay_7c08934b0b,duplicate_record,149.21,-3.61,True
sett_160b26057f,pay_755f65d1cd,none,7889.52,7889.52,True
sett_27ee67ee49,pay_4fdc4849f5,none,-21.81,-21.81,True
sett_a8952d5244,pay_eec66f7ae3;pay_bed5221025;pay_248979f068,partial_refund,5898.19,5722.74,True
sett_5ec2b923ca,pay_5f1ab6bb51,none,1337.33,1337.33,True
sett_07b4be4f47,pay_30343898dd;pay_6e25b5ce7e,none,5975.97,5975.97,True
sett_da2dbc2274,pay_8423301bda;pay_e335c2ef18,none,2355.38,2355.38,True
sett_56f33c48e6,pay_fc5d0bd3e0,duplicate_record,253.5,-6.12,True
sett_f578e9ba67,pay_940b454c4d,none,657.77,657.77,True
sett_532d2baca2,pay_be62b9b4bf,timing_skew,2503.05,2503.05,True
sett_7267ed77aa,pay_e8de2c67c8;pay_9d39cbd23f;pay_4ae3958685,missing_settlement,5781.09,,True
sett_9d3035abb4,pay_774138f6fa,none,1134.08,1134.08,True
sett_0d263d37a8,pay_9ae43ec5a4,none,11486.09,11486.09,True
sett_b0f8396bfd,pay_6a56218443;pay_8fc322154d;pay_a8603a46c9,none,30405.46,30405.46,True
sett_bd4f53ea2a,pay_fd2a9ec733,none,11527.85,11527.85,True
sett_f287748cc6,pay_cd4d145ce9,none,933.29,933.29,True
sett_1e62bbfb9b,pay_896fc2153a,timing_skew,5982.62,5982.62,True
sett_e7e3d0efad,pay_edc8e944eb;pay_10115a9480,timing_skew,14086.66,14086.66,True
sett_ed7e00f434,pay_1bdbe718f2;pay_070b817b82,none,21829.37,21829.37,True
sett_08530d47de,pay_2549502a24;pay_d19138af4d,none,31026.85,31026.85,True
sett_2c8cb67187,pay_dfee40bcf0,none,848.24,848.24,True
sett_bc73b5df57,pay_5aba53d57f,none,563.58,563.58,True
sett_1ff3595a6b,pay_92ae2d589b,missing_settlement,1232.06,,True
sett_cbf2a2fbec,pay_3806ca4229;pay_fb14682764,none,13524.59,13524.59,True
sett_9946d02289,pay_c20bd2df2b,none,164.04,164.04,True
sett_410aedec84,pay_86dcf8be62;pay_664c7f97d7,split_settlement,2861.04,2861.04,True
sett_7d82674399,pay_b2262c5b9c,bank_adjustment,4269.56,3890.12,False
sett_e5d02cefa4,pay_0047cfd8d1;pay_aa64ec4f8d;pay_91bf21a851,none,19644.36,19644.36,True
sett_38632ffbf0,pay_d1243d1c72,none,4443.68,4443.68,True
sett_2ff466a934,pay_345d35d4bb,none,8747.28,8747.28,True
sett_fde52ab20f,pay_0f0e978d93,none,1795.82,1795.82,True
sett_f8a8a40d24,pay_9363c4c132,none,3900.48,3900.48,True
sett_4079f0e4a5,pay_007019bf79,none,13713.03,13713.03,True
sett_97fbd8c2f3,pay_4284520666,none,5234.75,5234.75,True
sett_41ac257001,pay_f646951d27;pay_910ffee761;pay_ecbb8ba043,none,16148.14,16148.14,True
sett_556e0fd542,pay_4b72b539fc,none,9396.33,9396.33,True
sett_fe948d9b8a,pay_e632941b46;pay_3676315388;pay_9faa7f542a,none,33903.03,33903.03,True
sett_d60f2f6778,pay_0ce03b3354,none,223.33,223.33,True
sett_6242b56498,pay_bd7155f276,duplicate_record,7832.56,-189.32,True
sett_0e249688cb,pay_5b15b298f8,none,1717.89,1717.89,True
sett_a8400bf292,pay_c4d8e30b2b,none,233.17,233.17,True
sett_a1804cb9a9,pay_00cec5680a;pay_701afa7e88,none,10922.06,10922.06,True
sett_c3d2425926,pay_101d6427c9,currency_conversion,340.95,340.11,False
sett_8f111e0955,pay_d14ea34bd6,none,650.51,650.51,True
sett_b5b20ce613,pay_e9a7c1f95c;pay_bd95563a7f,none,41753.81,41753.81,True
sett_ca802c89a3,pay_73ead9680d,partial_refund,311.32,251.1,True
sett_7a5950f138,pay_3c5d8a2160;pay_0426b956cb,none,1450.35,1450.35,True
sett_3522d339a3,pay_7ba76a4e88,none,913.24,913.24,True
sett_f8a41a90db,pay_e9878dbc1c,none,2925.07,2925.07,True
sett_73fef49973,pay_a6f009884f,none,7280.6,7280.6,True
sett_641d4380b4,pay_c649db10cc,none,367.49,367.49,True
sett_b4ecc5e5fb,pay_c715a88eb3,none,487.41,487.41,True
sett_62596958cf,pay_7eff7ac5e7,bank_adjustment,896.18,624.22,False
sett_c31061e07e,pay_9dbefc37e5,none,400.46,400.46,True
sett_91fb7322a4,pay_490f201517;pay_4750f9f28b,none,7454.34,7454.34,True
sett_da948c1e7c,pay_cccd4aff90,none,710.71,710.71,True
sett_0669d133e7,pay_4db60596f4,partial_refund,112.12,77.83,True
sett_8237b59447,pay_f8645e2cce;pay_efa082a9e4,none,7528.11,7528.11,True
sett_6ec664d535,pay_e1b9c42ac7,none,459.01,459.01,True
sett_cffa1a907a,pay_9023e7a868,none,-100.65,-100.65,True
sett_d645277949,pay_4d0b10b018,none,5001.94,5001.94,True
sett_0c667e8e55,pay_2bde6304ac,none,977.25,977.25,True
sett_1d58e93ecb,pay_97cb7665f4,none,5715.3,5715.3,True
sett_0162d122aa,pay_8c849a9623,none,33954.89,33954.89,True
sett_3247f592f7,pay_12ea49f247,none,3329.3,3329.3,True
sett_9ff891e7f7,pay_5f1530fc8b;pay_b8504f7bb0;pay_f38e5eb5a0,none,12403.44,12403.44,True
sett_b1d71b0016,pay_16d57c8e61,partial_refund,258.28,189.31,True
sett_b2344ed7d1,pay_a0d30d69a1,none,6816.7,6816.7,True
sett_6ad4d3f8c6,pay_da61394005,none,14826.7,14826.7,True
sett_e16f61002a,pay_8f34243be1;pay_cac33c1612,none,44691.56,44691.56,True
sett_4585c1879c,pay_b120c5f6eb;pay_94e121dadf,missing_settlement,8652.25,,True
sett_63fd35a200,pay_bb3ee964ff,none,5701.1,5701.1,True
sett_846a73cbb2,pay_39183230b3,none,33149.51,33149.51,True
sett_c89766145f,pay_7e2eb95670;pay_3a36e8c339,none,20298.8,20298.8,True
sett_b2a9a51323,pay_986c984bb0,none,3112.51,3112.51,True
sett_1b522e6aff,pay_fdd4074aa0;pay_1f30a8cba0,partial_refund,950.04,820.94,True
sett_ce36589175,pay_24c04af375;pay_1dea04f58f,fee_discrepancy,35157.51,35101.62,True
sett_cc124c590e,pay_775355cfdf;pay_09db3123ce,none,8984.13,8984.13,True
sett_9c1dfe9f9e,pay_c1cf37b5cd;pay_a8cb85940e,none,2234.76,2234.76,True
sett_182f4644d4,pay_537ecb80ae;pay_b79040e12e,none,7416.25,7416.25,True
sett_ccced63064,pay_4182f58bc2,partial_refund,649.83,464.51,True
sett_191d42a119,pay_258664de69,none,562.36,562.36,True
sett_6c8f9696ce,pay_215dbdbc55,none,32612.16,32612.16,True
sett_d56aa9148c,pay_990b37f633,none,450.07,450.07,True
sett_a9d1851e6f,pay_16174f8ce7,none,110.93,110.93,True
sett_895b0c93ae,pay_46da1f62a6,none,29398.54,29398.54,True
sett_80b8b3c6c9,pay_59f6531551,none,10038.87,10038.87,True
sett_32d14a1768,pay_a10076aba2,none,106.69,106.69,True
sett_9d43c9403b,pay_2af949626f,none,10496.66,10496.66,True
sett_43cb21055d,pay_a57417c49a,none,2779.4,2779.4,True
sett_77a67ae046,pay_3524876a12,none,1035.83,1035.83,True
sett_fa8400380b,pay_6d9f9a51bf;pay_900b1e8cbb,timing_skew,1406.84,1406.84,True
sett_4fce725754,pay_d6a70eab70,none,465.91,465.91,True
sett_66cbc2abe8,pay_1dcc6e030b,none,5281.59,5281.59,True
sett_6bcbb2ce47,pay_bb967b9960;pay_f8a9a0a172;pay_2523a1fcc3,none,1943.55,1943.55,True
sett_9b9afc242a,pay_92f1e3b30c;pay_cbbe34b112,none,2479.61,2479.61,True
sett_ba23776477,pay_a783d0304e;pay_1dc8d7e479,none,53353.98,53353.98,True
sett_8e200e24c6,pay_29f079de96,none,958.63,958.63,True
sett_87cc12bbc4,pay_7bb770ec97;pay_cb4853b7f0,none,8741.85,8741.85,True
sett_086c7a1bbf,pay_7a3dd9ed7d;pay_63e3202cb6;pay_a65d9f955b,none,3745.12,3745.12,True
sett_a795e05dc4,pay_a9d2b9610e,partial_refund,2949.61,2532.48,True
sett_3027f66346,pay_c2a9c41a3b;pay_1cbfb6e7fc,timing_skew,680.01,680.01,True
sett_63c0612446,pay_b3db8bff97;pay_3b735a3ced;pay_0ba049ead2,none,55143.47,55143.47,True
sett_99c065eb12,pay_0d3246c3ca,none,441.63,441.63,True
sett_c29a7cd6cf,pay_815c66edf2,none,26181.35,26181.35,True
sett_d55a7bc88d,pay_dce95cd4b2;pay_a397a17fff,none,2063.4,2063.4,True
sett_e14af975b6,pay_84389d82ea,missing_settlement,1422.96,,True
sett_1775a60725,pay_28078925c2,duplicate_record,6937.06,-167.67,True
sett_58f2a72f5f,pay_c4748f960a;pay_5d0ac99637,bank_adjustment,988.79,546.34,False
sett_1d3697de66,pay_ee2ce7281c,none,1037.79,1037.79,True
sett_de3103ff8e,pay_b0cf973fa0,none,7084.99,7084.99,True
sett_2cf4c636f4,pay_6f53d27bdc;pay_759779f91d,none,4008.02,4008.02,True
sett_6970612e52,pay_9cf18ecfc5,missing_settlement,7751.41,,True
sett_f394b6b8b8,pay_d72869346c,none,3334.67,3334.67,True
sett_2840af7f1a,pay_0c617ebd69,none,268.56,268.56,True
sett_898e94ec87,pay_66cb70236c,missing_settlement,523.56,,True
sett_fa5c416c98,pay_b08673d55a;pay_2e7e75ccb7,none,34182.39,34182.39,True
sett_736cde8e2c,pay_14720205b2,none,2714.98,2714.98,True
sett_774f13a63d,pay_d9c470062e,none,1102.79,1102.79,True
sett_9b9717d967,pay_e578b8096a,none,9099.67,9099.67,True
sett_79205092ab,pay_7c73e1e8b9;pay_23acbf6bf6,none,4010.56,4010.56,True
sett_46bcad43a7,pay_45b2b832dd,split_settlement,-133.48,-133.48,True
sett_241ce954c9,pay_4ae767d08c;pay_69e38969b3;pay_4730b2e979,none,33142.36,33142.36,True
sett_1a215e5897,pay_e77e9f8b5f,none,151.61,151.61,True
sett_78e752797e,pay_aee405f06d,currency_conversion,540.1,539.15,False
sett_03b968126b,pay_ef3256ec4f,duplicate_record,711.94,-17.2,True
sett_ddec9f2751,pay_4c66da5518,none,777.77,777.77,True
sett_4e25437ba6,pay_4730a1b9e6,none,359.56,359.56,True
sett_be5ee2ea6a,pay_f7a3c88b1e,currency_conversion,42589.54,42486.77,False
sett_aa39a488b0,pay_0ec76f0b5a,none,7186.78,7186.78,True
sett_c5f370fee3,pay_03b1381e26;pay_dd7bd7eb26,missing_settlement,5945.15,,True
sett_85c6a97ec4,pay_94ffdf5558,none,21144.32,21144.32,True
sett_5092cad0d5,pay_12add24ea9;pay_a9de587940,partial_refund,2822.71,2687.3,True
sett_970cc6c7ea,pay_68fff9702b,none,3693.81,3693.81,True
sett_58fd5e15e0,pay_32aa715f57;pay_55dd85e5c8;pay_60a92f973e,partial_refund,18395.61,18212.74,True
sett_d1ba04fb08,pay_c902fac4b2,none,989.96,989.96,True
sett_f4149d5fcb,pay_ccffbe240f,none,315.9,315.9,True
sett_2ba9b07568,pay_75556e0b81,none,5492.51,5492.51,True
sett_a36627fc6f,pay_34e79bfa81,missing_settlement,748.12,,True
sett_c02ce01898,pay_29a6e5f3f9,none,5723.4,5723.4,True
sett_883d1af1c3,pay_3c0beccaa2;pay_27b70efaa5,duplicate_record,3405.46,2365.01,True
sett_bb9695a924,pay_e5dd20786f;pay_18f0a6bbb2,timing_skew,745.02,745.02,True
sett_a1514d3d1a,pay_f6afb1cb43,none,3063.85,3063.85,True
sett_46def8598e,pay_b49753f414,none,376.22,376.22,True
sett_44af6bd796,pay_8891db8b8a,none,2978.29,2978.29,True
sett_c470ea3324,pay_aed237715e,split_settlement,1564.83,1564.83,True
sett_9785990c64,pay_620123d223,none,1305.21,1305.21,True
sett_94c441d7a3,pay_810bae4935,none,6914.27,6914.27,True
sett_79abe2e2ca,pay_675b93a01b;pay_ab91f725cd,none,10985.34,10985.34,True
sett_94fb716770,pay_a188c8d12a,none,952.3,952.3,True
sett_8fbcba1ed0,pay_d4cda0e074;pay_42216aa38a,bank_adjustment,28374.62,28040.66,False
sett_4a49dec157,pay_99c84fbfc5,none,7877.61,7877.61,True
sett_94a14ede7d,pay_631914f9b7,none,838.86,838.86,True
sett_96f1209c29,pay_bd6e3484ee,none,6834.76,6834.76,True
sett_0726b338bd,pay_1b7f29ccbd,none,826.18,826.18,True
sett_3fe40f817d,pay_96ce2e9f05,missing_settlement,-138.0,,True
sett_f59d750afe,pay_4d9247136b,fee_discrepancy,350.19,267.24,True
sett_95346a01c1,pay_a4a46dbeb1,duplicate_record,3350.75,-81.0,True
sett_cdc9a3694f,pay_9012486969,none,1421.97,1421.97,True
sett_3707be79f9,pay_47c4febbe3;pay_b6341f9a3e,none,48629.85,48629.85,True
sett_567a667915,pay_9209790e47,none,8683.31,8683.31,True
sett_1ceb482744,pay_6194bfceb1,none,1102.6,1102.6,True
sett_8ead917566,pay_209ab7b030;pay_fd44e616e9,none,295.85,295.85,True
sett_fdd5956f30,pay_4100d9bc4f;pay_cf166a2b0a;pay_0af69e113f,split_settlement,38951.35,38951.35,True
sett_91f4ff583a,pay_2cbcf96853;pay_8406d90728,none,1816.6,1816.6,True
sett_089b5a0dd6,pay_5ffbc76130,none,1148.33,1148.33,True
sett_bc92c8a285,pay_95a0ee823a;pay_4c04885bda,none,5287.98,5287.98,True
sett_89614a43df,pay_3c0e4b6232,missing_settlement,902.59,,True
sett_1f596e06b9,pay_545dba7052,none,1264.79,1264.79,True
sett_9bf9d2311b,pay_f6818e6916;pay_db6df4cba1,none,18283.46,18283.46,True
sett_b12461762f,pay_d83070272c,none,4774.24,4774.24,True
sett_6b03466cf0,pay_8624fbb62c,none,1047.16,1047.16,True
sett_2f3e67e8da,pay_6f97f44f79,none,2585.19,2585.19,True
sett_80eba03e9c,pay_2dcefd4e3d,none,2369.6,2369.6,True
sett_46d62caac7,pay_f3a210d674;pay_0599afac51,split_settlement,6706.1,6706.1,True
sett_aa2bcbaf05,pay_ddc9fea604,currency_conversion,501.33,499.6,False
sett_2a69322624,pay_706bad5240,none,973.34,973.34,True
sett_f6d811dcb6,pay_efb4d5106e;pay_6277fb0a41,none,852.67,852.67,True
sett_753b659872,pay_446003d3a9;pay_f9ccf6168c,none,2558.89,2558.89,True
sett_51b57a68c7,pay_f0817f6e7d;pay_740404dbe6,none,2108.82,2108.82,True
sett_5a3a37274d,pay_ec0452dc7b;pay_1a2e0a5e30,none,9429.69,9429.69,True
sett_8ec5833c6d,pay_f346a8ef94,bank_adjustment,9169.54,8850.51,False
sett_2cea2f2903,pay_b2b5461d71,none,1397.25,1397.25,True
sett_741927bb0b,pay_29f35f7ae5,currency_conversion,28182.24,28112.43,False
sett_7a42664ed5,pay_f4d4d5b869,none,6832.94,6832.94,True
sett_9d4afeb28a,pay_d3e3bed3d5;pay_59f9b47c38,none,1855.78,1855.78,True
sett_6bfa04694f,pay_4b32429d25,missing_settlement,839.26,,True
sett_c987063b26,pay_e1241fdb2a;pay_f22356abe1,none,9140.41,9140.41,True
sett_ae47feab43,pay_2280702099,none,7783.18,7783.18,True
sett_5d1b8c96e7,pay_3876db1e6e,partial_refund,1322.03,1073.01,True
sett_963a1774aa,pay_d12d4d3842,none,747.4,747.4,True
sett_8574c09f02,pay_792dcf74f1,currency_conversion,2770.68,2763.4,False
sett_479bc75e92,pay_d3a72993a2,bank_adjustment,510.63,408.51,False
sett_d43d6d4170,pay_8374817c79;pay_f43b9beacb,currency_conversion,3052.44,3034.79,False
sett_9089e8d8ea,pay_6255996b70;pay_3dc8925444,none,8201.7,8201.7,True
sett_c23d478e8f,pay_805361ad2c,none,8492.57,8492.57,True
sett_e7941c898e,pay_d4e7664016,none,10724.97,10724.97,True
sett_4548b65fed,pay_3ec84ab83c,none,6048.98,6048.98,True
sett_94373854f9,pay_67afa1b0f6,none,33337.84,33337.84,True
sett_bdaeb7a85f,pay_5759c2bc37,none,904.38,904.38,True
sett_0f6aac4192,pay_7ab4c1c29f,none,287.75,287.75,True
sett_6fe52f5bb5,pay_814a861a73,partial_refund,5829.0,4399.85,True
sett_aa9d7dbb2c,pay_a26fca914a,duplicate_record,33101.31,-800.08,True
sett_cdbb98f270,pay_2cb359a110;pay_d916f15afc,none,14891.76,14891.76,True
sett_a8853fdde1,pay_2d7398d82c;pay_1857c70550,none,956.53,956.53,True
sett_7ae5156e20,pay_900bb769c2,none,1451.43,1451.43,True
sett_5e34408bf7,pay_cef90f8e30,none,8222.39,8222.39,True
sett_da7cebdf38,pay_075f33038c,none,4979.54,4979.54,True
sett_0b02fd8b0b,pay_c2fa0712ee,none,3904.09,3904.09,True
sett_2007a07470,pay_17e12b307c;pay_37a4591794,none,27276.45,27276.45,True
sett_248e20516d,pay_3e90403819;pay_7931dd0deb,none,11603.52,11603.52,True
sett_e54dbf9738,pay_3d83fe4110,none,3687.53,3687.53,True
sett_f1112512a5,pay_7b39308af0,currency_conversion,2240.84,2229.19,False
sett_701ca14173,pay_e8e5f3a4bb,currency_conversion,1159.91,1155.26,False
sett_3f852da12d,pay_0390cfff49;pay_13cf90a088,missing_settlement,1829.85,,True
sett_22d1e9e258,pay_9bd8335663,timing_skew,3703.55,3703.55,True
sett_6605a833ce,pay_1ad01dc84f,split_settlement,4033.76,4033.76,True
sett_94fe6ca86b,pay_2de29b6d3c,none,304.88,304.88,True
sett_6e1a33e6eb,pay_474b9f0544,none,829.38,829.38,True
sett_ab004b9e97,pay_0d6ff864f6,none,622.77,622.77,True
sett_71b2092ba8,pay_a4104bd4b5,none,183.75,183.75,True
sett_ef41d7fe72,pay_5bca216b94;pay_b4f1a69bf6,none,7309.36,7309.36,True
sett_a3dbe0af0d,pay_1eb823e3c3,none,991.39,991.39,True
sett_3d336a7dbd,pay_2223063e45;pay_2d02d4acf0,none,3796.83,3796.83,True
sett_a8df34f353,pay_9b2fb59da2,none,1190.08,1190.08,True
sett_ca0153d2db,pay_d02b3d7345,missing_settlement,-6.35,,True
sett_522d0ded66,pay_f5049ed38f;pay_befdba1f78,bank_adjustment,24796.81,24719.45,False
sett_6abc788a09,pay_c717d04078;pay_be26b92bc8,none,2296.87,2296.87,True
sett_5676ecc3fd,pay_05688103f2,fee_discrepancy,336.24,282.23,True
sett_d0ed92001a,pay_e402c6700f,none,1138.07,1138.07,True
sett_878a688841,pay_7ab98c2cde,none,301.61,301.61,True
sett_6c9cb1772e,pay_508917a331,none,5760.96,5760.96,True
sett_efa0ad918f,pay_94b1248528;pay_116b5f9938,fee_discrepancy,1892.32,1818.86,True
sett_25b16fca93,pay_a7e4ca3b7c,none,-30.5,-30.5,True
sett_158042f72f,pay_abc3e4204a,none,1183.77,1183.77,True
sett_f147ff6d2e,pay_3e7c135628,currency_conversion,4259.01,4245.7,False
sett_3b81e3661e,pay_67ba86f81f,none,3993.35,3993.35,True
sett_b8857a1cb5,pay_0d6b52557b,split_settlement,982.95,982.95,True
sett_447d357ea4,pay_a4e806c366,none,9125.93,9125.93,True
sett_dcc4ac35e7,pay_4fb8462c49,none,8681.14,8681.14,True
sett_14a3a38ead,pay_2dc64ab3c1,none,466.44,466.44,True
sett_4041f46f75,pay_cef076b8b9;pay_9833583577,none,1786.54,1786.54,True
sett_c52c984727,pay_f4842ff549;pay_2b94d14e9d,none,2440.93,2440.93,True
sett_93f43c088a,pay_22209a4ee6,none,675.77,675.77,True
sett_5997c2a1e1,pay_a76b51ed75,timing_skew,631.69,631.69,True
sett_ee39e0ab45,pay_82313b22e6,currency_conversion,299.89,298.5,False
sett_b4a000ce25,pay_e8c195d7fa,none,278.11,278.11,True
sett_300eba7177,pay_5995c2f72a,none,6899.97,6899.97,True
sett_866b8f0b1b,pay_b4ba177376,none,3789.62,3789.62,True
sett_ec4d1c40ab,pay_d682856cc1,none,325.05,325.05,True
sett_96fc471170,pay_0387f84e2b,fee_discrepancy,131.71,29.0,True
sett_02f6337a19,pay_6376c0f809,none,791.24,791.24,True
sett_0f21f1ff5b,pay_5f13f2607d;pay_a70bc1be41,timing_skew,28666.49,28666.49,True
sett_94c8a1323b,pay_34aa02e50b,currency_conversion,941.77,938.9,False
sett_f1b1db2601,pay_5319c884d0,none,2360.41,2360.41,True
sett_3a2d2a0bd1,pay_4c6d74cb82,none,486.75,486.75,True
sett_37b985285e,pay_fd3fd7af96,duplicate_record,9066.89,-219.15,True
sett_bfaf41b8ad,pay_7133226252,none,2937.22,2937.22,True
sett_802d640930,pay_7c094e0522,none,2371.4,2371.4,True
sett_da976e95e3,pay_0ab442e960,missing_settlement,2868.41,,True
sett_2395fe2459,pay_3efc0d4b3e,partial_refund,42669.9,37170.4,True
sett_04de4feaa5,pay_a5f407363b;pay_abea91c7d5,none,46202.48,46202.48,True
sett_f9efa30311,pay_71dc21641a,timing_skew,1644.48,1644.48,True
sett_628585f8d7,pay_4d95e70919;pay_63265fb857,none,9897.43,9897.43,True
sett_1198ccc954,pay_220e74f667,none,1377.54,1377.54,True
sett_f9fbdd704c,pay_6153b1bff3,none,308.91,308.91,True
sett_ee1e5ec446,pay_f397d018b0,none,6791.52,6791.52,True
sett_53d424b61c,pay_4e3b3c61ab,none,523.55,523.55,True
sett_5c1509ac3d,pay_40c2ffd9eb,none,384.48,384.48,True
sett_99fedcce76,pay_f61855423f,bank_adjustment,394.27,303.66,False
sett_05c37db1f7,pay_9045668601,none,45869.45,45869.45,True
sett_df08c7cd02,pay_520e7f537e,none,16303.33,16303.33,True
sett_ebbf6c662d,pay_2237225e52;pay_2e53e49acf,fee_discrepancy,30414.02,30275.43,True
sett_f752195691,pay_6a12fbce46,none,11621.05,11621.05,True
sett_b36cb7d3a8,pay_d9265df8ae,none,7550.81,7550.81,True
sett_00d21a89c0,pay_6f86c82f69,partial_refund,1147.47,908.05,True
sett_a079991bca,pay_2044bd0da7,none,-18.81,-18.81,True
sett_5fecd7201d,pay_0254ae5e49,none,685.99,685.99,True
sett_dccf7e37fb,pay_0597c871f5;pay_bd57b1ab48,none,987.05,987.05,True
sett_e104176f1b,pay_3d6f500433,fee_discrepancy,247.16,157.55,True
sett_6f57ef5714,pay_986fddf7cd,none,996.77,996.77,True
sett_48753c0f66,pay_fd2f16f205,none,631.16,631.16,True
sett_679320194d,pay_3302a5ad5f,duplicate_record,1143.23,-27.64,True
sett_97e8a8bc68,pay_864e9d139b,bank_adjustment,7867.84,7430.96,False
sett_ba5b08b88a,pay_f39f2cd190;pay_3b9aaf72d3,none,1029.04,1029.04,True
sett_3c044a8eaf,pay_956f20645c,none,663.99,663.99,True
sett_385b3bce8c,pay_a4e084ef76,none,-249.18,-249.18,True
sett_c8c443cae6,pay_b7546d5ec2;pay_e5c8606992,missing_settlement,13319.45,,True
sett_d145454919,pay_7e2b6adb3a,none,1034.43,1034.43,True
sett_c06d452af5,pay_9d7edecc1c,split_settlement,470.42,470.42,True
sett_daed30c80c,pay_e3d8644d58,none,184.55,184.55,True
sett_247194b787,pay_81004ac536,none,878.13,878.13,True
sett_c7b053c74a,pay_cb2ec540f4,none,1837.04,1837.04,True
sett_84c84710c0,pay_2dc4e23333,none,675.69,675.69,True
sett_2846ccd33c,pay_51c35a0e5f,duplicate_record,793.48,-1293.74,True
sett_6945aca125,pay_c2c3a08d2a,none,-10.5,-10.5,True
sett_cc7419bb08,pay_c80bd5a9fd,none,34194.46,34194.46,True
sett_0648490d86,pay_b7aefd058a,none,1207.96,1207.96,True
sett_92e3744488,pay_1c384a855a,none,1377.55,1377.55,True
sett_841d995ff3,pay_5b998324e2,fee_discrepancy,9325.38,9262.28,True
sett_ed2176e4ce,pay_fc6bbfe147,none,1247.48,1247.48,True
sett_61a8147e30,pay_cfa1466563,none,1094.46,1094.46,True
sett_907db64e9a,pay_b2a9909402,none,703.75,703.75,True
sett_c659ea71d0,pay_4fa1c67de1,none,438.83,438.83,True
sett_729a96ab81,pay_d40ac3d257,none,156.02,156.02,True
sett_f74dc9b7f1,pay_5ff592ba97,none,773.15,773.15,True
sett_22d2e5a692,pay_40d2e216e4,none,552.65,552.65,True
sett_c01038591e,pay_fad43dfc6a,none,1519.56,1519.56,True
sett_9ed2642268,pay_8386789bc0;pay_185f33ebdd,none,962.37,962.37,True
sett_36781e4167,pay_e78ecbe3f2,missing_settlement,5903.07,,True
sett_9b0302a0e9,pay_e509d78310,missing_settlement,685.55,,True
sett_73e6a937a3,pay_c813248382,timing_skew,1284.39,1284.39,True
sett_d16f715617,pay_bb2adb7b4b,none,578.61,578.61,True
sett_3d7f7e50cd,pay_7be2a6579c,none,2378.98,2378.98,True
sett_7c6a58b141,pay_76165ea8a0,none,17435.69,17435.69,True
sett_db55c64bca,pay_2aa8eee33e,timing_skew,-241.58,-241.58,True
sett_0e050f38d2,pay_4bc7d1e38f,none,501.55,501.55,True
sett_456e8fe58d,pay_61d69bd6da,bank_adjustment,732.81,326.71,False
sett_61bd0c158b,pay_a892ba089f,timing_skew,4516.14,4516.14,True
sett_8d2b07a267,pay_a54cd5dde0,none,18626.15,18626.15,True
sett_506b5fc106,pay_d6add7c2c4,split_settlement,996.7,996.7,True
sett_ccacae83ed,pay_7e9bda68ec,none,2140.98,2140.98,True
sett_ac0062062a,pay_8990a36008,none,6986.26,6986.26,True
sett_51572ccad6,pay_106fc27f4f,none,1331.2,1331.2,True
sett_d461d3647f,pay_ccdcf1308e,none,1231.47,1231.47,True
sett_7cac7c3b46,pay_da0e5b2b07,none,11053.29,11053.29,True
sett_36826719a2,pay_1d96c59006,none,11132.98,11132.98,True
sett_71ecb5b3a9,pay_c836102bd8,none,5125.08,5125.08,True
sett_f75d79a392,pay_9232bf00e9;pay_5875c0278d;pay_b3d454da6d,split_settlement,3406.9,3406.9,True
sett_3602256ad4,pay_9068277963,none,7175.31,7175.31,True
sett_d7174419b6,pay_d30770b789,none,3046.48,3046.48,True
sett_65ff3d223a,pay_3f6022a3f4;pay_bc96ff9622,none,5711.43,5711.43,True
sett_89b3921ace,pay_904d413094,none,635.22,635.22,True
sett_c53fe456f1,pay_1cc8b831fc,none,1028.37,1028.37,True
sett_2ebb516fe0,pay_eb220a3dce,none,34364.64,34364.64,True
sett_9d720b3bb2,pay_55a6133148,timing_skew,8615.22,8615.22,True
sett_2cbaff1d14,pay_ee3b013459,none,966.6,966.6,True
sett_903df4fc36,pay_ae182f2ec2,missing_settlement,1851.6,,True
sett_9ec0257f9e,pay_0821483580,none,162.89,162.89,True
sett_223e54398b,pay_a9d7ace922,none,11604.03,11604.03,True
sett_f864f8dc45,pay_ca9ac66013,timing_skew,676.44,676.44,True
sett_94b1b80216,pay_e8d42f40d2,none,1069.76,1069.76,True
sett_8bcd7e6844,pay_bf6f143dc3,partial_refund,258.59,197.4,True
sett_b133cb9b45,pay_9adef64c15,duplicate_record,5788.54,-139.91,True
sett_c06ee861c1,pay_fcc8393ff7,none,1287.48,1287.48,True
sett_4ffe6ac950,pay_f20d14dcbc,none,1081.9,1081.9,True
sett_7ad9b6bce4,pay_5de85ae3c4,split_settlement,2992.0,2992.0,True
sett_1eac3644bd,pay_40a3d2b37c,partial_refund,24294.7,21438.8,True
sett_19eaccf69b,pay_97032043b2,none,2006.68,2006.68,True
sett_610bc52ec5,pay_4bc408b388,none,18385.85,18385.85,True
sett_9cbb3c14d4,pay_a058d89dbe,none,7686.2,7686.2,True
sett_29901b904b,pay_cc3b04077a;pay_e8e2f0c9ee,none,1499.9,1499.9,True
sett_71e9db6ea8,pay_2d9c62b23b,bank_adjustment,347.35,288.28,False
sett_15ef69bf97,pay_78f3a45b14,none,-445.93,-445.93,True
sett_89cc21271d,pay_71d9c08b3f,none,654.67,654.67,True
sett_835595d3a3,pay_c3f316dea5,none,9514.77,9514.77,True
sett_3ead66e090,pay_8cebe87356,none,10071.2,10071.2,True
sett_efb1d13df4,pay_cc45836fcc,duplicate_record,1108.07,-26.79,True
sett_70122f612a,pay_5ebcb4f30f,partial_refund,37976.75,32575.96,True
sett_a32e20214b,pay_e45496b9f3,split_settlement,266.34,266.34,True
sett_61318fd565,pay_4bc196e5d2,none,28212.05,28212.05,True
sett_64fd502e76,pay_84406e1b28,none,9752.62,9752.62,True
sett_798fb949d9,pay_dfdfcabc78;pay_699620d0b5,none,43400.21,43400.21,True
sett_308d9e9ffb,pay_ebd59aa9c3,none,876.67,876.67,True
sett_5db5f5ca3c,pay_91c24db425,none,10518.34,10518.34,True
sett_3c7b795532,pay_1c2d21e0c5,fee_discrepancy,1027.41,952.14,True
sett_c6ad205524,pay_74353bfa4d,none,31470.93,31470.93,True
sett_760ca21a56,pay_de053e6acc,none,20088.31,20088.31,True
sett_4ee436702d,pay_87fc692c15,none,952.39,952.39,True
sett_f65950be7a,pay_a368c00046,timing_skew,3998.47,3998.47,True
sett_8bc5a9e411,pay_9927b46ced,none,40499.59,40499.59,True
sett_2ed949ee35,pay_354be9fe31,none,2420.47,2420.47,True
sett_82e1ac0dba,pay_5f54a624ea;pay_e3f7d97dcf;pay_de94df9ec7,none,7517.64,7517.64,True
sett_787e7eb9c6,pay_fa3703f799,split_settlement,987.42,987.42,True
sett_80ac0a6d92,pay_ad8ce35642,none,1088.17,1088.17,True
sett_111a177a57,pay_cae80aff4e;pay_d8833f475f,currency_conversion,7685.91,7670.44,False
sett_22f0c268a5,pay_9495e0cc9c,none,566.37,566.37,True
sett_d1927ee4e0,pay_d9c43f4241,none,7200.19,7200.19,True
sett_9514f7af8d,pay_577933f351,none,747.94,747.94,True
sett_26a9e97c89,pay_a1d5d11065,none,319.47,319.47,True
sett_cf24209c02,pay_fbbba3b543,none,-9.4,-9.4,True
sett_2e82841ece,pay_000c314b54,none,385.02,385.02,True
sett_f29cf16b41,pay_02123a02cd,none,1046.8,1046.8,True
sett_ce2d560f16,pay_3c5e2fb48d,split_settlement,1303.87,1303.87,True
sett_19bcc396d5,pay_fd0e9d74eb;pay_11801eb216,none,4791.22,4791.22,True
sett_2c8e9f601b,pay_92a4b09c5a;pay_cfa1951ad3;pay_dd37bd22e3,none,1084.31,1084.31,True
sett_d2302919c1,pay_4bb3eaef0b;pay_e1d449d13f,none,32115.91,32115.91,True
sett_e2f81d4ead,pay_11042c550f;pay_713d3521fe,currency_conversion,1023.9,1020.95,False
sett_5e17a4cc1d,pay_3042a90ce3,none,4278.46,4278.46,True
sett_f6eeca807f,pay_064abc7ece,none,47020.09,47020.09,True
sett_465746d933,pay_886d88c280,none,3622.02,3622.02,True
sett_421ccc94b1,pay_e235b69cf1,none,8620.03,8620.03,True
sett_d0634511eb,pay_4cb1acb928;pay_44d4a72ee6,none,36745.69,36745.69,True
sett_3f529ea88f,pay_074b68c0ea,bank_adjustment,1126.46,1034.58,False
sett_af3315086a,pay_c1a5aeb594;pay_b4e8be9542,none,1373.58,1373.58,True
sett_38ba2d7c56,pay_39b55c76b8,bank_adjustment,495.57,193.12,False
sett_b33f87a1ed,pay_85d557da70,none,1341.33,1341.33,True
sett_9453693644,pay_22acd24395,none,922.89,922.89,True
sett_9c48812a46,pay_d679747cb6;pay_7e6ed3d25c,currency_conversion,57136.24,56997.85,False
sett_60d8f58c9d,pay_16f07e2d8e,none,67.55,67.55,True
sett_55ac197445,pay_b7e26ed86e,none,254.41,254.41,True
sett_4ad0663aa8,pay_5448c80a90,missing_settlement,995.76,,True
sett_515c504f49,pay_b0ead415c1,none,3281.66,3281.66,True
sett_ebaaadb5f4,pay_133f6ff205,none,393.82,393.82,True
sett_c6ae0b5b43,pay_bd6fd102ab,none,10660.92,10660.92,True
sett_2aa482e7a2,pay_cc9f190079,none,373.4,373.4,True
sett_05fd2117cd,pay_d182eab29e,none,117.54,117.54,True
sett_0eee97d8ae,pay_5dc9eabf05,bank_adjustment,798.21,740.46,False
sett_cdc737caa5,pay_d60e5f9cba,currency_conversion,1587.43,1580.07,False
sett_e5659ce0c6,pay_85f560037b,none,-205.79,-205.79,True
sett_3fdb9915bd,pay_b8238d24f7,fee_discrepancy,1111.67,992.52,True
sett_29026c678e,pay_168e83ff63;pay_99065bfe1a,partial_refund,1756.39,1640.54,True
sett_88322936dc,pay_744049d6dd;pay_7081a0bcd4,timing_skew,10166.2,10166.2,True
sett_e95b27b5c9,pay_35fdfae047,none,428.79,428.79,True
sett_7156f0876c,pay_74ad80052b,none,348.53,348.53,True
sett_971d216df7,pay_fb37525777,missing_settlement,46529.78,,True
sett_30c40c1680,pay_e62c0a17b7,currency_conversion,1088.67,1085.57,False
sett_1b582e4d08,pay_17cbd8d051,none,487.7,487.7,True
sett_cf4635ea8d,pay_fc4267218e,none,741.09,741.09,True
sett_142e7c71b9,pay_4c0969a3d3,none,113.54,113.54,True
sett_45a001da22,pay_a3f622026d;pay_9a24485fed,none,33476.12,33476.12,True
sett_4a378fcc21,pay_ee08d0fefa,none,518.41,518.41,True
sett_e6af05ce9b,pay_05b83f9b41,partial_refund,10963.46,9094.07,True
sett_2064d20bdb,pay_8bb491afe3;pay_b6aac18c4c,none,1690.94,1690.94,True
sett_77bd46c1b4,pay_6d26d79a7a,partial_refund,-233.03,-2328.09,True
sett_44320c915a,pay_1950f70f07,missing_settlement,1480.79,,True
sett_61362a9de2,pay_6252c789ee,none,178.26,178.26,True
sett_6efb316231,pay_57d9502749,none,39965.83,39965.83,True
sett_8f9b895964,pay_7a3cafe4a3,none,44110.76,44110.76,True
sett_24e2b6fbcd,pay_660d16d96a,none,1445.71,1445.71,True
sett_d3fe93b4cf,pay_22b519758c,none,759.98,759.98,True
sett_63794779b6,pay_0e90436440,currency_conversion,48345.81,48154.02,False
sett_e1da41a2bb,pay_65c85e0116,none,386.94,386.94,True
sett_5be1a8862b,pay_d1df39eb10,none,1912.28,1912.28,True
sett_d98a0227af,pay_61a0590e7e,none,2391.83,2391.83,True
sett_a0baedf3c2,pay_1cee966e90,none,1078.35,1078.35,True
sett_77e882e8d4,pay_cb51c8bdd2,none,-271.81,-271.81,True
sett_e336807fd3,pay_c5e00fa9a1,none,2976.04,2976.04,True
sett_febc6f4a63,pay_ddec0d4921,partial_refund,1038.93,846.72,True
sett_d4253563a0,pay_6fa47d89d7,none,13898.93,13898.93,True
sett_65d4106af5,pay_7d571e2f4a,none,675.09,675.09,True
sett_89046fd3ef,pay_bd15051406,none,1197.17,1197.17,True
sett_b72b0a368e,pay_8974b239be,none,802.22,802.22,True
sett_4c71ba2182,pay_faf5dcabe5,none,8131.71,8131.71,True
sett_9e62e6db75,pay_bd6acff4d9,none,1116.51,1116.51,True
sett_e57488ed65,pay_fe9c08fff9;pay_94a57d7d4e,currency_conversion,702.96,700.42,False
sett_7c1f9e45d9,pay_53fcd19caa;pay_99af57b69c;pay_837d8fb1af,missing_settlement,7830.7,,True
sett_adad52359b,pay_57b915f3fe,none,1433.3,1433.3,True
sett_4354259847,pay_30c1d1175c,none,340.65,340.65,True
sett_ce126d98f2,pay_29b04083c0,none,194.08,194.08,True
sett_66974496c8,pay_2489f6760b,none,40758.72,40758.72,True
sett_5f53f9cce4,pay_2cc1cf909c,none,1055.14,1055.14,True
sett_ffb760b7cf,pay_69a526d1c3,none,569.48,569.48,True
sett_6658ced840,pay_ff6e219413,none,310.2,310.2,True
sett_aca895c3ea,pay_289979b51f,none,220.87,220.87,True
sett_26b2a4a639,pay_b044b286d9,none,488.39,488.39,True
sett_ec2b7707a2,pay_3b5777aa5a,timing_skew,8667.71,8667.71,True
sett_5c4689d0b9,pay_962461ccf4,none,328.02,328.02,True
sett_5a080c9b34,pay_d99f36546f,split_settlement,10186.94,10186.94,True
sett_1f4b95cc2b,pay_0ec592778c,none,2054.08,2054.08,True
sett_72c9105c0f,pay_9c81cbfde8,bank_adjustment,5968.97,5778.82,False
sett_6463dba0c3,pay_51859ed9f7,fee_discrepancy,3380.33,3251.87,True
sett_7135624013,pay_91bf91b722,none,150.09,150.09,True
sett_eda9eda7d8,pay_0e385ad64a,none,3327.95,3327.95,True
sett_e940f5327e,pay_201b0015fa,none,493.83,493.83,True
sett_f346ae655d,pay_5527c853aa,timing_skew,1296.57,1296.57,True
sett_74665f74e8,pay_1b63fdd7fc,none,13972.43,13972.43,True
sett_6379cbf907,pay_59ffb8fda7,bank_adjustment,793.8,351.66,False
sett_c174d116d2,pay_c7d4c6c54a;pay_dbbf3fd5de,none,1507.73,1507.73,True
sett_e255db0a40,pay_34552e7828,split_settlement,11122.64,11122.64,True
sett_5a583e55cd,pay_c99009f7d0,missing_settlement,984.31,,True
sett_6b3d101d63,pay_96fda91928,none,18274.24,18274.24,True
sett_79f4962c1c,pay_7a2bf10f0f,none,3578.19,3578.19,True
sett_703b040745,pay_2146301e4a,none,47721.21,47721.21,True
sett_ef1b8a7adf,pay_bcd4bc97f6,currency_conversion,867.03,863.8,False
sett_6136e53c89,pay_56977066cd,none,7662.12,7662.12,True
sett_9589a386ad,pay_96a309552f,none,-11.13,-11.13,True
sett_1b0621cf95,pay_eba3b4fcc7,fee_discrepancy,310.65,165.92,True
sett_fb51ea99c3,pay_cc82eea18b,missing_settlement,777.15,,True
sett_e221ca523a,pay_a7dc5c820a,none,11282.27,11282.27,True
sett_ffed89487b,pay_891c7dccfd,none,1264.09,1264.09,True
sett_f49d5b927e,pay_b9c326bff8,none,1048.74,1048.74,True
sett_11209583b7,pay_5d210de87c,fee_discrepancy,875.69,795.71,True
sett_6c8e1034a8,pay_7d6499e56d,none,4535.21,4535.21,True
sett_70b27f06da,pay_434fc07a9e,none,975.85,975.85,True
sett_56894cf309,pay_a11bb0e700,currency_conversion,28572.65,28470.58,False
sett_a73682419e,pay_7ea0192339,none,1434.43,1434.43,True
sett_308eaaf476,pay_99ec712013,none,11470.62,11470.62,True
sett_51410a44c2,pay_72117a70ee,partial_refund,593.43,480.91,True
sett_1547904b97,pay_ba5256f88b,none,1285.27,1285.27,True
sett_212d168536,pay_badb180ecc;pay_aeeeaf5419,none,11494.51,11494.51,True
sett_30e70829b3,pay_dbe62c91a8,none,719.35,719.35,True
sett_fe02c6a6f6,pay_b6c8e5742d,none,342.58,342.58,True
sett_c604725dc8,pay_07d95b0259,none,35982.22,35982.22,True
sett_00a6b9c8d8,pay_9fc6228429,partial_refund,16502.52,14382.13,True
sett_c529a59b69,pay_0d48f8e534,none,11627.08,11627.08,True
sett_f852510db2,pay_cfb9caea23,none,4444.51,4444.51,True
sett_2e3ce0cad6,pay_cf71f3e2b3,none,3509.62,3509.62,True
sett_b5f9f59967,pay_79770ce4cc,none,386.74,386.74,True
sett_90e83e3bdd,pay_6167612897,timing_skew,209.33,209.33,True
sett_22b173ab79,pay_51ccd3495d,none,5858.02,5858.02,True
sett_90d78a5d63,pay_c5ac622449,partial_refund,7586.48,6502.79,True
sett_0e5f864298,pay_259b091e42,partial_refund,713.53,511.03,True
sett_bdd3888458,pay_9ff418ab16,none,3388.5,3388.5,True
sett_b88a464871,pay_5f4e3f05e2,none,1143.47,1143.47,True
sett_34000d31f1,pay_b5a8d3e31c,none,693.47,693.47,True
sett_1c1d6b181e,pay_a7972f0755,currency_conversion,120.1,119.88,False
sett_f6b7322f8b,pay_f678f5003b,none,2638.48,2638.48,True
sett_f26e1d48bb,pay_924c60a04b,none,5522.51,5522.51,True
sett_cced92a694,pay_5528130e83,none,7615.36,7615.36,True
sett_7074806b65,pay_a2d580556e,currency_conversion,5483.59,5474.27,False
sett_f60e7da548,pay_bfb6cd353b,bank_adjustment,1184.98,955.25,False
sett_d8f665fc99,pay_d021dd102a,split_settlement,10228.27,10228.27,True
sett_df9873fee5,pay_523742b462,none,810.85,810.85,True
sett_f50eaa4d4c,pay_7f6d061a9e,none,7850.81,7850.81,True
sett_50e81eac5b,pay_5ffab85f66,none,733.79,733.79,True
sett_044cfafc91,pay_25c331cd76,none,238.33,238.33,True
sett_1d5a4a6d0f,pay_f4c422193c,none,7367.4,7367.4,True
sett_7a51791fcc,pay_553e1a922c,none,1127.91,1127.91,True
sett_1fbdbe5678,pay_7aa5875a1b,partial_refund,330.28,229.09,True
sett_d7b13dd20a,pay_b2e53c0067,none,299.95,299.95,True
sett_c73faa3779,pay_98afa55e2b,none,8244.05,8244.05,True
sett_7d0b282b4d,pay_008f1a51fb,split_settlement,115.58,115.58,True
sett_2af6a3d4be,pay_b50437a066,fee_discrepancy,2547.85,2447.89,True
sett_a22e5c9de9,pay_b58b595b9d,fee_discrepancy,772.39,679.09,True
sett_f3ce41a8fb,pay_052d366888,duplicate_record,5028.61,-121.54,True
sett_d3b4a9006d,pay_b813509b47,none,5295.43,5295.43,True
