customer_id,is_fraud,ring_id,pattern
cust_0001,False,,none
cust_0002,True,ring_05,fraud_ring
cust_0003,False,,none
cust_0004,False,,none
cust_0005,False,,none
cust_0006,False,,none
cust_0007,False,,none
cust_0008,False,,none
cust_0009,False,,none
cust_0010,False,,none
cust_0011,False,,none
cust_0012,False,,none
cust_0013,False,,none
cust_0014,False,,none
cust_0015,False,,none
cust_0016,False,,none
cust_0017,False,,none
cust_0018,False,,none
cust_0019,False,,none
cust_0020,False,,none
cust_0021,False,,none
cust_0022,False,,none
cust_0023,False,,none
cust_0024,False,,none
cust_0025,False,,none
cust_0026,False,,none
cust_0027,False,,none
cust_0028,False,,none
cust_0029,False,,none
cust_0030,False,,none
cust_0031,False,,none
cust_0032,False,,none
cust_0033,False,,none
cust_0034,False,,none
cust_0035,False,,none
cust_0036,True,ring_04,fraud_ring
cust_0037,False,,none
cust_0038,False,,none
cust_0039,False,,none
cust_0040,False,,none
cust_0041,False,,none
cust_0042,False,,none
cust_0043,False,,none
cust_0044,False,,none
cust_0045,False,,none
cust_0046,False,,none
cust_0047,False,,none
cust_0048,False,,none
cust_0049,False,,none
cust_0050,False,,none
cust_0051,False,,none
cust_0052,False,,none
cust_0053,False,,none
cust_0054,False,,none
cust_0055,False,,none
cust_0056,False,,none
cust_0057,False,,none
cust_0058,False,,none
cust_0059,False,,none
cust_0060,False,,none
cust_0061,False,,none
cust_0062,False,,none
cust_0063,False,,none
cust_0064,False,,none
cust_0065,False,,none
cust_0066,False,,none
cust_0067,False,,none
cust_0068,False,,none
cust_0069,False,,none
cust_0070,True,ring_04,fraud_ring
cust_0071,False,,none
cust_0072,False,,none
cust_0073,False,,none
cust_0074,False,,none
cust_0075,True,ring_03,fraud_ring
cust_0076,False,,none
cust_0077,False,,none
cust_0078,False,,none
cust_0079,True,ring_01,fraud_ring
cust_0080,False,,none
cust_0081,False,,none
cust_0082,False,,benign_shared_device
cust_0083,False,,none
cust_0084,False,,none
cust_0085,False,,none
cust_0086,False,,none
cust_0087,False,,none
cust_0088,False,,none
cust_0089,False,,none
cust_0090,False,,none
cust_0091,False,,none
cust_0092,False,,none
cust_0093,False,,none
cust_0094,False,,none
cust_0095,False,,none
cust_0096,False,,none
cust_0097,False,,none
cust_0098,False,,none
cust_0099,True,ring_03,fraud_ring
cust_0100,False,,none
cust_0101,False,,none
cust_0102,False,,none
cust_0103,False,,none
cust_0104,False,,benign_shared_device
cust_0105,False,,none
cust_0106,False,,none
cust_0107,False,,none
cust_0108,False,,none
cust_0109,False,,none
cust_0110,False,,none
cust_0111,False,,none
cust_0112,False,,none
cust_0113,False,,none
cust_0114,False,,none
cust_0115,False,,none
cust_0116,False,,none
cust_0117,False,,none
cust_0118,False,,none
cust_0119,False,,none
cust_0120,False,,none
cust_0121,False,,none
cust_0122,False,,none
cust_0123,False,,none
cust_0124,False,,none
cust_0125,False,,none
cust_0126,True,ring_02,fraud_ring
cust_0127,False,,none
cust_0128,False,,none
cust_0129,False,,none
cust_0130,False,,none
cust_0131,False,,none
cust_0132,False,,benign_shared_device
cust_0133,False,,none
cust_0134,False,,none
cust_0135,False,,none
cust_0136,False,,none
cust_0137,False,,none
cust_0138,False,,none
cust_0139,False,,none
cust_0140,False,,none
cust_0141,True,ring_02,fraud_ring
cust_0142,False,,none
cust_0143,False,,none
cust_0144,True,ring_05,fraud_ring
cust_0145,False,,none
cust_0146,False,,none
cust_0147,True,ring_04,fraud_ring
cust_0148,False,,none
cust_0149,False,,none
cust_0150,True,ring_01,fraud_ring
cust_0151,False,,none
cust_0152,False,,none
cust_0153,False,,none
cust_0154,False,,none
cust_0155,False,,none
cust_0156,False,,none
cust_0157,False,,none
cust_0158,False,,none
cust_0159,False,,none
cust_0160,False,,none
cust_0161,False,,none
cust_0162,False,,none
cust_0163,False,,none
cust_0164,True,ring_06,fraud_ring
cust_0165,False,,none
cust_0166,False,,none
cust_0167,False,,none
cust_0168,False,,none
cust_0169,False,,none
cust_0170,False,,none
cust_0171,False,,none
cust_0172,False,,none
cust_0173,False,,none
cust_0174,False,,none
cust_0175,False,,none
cust_0176,False,,none
cust_0177,False,,none
cust_0178,False,,benign_shared_device
cust_0179,False,,none
cust_0180,False,,none
cust_0181,False,,none
cust_0182,False,,none
cust_0183,False,,none
cust_0184,True,ring_05,fraud_ring
cust_0185,False,,benign_shared_device
cust_0186,False,,none
cust_0187,False,,none
cust_0188,False,,none
cust_0189,False,,none
cust_0190,False,,none
cust_0191,False,,benign_shared_device
cust_0192,False,,none
cust_0193,False,,none
cust_0194,False,,none
cust_0195,False,,none
cust_0196,False,,none
cust_0197,False,,none
cust_0198,False,,none
cust_0199,False,,none
cust_0200,False,,none
cust_0201,True,ring_03,fraud_ring
cust_0202,False,,none
cust_0203,False,,none
cust_0204,False,,none
cust_0205,False,,none
cust_0206,False,,none
cust_0207,False,,none
cust_0208,False,,none
cust_0209,False,,none
cust_0210,False,,none
cust_0211,False,,benign_shared_device
cust_0212,False,,none
cust_0213,False,,none
cust_0214,False,,none
cust_0215,True,ring_02,fraud_ring
cust_0216,False,,none
cust_0217,False,,none
cust_0218,False,,none
cust_0219,False,,none
cust_0220,False,,none
cust_0221,False,,none
cust_0222,False,,none
cust_0223,False,,none
cust_0224,False,,none
cust_0225,False,,none
cust_0226,False,,none
cust_0227,False,,none
cust_0228,False,,none
cust_0229,False,,none
cust_0230,False,,none
cust_0231,False,,none
cust_0232,False,,none
cust_0233,False,,none
cust_0234,False,,none
cust_0235,False,,none
cust_0236,False,,none
cust_0237,False,,none
cust_0238,False,,none
cust_0239,False,,none
cust_0240,False,,none
cust_0241,False,,none
cust_0242,False,,none
cust_0243,False,,none
cust_0244,True,ring_02,fraud_ring
cust_0245,False,,benign_shared_device
cust_0246,False,,none
cust_0247,False,,none
cust_0248,False,,none
cust_0249,False,,none
cust_0250,True,ring_02,fraud_ring
cust_0251,False,,none
cust_0252,False,,none
cust_0253,False,,none
cust_0254,False,,none
cust_0255,False,,benign_shared_device
cust_0256,True,ring_01,fraud_ring
cust_0257,False,,none
cust_0258,False,,none
cust_0259,False,,none
cust_0260,False,,none
cust_0261,True,ring_01,fraud_ring
cust_0262,False,,none
cust_0263,False,,none
cust_0264,False,,none
cust_0265,False,,none
cust_0266,False,,none
cust_0267,False,,none
cust_0268,False,,none
cust_0269,False,,benign_shared_device
cust_0270,False,,benign_shared_device
cust_0271,False,,none
cust_0272,False,,none
cust_0273,True,ring_04,fraud_ring
cust_0274,False,,none
cust_0275,False,,none
cust_0276,True,ring_05,fraud_ring
cust_0277,False,,none
cust_0278,False,,none
cust_0279,False,,none
cust_0280,False,,none
cust_0281,False,,none
cust_0282,False,,none
cust_0283,False,,none
cust_0284,False,,none
cust_0285,False,,none
cust_0286,False,,none
cust_0287,False,,none
cust_0288,False,,none
cust_0289,False,,none
cust_0290,False,,none
cust_0291,False,,none
cust_0292,True,ring_03,fraud_ring
cust_0293,False,,none
cust_0294,False,,none
cust_0295,False,,none
cust_0296,False,,none
cust_0297,False,,none
cust_0298,False,,none
cust_0299,False,,none
cust_0300,False,,none
cust_0301,False,,benign_shared_device
cust_0302,False,,none
cust_0303,False,,none
cust_0304,False,,none
cust_0305,False,,none
cust_0306,False,,none
cust_0307,False,,none
cust_0308,False,,benign_shared_device
cust_0309,False,,none
cust_0310,False,,none
cust_0311,False,,none
cust_0312,False,,benign_shared_device
cust_0313,False,,none
cust_0314,False,,none
cust_0315,False,,none
cust_0316,False,,none
cust_0317,False,,none
cust_0318,True,ring_06,fraud_ring
cust_0319,False,,none
cust_0320,False,,none
cust_0321,False,,none
cust_0322,True,ring_06,fraud_ring
cust_0323,False,,none
cust_0324,False,,none
cust_0325,False,,none
cust_0326,False,,none
cust_0327,False,,none
cust_0328,False,,none
cust_0329,False,,none
cust_0330,False,,none
cust_0331,False,,none
cust_0332,False,,none
cust_0333,False,,none
cust_0334,False,,none
cust_0335,False,,none
cust_0336,False,,none
cust_0337,False,,none
cust_0338,False,,none
cust_0339,False,,none
cust_0340,False,,none
cust_0341,False,,none
cust_0342,False,,none
cust_0343,False,,none
cust_0344,False,,none
cust_0345,False,,none
cust_0346,False,,none
cust_0347,False,,none
cust_0348,False,,none
cust_0349,False,,none
cust_0350,False,,none
cust_0351,False,,none
cust_0352,False,,none
cust_0353,False,,none
cust_0354,False,,none
cust_0355,False,,none
cust_0356,False,,none
cust_0357,False,,none
cust_0358,False,,none
cust_0359,False,,none
cust_0360,False,,none
cust_0361,False,,none
cust_0362,False,,benign_shared_device
cust_0363,False,,none
cust_0364,False,,none
cust_0365,False,,none
cust_0366,False,,none
cust_0367,True,ring_01,fraud_ring
cust_0368,False,,none
cust_0369,False,,none
cust_0370,False,,none
cust_0371,False,,none
cust_0372,False,,none
cust_0373,False,,none
cust_0374,False,,none
cust_0375,False,,none
cust_0376,False,,none
cust_0377,False,,none
cust_0378,False,,none
cust_0379,False,,none
cust_0380,False,,none
cust_0381,False,,none
cust_0382,False,,none
cust_0383,False,,none
cust_0384,False,,none
cust_0385,False,,none
cust_0386,False,,none
cust_0387,False,,none
cust_0388,False,,none
cust_0389,False,,none
cust_0390,False,,none
cust_0391,False,,none
cust_0392,False,,none
cust_0393,False,,none
cust_0394,True,ring_06,fraud_ring
cust_0395,False,,none
cust_0396,False,,none
cust_0397,True,ring_04,fraud_ring
cust_0398,False,,none
cust_0399,False,,benign_shared_device
cust_0400,False,,none
