bank_txn_id,utr,amount,value_date,description
btx_95256ef3b1,UTR451E996636D0,26630.56,2026-08-17T00:00:00,RAZORPAY c5b4c642 SETTLEMENT
btx_4ef157177d,UTR918327D98E02,15613.47,2026-08-23T00:00:00,RAZORPAY ffab5645 SETTLEMENT
btx_533371f3c1,UTRB15F652B1F5D,2165.29,2026-08-10T00:00:00,RAZORPAY c6105ab2 SETTLEMENT
btx_311b2f9482,UTRD47620A71D4B,6095.82,2026-08-09T00:00:00,RAZORPAY 1924542a SETTLEMENT
btx_18faf2d7cb,UTRE441514FEC9A,18904.58,2026-08-21T00:00:00,RAZORPAY 79d6acba SETTLEMENT
btx_0aa9b09faa,UTRE22B0EF67A1E,4617.64,2026-08-29T00:00:00,RAZORPAY 4961fecd SETTLEMENT
btx_c4a9de17a1,UTRBAEE0D8C83AC,39762.9,2026-08-25T00:00:00,RAZORPAY 5ae64c5a SETTLEMENT
btx_ce9a25f6fe,UTR4952AF208527,194.41,2026-07-24T00:00:00,RZP cb3627 ADJ
btx_08740f19a2,UTR177D74DE0ACA,3487.61,2026-09-01T00:00:00,RAZORPAY 5760c62e SETTLEMENT
btx_f6c3e5bc7f,UTR3EFEB3F8E41A,10491.71,2026-08-31T00:00:00,RAZORPAY 20f81711 SETTLEMENT
btx_89a6445108,UTRCC9193243108,253.42,2026-08-23T00:00:00,RAZORPAY 8091ffc2 SETTLEMENT
btx_f001a4d5c0,UTR80B5D1155108,1253.43,2026-09-04T00:00:00,RAZORPAY 957842bc SETTLEMENT
btx_abd1fec657,UTRFC7954255C78,28090.13,2026-07-22T00:00:00,RAZORPAY 7797b946 SETTLEMENT
btx_529d8a61de,UTR1C8E50B8379E,8402.63,2026-08-23T00:00:00,RAZORPAY c2e0aab4 SETTLEMENT
btx_c031ebf4ff,UTR3DF01EA7659F,7263.76,2026-08-23T00:00:00,RAZORPAY 8fa60709 SETTLEMENT
btx_4c123aa808,UTR0C0CE411296B,945.6,2026-08-18T00:00:00,RAZORPAY 5192c61d SETTLEMENT PART1
btx_9c08ce8873,UTRA0490BB60F4A,945.6,2026-08-18T00:00:00,RAZORPAY 5192c61d SETTLEMENT PART2
btx_9d571488fe,UTRB482E518640D,409.79,2026-07-14T00:00:00,RAZORPAY 6394c4bc SETTLEMENT
btx_f19835e5bd,UTR3286F4983079,5059.34,2026-09-03T00:00:00,RAZORPAY df7adb3f SETTLEMENT
btx_c81c9680cc,UTR7B57E50F5917,6921.65,2026-09-02T00:00:00,RAZORPAY aef2d66b SETTLEMENT
btx_c69439bbaf,UTRB985D14EB8D3,30803.24,2026-07-15T00:00:00,RAZORPAY 4cc35014 SETTLEMENT
btx_6d54775c81,UTR72CDB39EDB53,41511.54,2026-07-30T00:00:00,RAZORPAY 56ef0855 SETTLEMENT
btx_2347b00c8d,UTR9E199D00596B,14677.92,2026-08-15T00:00:00,RAZORPAY ba3291d2 SETTLEMENT
btx_ae69b90c9c,UTR82779A5F23D8,539.63,2026-08-11T00:00:00,RAZORPAY 9e1d9d69 SETTLEMENT
btx_25ee606e61,UTR2E006A6E8537,1191.7,2026-08-20T00:00:00,RAZORPAY 2ab42547 SETTLEMENT
btx_0a3574e9b2,UTRB356AD99F829,6439.63,2026-08-06T00:00:00,RAZORPAY f40b1f89 SETTLEMENT
btx_947c28f329,UTR6E535BA31D64,39223.68,2026-08-04T00:00:00,RAZORPAY 15a765f7 SETTLEMENT
btx_c985e24cca,UTRC5A7E545DF97,1299.89,2026-07-22T00:00:00,RAZORPAY a9f39f18 SETTLEMENT
btx_3ac0a54160,UTR4ECA4785A270,108.66,2026-08-08T00:00:00,RAZORPAY 372a519f SETTLEMENT
btx_1b403a8cae,UTR98B51FCCA588,219.75,2026-07-16T00:00:00,RAZORPAY ce38656e SETTLEMENT
btx_7c59001120,UTR0F999B2AF5BF,6.37,2026-07-20T00:00:00,RAZORPAY a1818ab1 SETTLEMENT
btx_5dc7993311,UTRFE77F450A3DC,34960.07,2026-07-21T00:00:00,RAZORPAY 873b64ca SETTLEMENT
btx_95655f319b,UTRD0DA520D32FD,1262.09,2026-08-12T00:00:00,RAZORPAY 924a8b99 SETTLEMENT
btx_babb559b38,UTR9DE1A5679ED8,3674.99,2026-09-02T00:00:00,RZP ca3a08 ADJ
btx_e6a48c9917,UTR1DEC3B18D352,3398.64,2026-08-13T00:00:00,RAZORPAY 8d40475b SETTLEMENT
btx_73c8e3f095,UTR47242F0B8388,969.87,2026-07-13T00:00:00,RAZORPAY 232dd72c SETTLEMENT
btx_3a47eb2632,UTR95A166C605BE,-20.41,2026-07-23T00:00:00,RAZORPAY 476c9774 SETTLEMENT
btx_081a4f38ab,UTR4956D41CF00D,212.37,2026-07-12T00:00:00,RZP c02365 ADJ
btx_50e887144f,UTRA2611CED10E6,973.23,2026-08-27T00:00:00,RAZORPAY f164d83c SETTLEMENT
btx_549827fea5,UTRD21A324CCD5A,17403.1,2026-08-07T00:00:00,RAZORPAY 9df56ffe SETTLEMENT
btx_167522fb06,UTR05CCAE86BB82,1765.57,2026-08-17T00:00:00,RAZORPAY af62a570 SETTLEMENT
btx_4dca06e44e,UTR4F4BC447015B,-19.23,2026-07-11T00:00:00,RAZORPAY 9d9c7f26 SETTLEMENT
btx_65b0740590,UTR6FF82C3D875B,7593.26,2026-07-17T00:00:00,RAZORPAY 219b582b SETTLEMENT
btx_383090d47f,UTR3C9167E74404,595.19,2026-07-21T00:00:00,RAZORPAY 76f1d0f0 SETTLEMENT
btx_d72858d733,UTR86FB5A99532D,3766.37,2026-07-30T00:00:00,RAZORPAY 29000de5 SETTLEMENT
btx_58a68dd977,UTR6706DCA1184A,676.3,2026-07-11T00:00:00,RAZORPAY 6ab605a7 SETTLEMENT
btx_87f4fa1a4b,UTRF954F1AA4276,1170.03,2026-07-30T00:00:00,RAZORPAY 288942ea SETTLEMENT
btx_b63dfcc60b,UTR15E83D26A653,11214.34,2026-07-06T00:00:00,RAZORPAY 068c8a3b SETTLEMENT
btx_32e7f9acbc,UTR7D390B383770,28708.05,2026-07-12T00:00:00,RAZORPAY b1b123be SETTLEMENT
btx_19c45f2666,UTR0BB0DE349827,2461.3,2026-08-20T00:00:00,RAZORPAY d47b9418 SETTLEMENT
btx_7d35d15147,UTRE9406237B274,871.3,2026-08-17T00:00:00,RAZORPAY b7863b92 SETTLEMENT
btx_bb9c458832,UTR7FA2EF12CDD2,7723.6,2026-08-19T00:00:00,RAZORPAY 57f01b82 SETTLEMENT
btx_bf1e03d066,UTRD99442CDC8C9,1528.94,2026-07-22T00:00:00,RAZORPAY 86c0352d SETTLEMENT PART1
btx_1fe714781f,UTR1423F2B27C3E,1528.9499999999998,2026-07-22T00:00:00,RAZORPAY 86c0352d SETTLEMENT PART2
btx_db17ae0c13,UTR81DF985837E1,13543.08,2026-08-05T00:00:00,RAZORPAY 60900dfe SETTLEMENT
btx_14fcdfa638,UTR825F50850D65,1869.83,2026-09-03T00:00:00,RAZORPAY 2c2bd8a0 SETTLEMENT
btx_b876e64e10,UTRE8004832F043,583.93,2026-08-25T00:00:00,RAZORPAY ca9aeae2 SETTLEMENT
btx_8ebbe16eb2,UTRA525C971486E,1232.73,2026-07-28T00:00:00,RAZORPAY 6b6a8985 SETTLEMENT
btx_17be12056f,UTRBAC2FA668F64,16947.85,2026-09-01T00:00:00,RAZORPAY f5c37f45 SETTLEMENT
btx_362ed621a9,UTR859FD6406D6E,28656.6,2026-07-19T00:00:00,RAZORPAY 3f3e591d SETTLEMENT
btx_b19a5800a2,UTR341AABE5CD8A,2267.68,2026-08-17T00:00:00,RAZORPAY efab750f SETTLEMENT
btx_d74df192ab,UTRAD0E51001C97,7879.27,2026-08-02T00:00:00,RAZORPAY baadf1e2 SETTLEMENT
btx_06c9eb8ddb,UTR48713AFF6B7C,1128.55,2026-08-26T00:00:00,RZP dedbc5 ADJ
btx_db9b1ab322,UTR722B4B9779E4,648.61,2026-08-22T00:00:00,RZP 4db7ce ADJ
btx_0f8ba3e35b,UTRF9ADC17E6D1E,533.53,2026-07-27T00:00:00,RAZORPAY 2104ca76 SETTLEMENT
btx_5c2f39dfa8,UTR526A9E7B1138,-262.69,2026-07-11T00:00:00,RAZORPAY 21a5c455 SETTLEMENT
btx_8e91ad0e5c,UTRF848AAF91953,18198.31,2026-08-10T00:00:00,RAZORPAY 5d8e5036 SETTLEMENT
btx_01d66ef247,UTRDEF9F13A6C29,1502.28,2026-08-23T00:00:00,RAZORPAY 11272df2 SETTLEMENT
btx_f75aaccc8b,UTR758C2F3DACE9,1668.91,2026-08-22T00:00:00,RAZORPAY f1078bb9 SETTLEMENT
btx_b75d8ccd6f,UTRF1C386480061,817.06,2026-08-10T00:00:00,RAZORPAY 7e5e9c5a SETTLEMENT
btx_77a97ba7d5,UTRE0C8672AABA6,284.16,2026-07-21T00:00:00,RAZORPAY e9ed45e5 SETTLEMENT
btx_dcdefdd314,UTRD2EA54731592,37166.5,2026-09-04T00:00:00,RZP ea4772 ADJ
btx_4d7bb1b6d7,UTRF231F18F6020,4484.05,2026-07-23T00:00:00,RAZORPAY a8a6fa19 SETTLEMENT
btx_068da37990,UTRE97168026933,921.07,2026-09-03T00:00:00,RAZORPAY 0db31503 SETTLEMENT
btx_4b52525564,UTR2934836629CC,-127.31,2026-08-06T00:00:00,RAZORPAY 4f54a13f SETTLEMENT
btx_171f14f1d2,UTR7EA596F13A52,1837.27,2026-07-13T00:00:00,RAZORPAY 3b0296f3 SETTLEMENT
btx_0e1d140445,UTR3AAC55FAA1FD,335.64,2026-07-22T00:00:00,RAZORPAY 6b55bf59 SETTLEMENT PART1
btx_9a85c952ce,UTR617B427BA076,335.64,2026-07-22T00:00:00,RAZORPAY 6b55bf59 SETTLEMENT PART2
btx_5c60e6870c,UTR5B0743D7CCA0,127.71,2026-08-31T00:00:00,RAZORPAY 96a505c7 SETTLEMENT
btx_c6e1cb23f1,UTRF973ABA6BD94,1325.33,2026-07-15T00:00:00,RAZORPAY 6c59fbda SETTLEMENT
btx_7f0850a2f1,UTRF22B77AA3BB9,-23.95,2026-09-03T00:00:00,RAZORPAY ad053b3a SETTLEMENT
btx_4c8012e7f2,UTR82227198EF6A,719.55,2026-08-27T00:00:00,RAZORPAY a1b1711c SETTLEMENT
btx_05b038072e,UTRB6E3AA928E53,30269.56,2026-07-17T00:00:00,RAZORPAY 8dddde80 SETTLEMENT
btx_534b9e55e0,UTRF2B5E2AEB9FF,-20.34,2026-07-24T00:00:00,RAZORPAY f200c38c SETTLEMENT
btx_b3ff5f6e9f,UTR66EBCF06D9CB,2976.68,2026-07-28T00:00:00,RAZORPAY a237eecc SETTLEMENT
btx_459f144726,UTR07AC888C9C7B,-20.25,2026-09-01T00:00:00,RAZORPAY 1fc6f109 SETTLEMENT
btx_87c4194540,UTRC75CA6D45268,11064.36,2026-08-31T00:00:00,RAZORPAY 9230518c SETTLEMENT
btx_910ea60b60,UTR6C8C8B45B583,20856.64,2026-07-18T00:00:00,RAZORPAY 60dfacc2 SETTLEMENT PART1
btx_55f36faa1f,UTRDCDEC12CC6AC,20856.64,2026-07-18T00:00:00,RAZORPAY 60dfacc2 SETTLEMENT PART2
btx_ccee3029df,UTR3B0A5A491813,8693.15,2026-07-13T00:00:00,RAZORPAY 4ec773da SETTLEMENT
btx_0af6adb289,UTR600E30A1AEBB,11356.25,2026-07-16T00:00:00,RAZORPAY 9e276c05 SETTLEMENT
btx_fde6f7b1cc,UTR5AEDAD02F79A,13457.7,2026-07-10T00:00:00,RAZORPAY 9fd7a04d SETTLEMENT
btx_1ab9f28c3e,UTR538EE881E2FB,-205.11,2026-07-28T00:00:00,RAZORPAY 31ff0f93 SETTLEMENT
btx_69716910b7,UTR95D1532C364A,2865.43,2026-07-24T00:00:00,RAZORPAY 2b36335e SETTLEMENT
btx_f80f57f21a,UTRA1F975C94E6F,976.48,2026-08-30T00:00:00,RAZORPAY 0a8c65f5 SETTLEMENT
btx_097a141231,UTR27A08FF3CF93,676.27,2026-07-25T00:00:00,RAZORPAY dc29bc65 SETTLEMENT PART1
btx_f3d3de0837,UTR9748B05238F2,676.28,2026-07-25T00:00:00,RAZORPAY dc29bc65 SETTLEMENT PART2
btx_f091949da2,UTR9724A735F567,-894.07,2026-07-29T00:00:00,RAZORPAY 2e565845 SETTLEMENT
btx_b1381d91fa,UTR5BB3358F36C3,6134.48,2026-07-31T00:00:00,RAZORPAY 7fbc1252 SETTLEMENT
btx_94a2d0b753,UTRE10C5A1C897A,10528.79,2026-07-27T00:00:00,RAZORPAY 69b54aec SETTLEMENT
btx_b81089feea,UTR7211A53CC3A7,11775.26,2026-07-07T00:00:00,RAZORPAY 17c9f253 SETTLEMENT
btx_9b1592a8e1,UTRDCFE2498C503,1198.16,2026-08-05T00:00:00,RAZORPAY f4957bf1 SETTLEMENT
btx_6d22f0d9f6,UTR5D58DAACAA1C,510.66,2026-08-26T00:00:00,RAZORPAY 5c1ad5a0 SETTLEMENT
btx_07afa2d97c,UTR6D04ACC4AE94,19280.68,2026-07-31T00:00:00,RAZORPAY e58839dd SETTLEMENT
btx_e8442e7b3d,UTR1CADAA9BCEBE,534.5,2026-07-20T00:00:00,RAZORPAY 033dfbbd SETTLEMENT
btx_18029a9d5b,UTRBD07E357681D,37658.18,2026-08-24T00:00:00,RAZORPAY 0f3d0d8b SETTLEMENT
btx_175b52c5b6,UTR472B6934C998,6970.08,2026-08-29T00:00:00,RAZORPAY 23016d32 SETTLEMENT
btx_0ac7186eb9,UTR5B4E30D5ED7F,1288.86,2026-08-16T00:00:00,RAZORPAY bede2c5f SETTLEMENT
btx_30b3f8b85f,UTRF166C6E7B333,2201.73,2026-09-01T00:00:00,RAZORPAY 0ee502aa SETTLEMENT
btx_d168342764,UTR47C290C629DA,11579.92,2026-07-20T00:00:00,RAZORPAY 28e08a5c SETTLEMENT
btx_e75d9d6e0f,UTR36652B7C11C1,4090.27,2026-07-12T00:00:00,RAZORPAY 48450c73 SETTLEMENT
btx_bf349619c3,UTR542A763B3CCD,1170.99,2026-07-15T00:00:00,RAZORPAY 5e647490 SETTLEMENT
btx_fe27eacf95,UTR52EFADD60425,-3.61,2026-07-25T00:00:00,RAZORPAY 56ca201a SETTLEMENT
btx_bb028c17a4,UTR82139A26AEB3,7889.52,2026-07-30T00:00:00,RAZORPAY 0b26057f SETTLEMENT
btx_d20abdee60,UTR1876B2F4960C,-21.81,2026-07-22T00:00:00,RAZORPAY ee67ee49 SETTLEMENT
btx_e1d69c1018,UTRD5C47A7F0CEA,5722.74,2026-08-17T00:00:00,RAZORPAY 952d5244 SETTLEMENT
btx_a62f1df666,UTRC4FB9FFA98B8,1337.33,2026-08-14T00:00:00,RAZORPAY c2b923ca SETTLEMENT
btx_27ddcbd192,UTR51F2618ED5BF,5975.97,2026-08-11T00:00:00,RAZORPAY b4be4f47 SETTLEMENT
btx_4d8aef32c0,UTRB0B2A58C7037,2355.38,2026-07-21T00:00:00,RAZORPAY 2dbc2274 SETTLEMENT
btx_bf46253000,UTRB39BF48494F4,-6.12,2026-07-16T00:00:00,RAZORPAY f33c48e6 SETTLEMENT
btx_921e3d840f,UTR87706A692713,657.77,2026-07-22T00:00:00,RAZORPAY 78e9ba67 SETTLEMENT
btx_926842eb01,UTR5954633F3FD2,2503.05,2026-08-01T00:00:00,RAZORPAY 2d2baca2 SETTLEMENT
btx_b3f1bf1fd5,UTR5B671E527B98,1134.08,2026-07-10T00:00:00,RAZORPAY 3035abb4 SETTLEMENT
btx_d36bfe4d2b,UTR247A0B6546BF,11486.09,2026-07-15T00:00:00,RAZORPAY 263d37a8 SETTLEMENT
btx_8d0e69f025,UTRA520E4825A70,30405.46,2026-08-12T00:00:00,RAZORPAY f8396bfd SETTLEMENT
btx_f5a030af35,UTR700BDE4C0F09,11527.85,2026-07-21T00:00:00,RAZORPAY 4f53ea2a SETTLEMENT
btx_d7e1b38a15,UTR8A425F890BB2,933.29,2026-08-10T00:00:00,RAZORPAY 87748cc6 SETTLEMENT
btx_2ecba1401f,UTRB412182976BF,5982.62,2026-07-14T00:00:00,RAZORPAY 62bbfb9b SETTLEMENT
btx_db9a26da54,UTR31A0114A30BB,14086.66,2026-08-10T00:00:00,RAZORPAY e3d0efad SETTLEMENT
btx_77dbbc68ec,UTRAFAB75471959,21829.37,2026-07-13T00:00:00,RAZORPAY 7e00f434 SETTLEMENT
btx_4e2530cec4,UTRCCCB8D97030F,31026.85,2026-08-06T00:00:00,RAZORPAY 530d47de SETTLEMENT
btx_96777e1007,UTR82D57CCA6BC1,848.24,2026-07-15T00:00:00,RAZORPAY 8cb67187 SETTLEMENT
btx_9a16d8c470,UTR1D7FA2DB6FFB,563.58,2026-07-11T00:00:00,RAZORPAY 73b5df57 SETTLEMENT
btx_4bd8bfa6c9,UTR617820308712,13524.59,2026-08-19T00:00:00,RAZORPAY f2a2fbec SETTLEMENT
btx_7200a3bb73,UTR82AA0FA489E2,164.04,2026-08-17T00:00:00,RAZORPAY 46d02289 SETTLEMENT
btx_f0a12866f4,UTRC893F337B33F,1430.52,2026-09-02T00:00:00,RAZORPAY 0aedec84 SETTLEMENT PART1
btx_8b49d675e8,UTR501FC9CF7199,1430.52,2026-09-02T00:00:00,RAZORPAY 0aedec84 SETTLEMENT PART2
btx_2f839e4e4d,UTR8D9A61DD00D3,3890.12,2026-08-08T00:00:00,RZP 674399 ADJ
btx_d04faea843,UTR62952467CCB1,19644.36,2026-08-04T00:00:00,RAZORPAY d02cefa4 SETTLEMENT
btx_e161457891,UTR25AFCEBDBF50,4443.68,2026-08-09T00:00:00,RAZORPAY 632ffbf0 SETTLEMENT
btx_134be1475f,UTR71C00A9B543C,8747.28,2026-08-09T00:00:00,RAZORPAY f466a934 SETTLEMENT
btx_6e1cdae81d,UTR1F47813AF550,1795.82,2026-08-19T00:00:00,RAZORPAY e52ab20f SETTLEMENT
btx_390ce005fa,UTRCB2F3B52B46C,3900.48,2026-08-03T00:00:00,RAZORPAY a8a40d24 SETTLEMENT
btx_10909cb0f0,UTR81D6A479EE2B,13713.03,2026-07-30T00:00:00,RAZORPAY 79f0e4a5 SETTLEMENT
btx_321fc8a1d2,UTR37B3C79A942A,5234.75,2026-09-01T00:00:00,RAZORPAY fbd8c2f3 SETTLEMENT
btx_7aef52eade,UTRF92C51A6DAD8,16148.14,2026-07-23T00:00:00,RAZORPAY ac257001 SETTLEMENT
btx_422fbd9407,UTR0C12D644B5A1,9396.33,2026-09-04T00:00:00,RAZORPAY 6e0fd542 SETTLEMENT
btx_012a2d586a,UTRC13B4F43375F,33903.03,2026-07-27T00:00:00,RAZORPAY 948d9b8a SETTLEMENT
btx_589820f55f,UTR7A33B78CD588,223.33,2026-07-27T00:00:00,RAZORPAY 0f2f6778 SETTLEMENT
btx_b6aba0c435,UTRAAB61D237EA8,-189.32,2026-07-10T00:00:00,RAZORPAY 42b56498 SETTLEMENT
btx_49dde7365d,UTR59A2D0F6D47C,1717.89,2026-08-25T00:00:00,RAZORPAY 249688cb SETTLEMENT
btx_a4c2bc8de4,UTR0B48E7D38FE7,233.17,2026-08-06T00:00:00,RAZORPAY 400bf292 SETTLEMENT
btx_f68df17ec1,UTR0375447FD2D4,10922.06,2026-07-27T00:00:00,RAZORPAY 804cb9a9 SETTLEMENT
btx_416daa54f0,UTRFAD555414075,340.11,2026-07-30T00:00:00,RAZORPAY d2425926 SETTLEMENT
btx_e8ce0a734e,UTRD748190D189A,650.51,2026-08-06T00:00:00,RAZORPAY 111e0955 SETTLEMENT
btx_df39bd786d,UTR156487D21804,41753.81,2026-09-03T00:00:00,RAZORPAY b20ce613 SETTLEMENT
btx_a92792c161,UTR8EA4A32947CC,251.1,2026-07-27T00:00:00,RAZORPAY 802c89a3 SETTLEMENT
btx_e1b9f1187d,UTR07EE80E68487,1450.35,2026-08-11T00:00:00,RAZORPAY 5950f138 SETTLEMENT
btx_7ae7d67fba,UTR5390D0D2BD74,913.24,2026-08-27T00:00:00,RAZORPAY 22d339a3 SETTLEMENT
btx_497b2a4833,UTR39658EE05242,2925.07,2026-07-24T00:00:00,RAZORPAY a41a90db SETTLEMENT
btx_b5b46b13eb,UTRF4822905239E,7280.6,2026-07-11T00:00:00,RAZORPAY fef49973 SETTLEMENT
btx_8f86b76f41,UTR7E06ACF6620B,367.49,2026-08-31T00:00:00,RAZORPAY 1d4380b4 SETTLEMENT
btx_727cc5f4ee,UTRC74D28B91BF1,487.41,2026-07-13T00:00:00,RAZORPAY ecc5e5fb SETTLEMENT
btx_1da01167f1,UTR1CD58CDFAA6D,624.22,2026-08-30T00:00:00,RZP 6958cf ADJ
btx_92556a565a,UTRB9172A102AC3,400.46,2026-08-17T00:00:00,RAZORPAY 1061e07e SETTLEMENT
btx_30a143930c,UTR0899C97039B2,7454.34,2026-08-22T00:00:00,RAZORPAY fb7322a4 SETTLEMENT
btx_c4d0bbe799,UTR237A99521DDF,710.71,2026-07-10T00:00:00,RAZORPAY 948c1e7c SETTLEMENT
btx_db51185a03,UTR8E6DA7162D03,77.83,2026-07-29T00:00:00,RAZORPAY 69d133e7 SETTLEMENT
btx_6328c07a41,UTR93DCEB6DB2BE,7528.11,2026-07-20T00:00:00,RAZORPAY 37b59447 SETTLEMENT
btx_8019f47697,UTR6C1EEAB57429,459.01,2026-07-29T00:00:00,RAZORPAY c664d535 SETTLEMENT
btx_89fc0977da,UTRB9AE1B71DF7C,-100.65,2026-08-28T00:00:00,RAZORPAY fa1a907a SETTLEMENT
btx_0faad87642,UTR6E5385F92A50,5001.94,2026-08-22T00:00:00,RAZORPAY 45277949 SETTLEMENT
btx_4ed85a480f,UTR4FE8E08D33D6,977.25,2026-07-27T00:00:00,RAZORPAY 667e8e55 SETTLEMENT
btx_b7599c9952,UTR95BB7FD76580,5715.3,2026-08-07T00:00:00,RAZORPAY 58e93ecb SETTLEMENT
btx_63dc2dca18,UTRE8FDF6468377,33954.89,2026-08-30T00:00:00,RAZORPAY 62d122aa SETTLEMENT
btx_09fe56d787,UTR3D625DA4F324,3329.3,2026-08-25T00:00:00,RAZORPAY 47f592f7 SETTLEMENT
btx_005c6a9ff4,UTR9DD0E57E3A0A,12403.44,2026-07-15T00:00:00,RAZORPAY f891e7f7 SETTLEMENT
btx_6083fc3bce,UTR374A1ED79A87,189.31,2026-08-22T00:00:00,RAZORPAY d71b0016 SETTLEMENT
btx_9a0b2fd616,UTRDBCA2A8E762A,6816.7,2026-08-11T00:00:00,RAZORPAY 344ed7d1 SETTLEMENT
btx_495cbc0ef9,UTRA8DD3BDA920E,14826.7,2026-09-02T00:00:00,RAZORPAY d4d3f8c6 SETTLEMENT
btx_651c164908,UTR1DCA6A0AEDAC,44691.56,2026-07-26T00:00:00,RAZORPAY 6f61002a SETTLEMENT
btx_4e22eebffb,UTRA3655D146FD4,5701.1,2026-08-29T00:00:00,RAZORPAY fd35a200 SETTLEMENT
btx_cad47403ff,UTR2C9BED0E3B36,33149.51,2026-08-14T00:00:00,RAZORPAY 6a73cbb2 SETTLEMENT
btx_0028c1ba5a,UTRBF6CB5BB4609,20298.8,2026-08-24T00:00:00,RAZORPAY 9766145f SETTLEMENT
btx_4d3347d76d,UTREC9377619FE5,3112.51,2026-07-07T00:00:00,RAZORPAY a9a51323 SETTLEMENT
btx_f4b2a15c4c,UTRD29EECF6297D,820.94,2026-07-14T00:00:00,RAZORPAY 522e6aff SETTLEMENT
btx_05bd5c39fa,UTR3E70F636158C,35101.62,2026-07-25T00:00:00,RAZORPAY 36589175 SETTLEMENT
btx_571ea6686e,UTR48462CF48C73,8984.13,2026-08-10T00:00:00,RAZORPAY 124c590e SETTLEMENT
btx_9fc3e81577,UTR4B42BA51D43C,2234.76,2026-08-14T00:00:00,RAZORPAY 1dfe9f9e SETTLEMENT
btx_67f7118616,UTR6D06D8F3114C,7416.25,2026-09-01T00:00:00,RAZORPAY 2f4644d4 SETTLEMENT
btx_40b17f4b1c,UTRFFBA121E83FB,464.51,2026-07-06T00:00:00,RAZORPAY ced63064 SETTLEMENT
btx_4142a259e4,UTR7BAD136E63AE,562.36,2026-07-17T00:00:00,RAZORPAY 1d42a119 SETTLEMENT
btx_aec220f4a5,UTR24562FB9C2FA,32612.16,2026-07-30T00:00:00,RAZORPAY 8f9696ce SETTLEMENT
btx_812e070a31,UTR662EF11BE0E6,450.07,2026-08-12T00:00:00,RAZORPAY 6aa9148c SETTLEMENT
btx_1dbad58cf6,UTRAF70AFD544AE,110.93,2026-08-01T00:00:00,RAZORPAY d1851e6f SETTLEMENT
btx_939b5ebe84,UTR497D8754185C,29398.54,2026-08-09T00:00:00,RAZORPAY 5b0c93ae SETTLEMENT
btx_cec42abbc3,UTRA947DC6EA0F8,10038.87,2026-08-10T00:00:00,RAZORPAY b8b3c6c9 SETTLEMENT
btx_dd82327883,UTRE6271D52EFE7,106.69,2026-08-28T00:00:00,RAZORPAY d14a1768 SETTLEMENT
btx_ad6fd60404,UTR64164791046B,10496.66,2026-08-31T00:00:00,RAZORPAY 43c9403b SETTLEMENT
btx_81c73874a8,UTR27ACACF3BCCA,2779.4,2026-08-26T00:00:00,RAZORPAY cb21055d SETTLEMENT
btx_baed1933c0,UTR49282D38CFA4,1035.83,2026-07-23T00:00:00,RAZORPAY a67ae046 SETTLEMENT
btx_d15832772a,UTREBC17BC5802A,1406.84,2026-08-14T00:00:00,RAZORPAY 8400380b SETTLEMENT
btx_7573aa2eef,UTRB1FDB4F57CE9,465.91,2026-09-04T00:00:00,RAZORPAY ce725754 SETTLEMENT
btx_0efc24a7b1,UTRD7A95B62AB03,5281.59,2026-08-14T00:00:00,RAZORPAY cbc2abe8 SETTLEMENT
btx_9e1d101541,UTR02C62D45DE52,1943.55,2026-08-01T00:00:00,RAZORPAY cbb2ce47 SETTLEMENT
btx_9ff16a8cee,UTRD4AF524E7FA8,2479.61,2026-07-23T00:00:00,RAZORPAY 9afc242a SETTLEMENT
btx_d15c0bcdfe,UTR61360545C9C8,53353.98,2026-08-30T00:00:00,RAZORPAY 23776477 SETTLEMENT
btx_219b638e73,UTR0E9B81EAA144,958.63,2026-08-19T00:00:00,RAZORPAY 200e24c6 SETTLEMENT
btx_ef4963b314,UTR5050C31FEA20,8741.85,2026-08-09T00:00:00,RAZORPAY cc12bbc4 SETTLEMENT
btx_0ccdfc12a7,UTRB7FECCAEB306,3745.12,2026-08-22T00:00:00,RAZORPAY 6c7a1bbf SETTLEMENT
btx_0683564cd9,UTR59CDF294DD7A,2532.48,2026-07-22T00:00:00,RAZORPAY 95e05dc4 SETTLEMENT
btx_efaeec84d9,UTR35D8102F28E1,680.01,2026-08-06T00:00:00,RAZORPAY 27f66346 SETTLEMENT
btx_13f89815df,UTR0A4C5325167A,55143.47,2026-08-10T00:00:00,RAZORPAY c0612446 SETTLEMENT
btx_6b4a9a00a0,UTRDAC1F8E0FC8B,441.63,2026-07-14T00:00:00,RAZORPAY c065eb12 SETTLEMENT
btx_14efd21690,UTR7480A9F0D7FC,26181.35,2026-07-28T00:00:00,RAZORPAY 9a7cd6cf SETTLEMENT
btx_bf9f0f82e3,UTRFBAC3BC14E14,2063.4,2026-08-10T00:00:00,RAZORPAY 5a7bc88d SETTLEMENT
btx_f73b559bc2,UTR3F534B921B16,-167.67,2026-08-09T00:00:00,RAZORPAY 75a60725 SETTLEMENT
btx_12c86ed9c4,UTR5A9296EE9418,546.34,2026-07-07T00:00:00,RZP a72f5f ADJ
btx_860fce5c25,UTR3FC226805EC7,1037.79,2026-08-23T00:00:00,RAZORPAY 3697de66 SETTLEMENT
btx_304674ecaa,UTR46B14E487556,7084.99,2026-07-24T00:00:00,RAZORPAY 3103ff8e SETTLEMENT
btx_6792fcba23,UTRF550DB916838,4008.02,2026-08-12T00:00:00,RAZORPAY f4c636f4 SETTLEMENT
btx_f97ae40a7f,UTRFCE390B73810,3334.67,2026-08-03T00:00:00,RAZORPAY 94b6b8b8 SETTLEMENT
btx_390195dffb,UTR77C1C402FE8D,268.56,2026-08-18T00:00:00,RAZORPAY 40af7f1a SETTLEMENT
btx_2921f9abd1,UTRAE978E6DEC58,34182.39,2026-08-13T00:00:00,RAZORPAY 5c416c98 SETTLEMENT
btx_56da0b1b48,UTR3EFBB1B4C585,2714.98,2026-07-30T00:00:00,RAZORPAY 6cde8e2c SETTLEMENT
btx_217c073bc4,UTR44AD9635AB34,1102.79,2026-07-15T00:00:00,RAZORPAY 4f13a63d SETTLEMENT
btx_ddc4618134,UTR72830B6B91DF,9099.67,2026-08-28T00:00:00,RAZORPAY 9717d967 SETTLEMENT
btx_b2fa765fd6,UTR3473F41A836F,4010.56,2026-07-17T00:00:00,RAZORPAY 205092ab SETTLEMENT
btx_d3bd00c33c,UTR7AF8024B5D45,-66.74,2026-07-30T00:00:00,RAZORPAY bcad43a7 SETTLEMENT PART1
btx_6eaff30f4d,UTR7767D994BF60,-66.74,2026-07-30T00:00:00,RAZORPAY bcad43a7 SETTLEMENT PART2
btx_8e3fbfe718,UTR94A833B6DD36,33142.36,2026-07-30T00:00:00,RAZORPAY 1ce954c9 SETTLEMENT
btx_3f51652362,UTR23165CB55F06,151.61,2026-08-17T00:00:00,RAZORPAY 215e5897 SETTLEMENT
btx_a2665651da,UTR0616617C15A7,539.15,2026-08-20T00:00:00,RAZORPAY e752797e SETTLEMENT
btx_3d4ca19f6d,UTRF5EE8DFA4F6E,-17.2,2026-08-01T00:00:00,RAZORPAY b968126b SETTLEMENT
btx_65e5837f8d,UTRAF8D83E6BC87,777.77,2026-08-29T00:00:00,RAZORPAY ec9f2751 SETTLEMENT
btx_7eff1511a2,UTR91E0192A152F,359.56,2026-07-09T00:00:00,RAZORPAY 25437ba6 SETTLEMENT
btx_ca7165e267,UTR1BA003C45EBB,42486.77,2026-08-20T00:00:00,RAZORPAY 5ee2ea6a SETTLEMENT
btx_812b20d836,UTR3C0747192410,7186.78,2026-07-16T00:00:00,RAZORPAY 39a488b0 SETTLEMENT
btx_09cc7ed816,UTRB9D9EA3D1E3A,21144.32,2026-08-19T00:00:00,RAZORPAY c6a97ec4 SETTLEMENT
btx_cf95c704e0,UTRAF3C1A2E81B8,2687.3,2026-07-30T00:00:00,RAZORPAY 92cad0d5 SETTLEMENT
btx_19733c5898,UTR0169BA93AAB9,3693.81,2026-07-13T00:00:00,RAZORPAY 0cc6c7ea SETTLEMENT
btx_bf2857042c,UTRF4CA762838EF,18212.74,2026-08-07T00:00:00,RAZORPAY fd5e15e0 SETTLEMENT
btx_ef0f55b554,UTRB4DF23C332ED,989.96,2026-09-02T00:00:00,RAZORPAY ba04fb08 SETTLEMENT
btx_b594934749,UTR5642CD082CFC,315.9,2026-07-21T00:00:00,RAZORPAY 149d5fcb SETTLEMENT
btx_a604e66d1d,UTR3A0EA14C9C2F,5492.51,2026-08-18T00:00:00,RAZORPAY a9b07568 SETTLEMENT
btx_246c7f49d3,UTR44BDBC56E581,5723.4,2026-08-22T00:00:00,RAZORPAY 2ce01898 SETTLEMENT
btx_574872edcd,UTRB11CC2783923,2365.01,2026-08-16T00:00:00,RAZORPAY 3d1af1c3 SETTLEMENT
btx_b0c5ac6da5,UTR7D387F9FAFF2,745.02,2026-08-11T00:00:00,RAZORPAY 9695a924 SETTLEMENT
btx_130d89268d,UTR2867E3E4F52D,3063.85,2026-07-14T00:00:00,RAZORPAY 514d3d1a SETTLEMENT
btx_0e556eb6f6,UTR36C94478B522,376.22,2026-08-26T00:00:00,RAZORPAY def8598e SETTLEMENT
btx_10329f8a3a,UTRB8054DA08558,2978.29,2026-08-26T00:00:00,RAZORPAY af6bd796 SETTLEMENT
btx_bc17aa9c18,UTR4673A9B2C6C2,782.41,2026-07-07T00:00:00,RAZORPAY 70ea3324 SETTLEMENT PART1
btx_5979019543,UTR2E8BE4D7840C,782.42,2026-07-07T00:00:00,RAZORPAY 70ea3324 SETTLEMENT PART2
btx_bb063875a0,UTR8E35E7A6AFEC,1305.21,2026-08-13T00:00:00,RAZORPAY 85990c64 SETTLEMENT
btx_78bf2f0b68,UTR3B9BDD0EAD42,6914.27,2026-07-24T00:00:00,RAZORPAY c441d7a3 SETTLEMENT
btx_bb93c65eb1,UTRE365D35EE5EB,10985.34,2026-08-05T00:00:00,RAZORPAY abe2e2ca SETTLEMENT
btx_164e2c48b9,UTR72EDF7997C2F,952.3,2026-07-29T00:00:00,RAZORPAY fb716770 SETTLEMENT
btx_ea8c7c5253,UTRABE185573B42,28040.66,2026-08-08T00:00:00,RZP ba1ed0 ADJ
btx_dd797c2367,UTR2FE7504C3DFF,7877.61,2026-07-28T00:00:00,RAZORPAY 49dec157 SETTLEMENT
btx_59b3ccdfdd,UTRB1A722408CAD,838.86,2026-07-26T00:00:00,RAZORPAY a14ede7d SETTLEMENT
btx_eaa2fb61c7,UTRB22ECDE136FA,6834.76,2026-07-19T00:00:00,RAZORPAY f1209c29 SETTLEMENT
btx_dd39a5de10,UTR305AB5700478,826.18,2026-07-17T00:00:00,RAZORPAY 26b338bd SETTLEMENT
btx_bb1399fd73,UTR4F117EF14E49,267.24,2026-09-03T00:00:00,RAZORPAY 9d750afe SETTLEMENT
btx_109e951244,UTR69BABE018CF9,-81.0,2026-08-13T00:00:00,RAZORPAY 346a01c1 SETTLEMENT
btx_986fd0fe58,UTRB70845347120,1421.97,2026-08-01T00:00:00,RAZORPAY c9a3694f SETTLEMENT
btx_653cc97681,UTR3F7F89DE3214,48629.85,2026-09-04T00:00:00,RAZORPAY 07be79f9 SETTLEMENT
btx_27015d6b09,UTR0757F3F2E45F,8683.31,2026-07-10T00:00:00,RAZORPAY 7a667915 SETTLEMENT
btx_cafb3c3830,UTR34033E053AB8,1102.6,2026-08-29T00:00:00,RAZORPAY eb482744 SETTLEMENT
btx_f7ed989d6d,UTR223C6053DB98,295.85,2026-08-03T00:00:00,RAZORPAY ad917566 SETTLEMENT
btx_8cdca0ffcd,UTRED4F470D03C9,19475.67,2026-07-19T00:00:00,RAZORPAY d5956f30 SETTLEMENT PART1
btx_15747d462e,UTR56E8D26D1822,19475.68,2026-07-19T00:00:00,RAZORPAY d5956f30 SETTLEMENT PART2
btx_3f38e1e3c6,UTRA6710E60F0FE,1816.6,2026-08-25T00:00:00,RAZORPAY f4ff583a SETTLEMENT
btx_63d7e8cfbc,UTR0B85A31F033C,1148.33,2026-08-18T00:00:00,RAZORPAY 9b5a0dd6 SETTLEMENT
btx_6de86886ea,UTRA2C786705906,5287.98,2026-08-20T00:00:00,RAZORPAY 92c8a285 SETTLEMENT
btx_144e90d6db,UTRBEF90F75C3A0,1264.79,2026-08-31T00:00:00,RAZORPAY 596e06b9 SETTLEMENT
btx_4546cea630,UTR26A2B2F4ACD0,18283.46,2026-08-03T00:00:00,RAZORPAY f9d2311b SETTLEMENT
btx_76d37163fc,UTR6DC119049124,4774.24,2026-08-12T00:00:00,RAZORPAY 2461762f SETTLEMENT
btx_3a87ee20d2,UTRA3AAF9A2A188,1047.16,2026-08-02T00:00:00,RAZORPAY 03466cf0 SETTLEMENT
btx_192667c018,UTR680CFA222436,2585.19,2026-08-26T00:00:00,RAZORPAY 3e67e8da SETTLEMENT
btx_e989841b0f,UTR298EC9C6D758,2369.6,2026-08-31T00:00:00,RAZORPAY eba03e9c SETTLEMENT
btx_fe4d798b65,UTR9EEDCD04C397,3353.05,2026-07-23T00:00:00,RAZORPAY d62caac7 SETTLEMENT PART1
btx_763cf1694f,UTR829057CDF742,3353.05,2026-07-23T00:00:00,RAZORPAY d62caac7 SETTLEMENT PART2
btx_85a44da1e4,UTR4F2022D73965,499.6,2026-07-26T00:00:00,RAZORPAY 2bcbaf05 SETTLEMENT
btx_ba57745ecc,UTR60250789753D,973.34,2026-08-02T00:00:00,RAZORPAY 69322624 SETTLEMENT
btx_8db381c439,UTR18161F7A230F,852.67,2026-08-07T00:00:00,RAZORPAY d811dcb6 SETTLEMENT
btx_01b81f9f83,UTR2D209F14185B,2558.89,2026-08-22T00:00:00,RAZORPAY 3b659872 SETTLEMENT
btx_81df3b1afb,UTR76F669A24979,2108.82,2026-08-08T00:00:00,RAZORPAY b57a68c7 SETTLEMENT
btx_9ab2c84297,UTR9B428E594490,9429.69,2026-08-29T00:00:00,RAZORPAY 3a37274d SETTLEMENT
btx_a70915b877,UTR0FB40A122E90,8850.51,2026-08-06T00:00:00,RZP 833c6d ADJ
btx_08ad138f7b,UTR2CE7DED71EBC,1397.25,2026-07-27T00:00:00,RAZORPAY ea2f2903 SETTLEMENT
btx_01ff36acc5,UTR8E473CD07EE1,28112.43,2026-07-08T00:00:00,RAZORPAY 1927bb0b SETTLEMENT
btx_21596abf6f,UTRF19C460B3EA1,6832.94,2026-08-07T00:00:00,RAZORPAY 42664ed5 SETTLEMENT
btx_6e69eb52be,UTR009EA0479895,1855.78,2026-08-06T00:00:00,RAZORPAY 4afeb28a SETTLEMENT
btx_f7107b08fa,UTRC582414360A9,9140.41,2026-08-16T00:00:00,RAZORPAY 87063b26 SETTLEMENT
btx_553bd33e18,UTR3AF3FAB24634,7783.18,2026-08-05T00:00:00,RAZORPAY 47feab43 SETTLEMENT
btx_b44f8db760,UTR170C3F4B0E27,1073.01,2026-07-31T00:00:00,RAZORPAY 1b8c96e7 SETTLEMENT
btx_823063e4be,UTR18621F7D988E,747.4,2026-08-09T00:00:00,RAZORPAY 3a1774aa SETTLEMENT
btx_81755bf88c,UTRD7FD08D12ECD,2763.4,2026-07-16T00:00:00,RAZORPAY 74c09f02 SETTLEMENT
btx_6e8b57725d,UTRFAABF135952D,408.51,2026-08-20T00:00:00,RZP c75e92 ADJ
btx_d4a811d7b2,UTR3B91EC26729C,3034.79,2026-07-12T00:00:00,RAZORPAY 3d6d4170 SETTLEMENT
btx_c4b7f4e061,UTREAA96B557DBA,8201.7,2026-07-29T00:00:00,RAZORPAY 89e8d8ea SETTLEMENT
btx_b9277cbb87,UTR452FCBFB5244,8492.57,2026-09-02T00:00:00,RAZORPAY 3d478e8f SETTLEMENT
btx_8d22a8d7f9,UTR44099F152827,10724.97,2026-07-06T00:00:00,RAZORPAY 941c898e SETTLEMENT
btx_e7b1c5edfe,UTR9501D5689076,6048.98,2026-07-26T00:00:00,RAZORPAY 48b65fed SETTLEMENT
btx_9ce0480ca1,UTRB0904A20EF17,33337.84,2026-09-03T00:00:00,RAZORPAY 373854f9 SETTLEMENT
btx_858649c4a0,UTRF412FBEEB755,904.38,2026-08-06T00:00:00,RAZORPAY aeb7a85f SETTLEMENT
btx_c7523f11b3,UTR0AC1B3D1D8A6,287.75,2026-08-29T00:00:00,RAZORPAY 6aac4192 SETTLEMENT
btx_936faa0e56,UTREB8B2ACDD179,4399.85,2026-07-23T00:00:00,RAZORPAY e52f5bb5 SETTLEMENT
btx_4d5c401612,UTRF9AC6A1B4C8A,-800.08,2026-07-09T00:00:00,RAZORPAY 9d7dbb2c SETTLEMENT
btx_40154778b8,UTR6DDCDD42E225,14891.76,2026-08-26T00:00:00,RAZORPAY bb98f270 SETTLEMENT
btx_f434849985,UTR15FD15D65C70,956.53,2026-08-21T00:00:00,RAZORPAY 853fdde1 SETTLEMENT
btx_592514eea0,UTR04581435E30D,1451.43,2026-07-09T00:00:00,RAZORPAY e5156e20 SETTLEMENT
btx_40f8125b1f,UTR432A3A08C06A,8222.39,2026-08-11T00:00:00,RAZORPAY 34408bf7 SETTLEMENT
btx_2d8d05678b,UTR126B076A62EF,4979.54,2026-07-14T00:00:00,RAZORPAY 7cebdf38 SETTLEMENT
btx_7baa84de0e,UTR56D11AEC2B1A,3904.09,2026-08-18T00:00:00,RAZORPAY 02fd8b0b SETTLEMENT
btx_f1e433decb,UTRF0F952BBFD14,27276.45,2026-07-22T00:00:00,RAZORPAY 07a07470 SETTLEMENT
btx_5d432a80fb,UTRAB4805074A57,11603.52,2026-08-01T00:00:00,RAZORPAY 8e20516d SETTLEMENT
btx_cd18e95eb2,UTR85E48B4307E9,3687.53,2026-09-02T00:00:00,RAZORPAY 4dbf9738 SETTLEMENT
btx_cd361d7045,UTR8C78AD22B2C8,2229.19,2026-08-19T00:00:00,RAZORPAY 112512a5 SETTLEMENT
btx_d7750b92ef,UTRA86399AFE65A,1155.26,2026-08-12T00:00:00,RAZORPAY 1ca14173 SETTLEMENT
btx_2b0dc137ff,UTR825BC3EB0CC0,3703.55,2026-07-18T00:00:00,RAZORPAY d1e9e258 SETTLEMENT
btx_d2b3e55349,UTR1FD6B4E8322B,2016.88,2026-08-18T00:00:00,RAZORPAY 05a833ce SETTLEMENT PART1
btx_aa2e3b73f8,UTRD12C9CAAB5E4,2016.88,2026-08-18T00:00:00,RAZORPAY 05a833ce SETTLEMENT PART2
btx_dbcfe4dbd9,UTRBE7A466CD554,304.88,2026-08-07T00:00:00,RAZORPAY fe6ca86b SETTLEMENT
btx_6fe4a09619,UTR2628D26E9580,829.38,2026-08-10T00:00:00,RAZORPAY 1a33e6eb SETTLEMENT
btx_c661450f64,UTR1DF70EBE60F0,622.77,2026-07-25T00:00:00,RAZORPAY 004b9e97 SETTLEMENT
btx_cb8a20b97f,UTRE5B49E0FE20D,183.75,2026-08-27T00:00:00,RAZORPAY b2092ba8 SETTLEMENT
btx_72731c7a14,UTR83AB991ABD8B,7309.36,2026-08-27T00:00:00,RAZORPAY 41d7fe72 SETTLEMENT
btx_0c0c1faba8,UTR5803D471C89C,991.39,2026-08-21T00:00:00,RAZORPAY dbe0af0d SETTLEMENT
btx_9da732fc4b,UTRB4BE74AD8A90,3796.83,2026-07-15T00:00:00,RAZORPAY 336a7dbd SETTLEMENT
btx_49f48e66f4,UTRF5C740E02D83,1190.08,2026-07-27T00:00:00,RAZORPAY df34f353 SETTLEMENT
btx_26991ccba5,UTR7ACDEAF84935,24719.45,2026-07-19T00:00:00,RZP 0ded66 ADJ
btx_b4c7f0995e,UTREAF41116C45D,2296.87,2026-07-07T00:00:00,RAZORPAY bc788a09 SETTLEMENT
btx_60b5160443,UTRBB465961AB15,282.23,2026-07-10T00:00:00,RAZORPAY 76ecc3fd SETTLEMENT
btx_688a1b021d,UTR32FB75A94B54,1138.07,2026-08-27T00:00:00,RAZORPAY ed92001a SETTLEMENT
btx_295fd8c26e,UTRF745E42DFD1F,301.61,2026-08-21T00:00:00,RAZORPAY 8a688841 SETTLEMENT
btx_383b3dfaff,UTRA65CF879FE2B,5760.96,2026-08-07T00:00:00,RAZORPAY 9cb1772e SETTLEMENT
btx_56541461c8,UTR1C72214A774B,1818.86,2026-08-19T00:00:00,RAZORPAY a0ad918f SETTLEMENT
btx_6b0db4cf8b,UTR2C307EE4ABDE,-30.5,2026-08-20T00:00:00,RAZORPAY b16fca93 SETTLEMENT
btx_153be2429c,UTRBFBA41057F2E,1183.77,2026-09-03T00:00:00,RAZORPAY 8042f72f SETTLEMENT
btx_ee99a34468,UTR8A038CFDCDB5,4245.7,2026-07-27T00:00:00,RAZORPAY 47ff6d2e SETTLEMENT
btx_9c5c662878,UTR2AC83A8FFC88,3993.35,2026-08-07T00:00:00,RAZORPAY 81e3661e SETTLEMENT
btx_026c1fd04f,UTRE39072E50D5A,491.48,2026-07-15T00:00:00,RAZORPAY 857a1cb5 SETTLEMENT PART1
btx_7bdaa18af4,UTR8212A4A91C0E,491.47,2026-07-15T00:00:00,RAZORPAY 857a1cb5 SETTLEMENT PART2
btx_974ca8dcf9,UTR3F6136F2E579,9125.93,2026-07-08T00:00:00,RAZORPAY 7d357ea4 SETTLEMENT
btx_d90a3e2a34,UTR73CB1FC3A6CC,8681.14,2026-07-06T00:00:00,RAZORPAY c4ac35e7 SETTLEMENT
btx_c725a17bb7,UTR3E80EF30AFAD,466.44,2026-09-03T00:00:00,RAZORPAY a3a38ead SETTLEMENT
btx_85cc8dfe54,UTR7C1D77422D11,1786.54,2026-08-29T00:00:00,RAZORPAY 41f46f75 SETTLEMENT
btx_4bd069f7ce,UTR8EE064700FA0,2440.93,2026-08-31T00:00:00,RAZORPAY 2c984727 SETTLEMENT
btx_47f86f5c96,UTR9C05CB17BA36,675.77,2026-07-11T00:00:00,RAZORPAY f43c088a SETTLEMENT
btx_15f361f9f9,UTR224E6FEFD41D,631.69,2026-07-25T00:00:00,RAZORPAY 97c2a1e1 SETTLEMENT
btx_c0f6141357,UTR368DB77B23C8,298.5,2026-07-21T00:00:00,RAZORPAY 39e0ab45 SETTLEMENT
btx_2ac4efc2c0,UTR96E8E0607523,278.11,2026-08-09T00:00:00,RAZORPAY a000ce25 SETTLEMENT
btx_32dcdfa761,UTRCD8BC0B3EAF6,6899.97,2026-08-28T00:00:00,RAZORPAY 0eba7177 SETTLEMENT
btx_6bde294d14,UTRA108A4E60AE0,3789.62,2026-08-11T00:00:00,RAZORPAY 6b8f0b1b SETTLEMENT
btx_39e1e4d00d,UTR6BA5333A8144,325.05,2026-07-22T00:00:00,RAZORPAY 4d1c40ab SETTLEMENT
btx_a66c5d8d85,UTRB80D2641F138,29.0,2026-08-23T00:00:00,RAZORPAY fc471170 SETTLEMENT
btx_8caf3bd90a,UTR774FA1750EE6,791.24,2026-08-04T00:00:00,RAZORPAY f6337a19 SETTLEMENT
btx_a67466cc78,UTR7EE13A6C005D,28666.49,2026-07-19T00:00:00,RAZORPAY 21f1ff5b SETTLEMENT
btx_3037ddd730,UTR49BC0D10313D,938.9,2026-07-27T00:00:00,RAZORPAY c8a1323b SETTLEMENT
btx_8027b61e5b,UTR70680DBF8690,2360.41,2026-08-25T00:00:00,RAZORPAY b1db2601 SETTLEMENT
btx_76229070ab,UTREAF2B9897F2E,486.75,2026-08-09T00:00:00,RAZORPAY 2d2a0bd1 SETTLEMENT
btx_2a2585019e,UTRD207D2DBB75B,-219.15,2026-08-15T00:00:00,RAZORPAY b985285e SETTLEMENT
btx_8f5332e8f7,UTRC4745A5E9376,2937.22,2026-08-04T00:00:00,RAZORPAY af41b8ad SETTLEMENT
btx_eaf42f293d,UTR7DC656F19844,2371.4,2026-08-15T00:00:00,RAZORPAY 2d640930 SETTLEMENT
btx_faef9f253c,UTR876F098336A7,37170.4,2026-08-21T00:00:00,RAZORPAY 95fe2459 SETTLEMENT
btx_6246dbdf87,UTRE118DB34296C,46202.48,2026-07-09T00:00:00,RAZORPAY de4feaa5 SETTLEMENT
btx_1208916d17,UTR41F9972FA0E8,1644.48,2026-08-01T00:00:00,RAZORPAY efa30311 SETTLEMENT
btx_039d0f6f20,UTRF76E484C7B82,9897.43,2026-08-01T00:00:00,RAZORPAY 8585f8d7 SETTLEMENT
btx_795284c201,UTR24C33E02C236,1377.54,2026-08-25T00:00:00,RAZORPAY 98ccc954 SETTLEMENT
btx_2960e0365d,UTRE5CD9E0BA9CB,308.91,2026-07-27T00:00:00,RAZORPAY fbdd704c SETTLEMENT
btx_de99a0bf3c,UTR97909A2E35CD,6791.52,2026-07-17T00:00:00,RAZORPAY 1e5ec446 SETTLEMENT
btx_63dc97e56b,UTRC73D8D5E533A,523.55,2026-08-10T00:00:00,RAZORPAY d424b61c SETTLEMENT
btx_5614eca08f,UTR35AEAAE5C34F,384.48,2026-07-14T00:00:00,RAZORPAY 1509ac3d SETTLEMENT
btx_f95b2e4957,UTR11A841EE0098,303.66,2026-07-25T00:00:00,RZP dcce76 ADJ
btx_5544ac0ccb,UTR148229BB8305,45869.45,2026-08-21T00:00:00,RAZORPAY c37db1f7 SETTLEMENT
btx_a26148c696,UTR361CC5EAE23D,16303.33,2026-07-17T00:00:00,RAZORPAY 08c7cd02 SETTLEMENT
btx_72d1ae393b,UTRA7CDF58B47C9,30275.43,2026-07-16T00:00:00,RAZORPAY bf6c662d SETTLEMENT
btx_f3dad14ffd,UTR714B942604B5,11621.05,2026-07-18T00:00:00,RAZORPAY 52195691 SETTLEMENT
btx_a1f49ba3ee,UTRB50CBEAEE205,7550.81,2026-08-14T00:00:00,RAZORPAY 6cb7d3a8 SETTLEMENT
btx_002ba3d1b3,UTRA22B497E17D5,908.05,2026-07-16T00:00:00,RAZORPAY d21a89c0 SETTLEMENT
btx_b4b157559a,UTR862EA38DABF7,-18.81,2026-08-24T00:00:00,RAZORPAY 79991bca SETTLEMENT
btx_4239a71fad,UTRA24B9DE3DEF5,685.99,2026-07-18T00:00:00,RAZORPAY ecd7201d SETTLEMENT
btx_2035f9eab5,UTR0758AA8853EE,987.05,2026-08-04T00:00:00,RAZORPAY cf7e37fb SETTLEMENT
btx_b706ea5006,UTRA17788612ACD,157.55,2026-08-23T00:00:00,RAZORPAY 04176f1b SETTLEMENT
btx_7e303fcf0b,UTR0D22314D352D,996.77,2026-08-16T00:00:00,RAZORPAY 57ef5714 SETTLEMENT
btx_8a508a54a5,UTR9D9DC97F922C,631.16,2026-08-31T00:00:00,RAZORPAY 753c0f66 SETTLEMENT
btx_cd27e78e76,UTR822D5B1D1935,-27.64,2026-08-08T00:00:00,RAZORPAY 9320194d SETTLEMENT
btx_723a271c4a,UTR372E023D4082,7430.96,2026-07-15T00:00:00,RZP a8bc68 ADJ
btx_46383a15c6,UTR0B981E103875,1029.04,2026-07-13T00:00:00,RAZORPAY 5b08b88a SETTLEMENT
btx_3a9b258ea8,UTR77DCECD9DB54,663.99,2026-07-30T00:00:00,RAZORPAY 044a8eaf SETTLEMENT
btx_3a09396bd2,UTR3AF311B78BDB,-249.18,2026-08-31T00:00:00,RAZORPAY 5b3bce8c SETTLEMENT
btx_61362bf5f4,UTR3E556E162AF0,1034.43,2026-08-04T00:00:00,RAZORPAY 45454919 SETTLEMENT
btx_0533df3ac6,UTRA95884C97D5C,235.21,2026-07-09T00:00:00,RAZORPAY 6d452af5 SETTLEMENT PART1
btx_b47946ae6a,UTR208C12C9068E,235.21,2026-07-09T00:00:00,RAZORPAY 6d452af5 SETTLEMENT PART2
btx_08a227756f,UTRC2890955B053,184.55,2026-08-15T00:00:00,RAZORPAY ed30c80c SETTLEMENT
btx_6ffc38898f,UTRB8E3682504D7,878.13,2026-08-24T00:00:00,RAZORPAY 7194b787 SETTLEMENT
btx_539208998e,UTR4D644E452986,1837.04,2026-07-18T00:00:00,RAZORPAY b053c74a SETTLEMENT
btx_97a5bc8015,UTR70C36F3E1460,675.69,2026-07-20T00:00:00,RAZORPAY c84710c0 SETTLEMENT
btx_96e715dc83,UTR67A9A2D45F45,-1293.74,2026-08-27T00:00:00,RAZORPAY 46ccd33c SETTLEMENT
btx_b517411349,UTR9663EA79AB8E,-10.5,2026-08-02T00:00:00,RAZORPAY 45aca125 SETTLEMENT
btx_83b6454038,UTR92D557791519,34194.46,2026-07-11T00:00:00,RAZORPAY 7419bb08 SETTLEMENT
btx_2e8302421b,UTRE12DA91BCE86,1207.96,2026-07-18T00:00:00,RAZORPAY 48490d86 SETTLEMENT
btx_635b3bd162,UTR2CBE2F7E32AB,1377.55,2026-07-29T00:00:00,RAZORPAY e3744488 SETTLEMENT
btx_dc018c461d,UTR41183357D2EB,9262.28,2026-08-14T00:00:00,RAZORPAY 1d995ff3 SETTLEMENT
btx_9482ade7e8,UTRB48BCE3BA087,1247.48,2026-08-16T00:00:00,RAZORPAY 2176e4ce SETTLEMENT
btx_a93e786020,UTR12DEA74DB64A,1094.46,2026-08-28T00:00:00,RAZORPAY a8147e30 SETTLEMENT
btx_acda0cfd7c,UTR1103C9FB4D5F,703.75,2026-07-19T00:00:00,RAZORPAY 7db64e9a SETTLEMENT
btx_5418bf01d1,UTRDE57541B9B58,438.83,2026-07-19T00:00:00,RAZORPAY 59ea71d0 SETTLEMENT
btx_2cd48afce6,UTR50AB265EDC4D,156.02,2026-07-15T00:00:00,RAZORPAY 9a96ab81 SETTLEMENT
btx_819f577ca8,UTRBC79A4EE32C8,773.15,2026-07-19T00:00:00,RAZORPAY 4dc9b7f1 SETTLEMENT
btx_c033df4cba,UTR78FFC39E4595,552.65,2026-07-29T00:00:00,RAZORPAY d2e5a692 SETTLEMENT
btx_47a25e7b34,UTR28D9B084521D,1519.56,2026-08-24T00:00:00,RAZORPAY 1038591e SETTLEMENT
btx_5469e9227b,UTRD101B13AECD0,962.37,2026-07-22T00:00:00,RAZORPAY d2642268 SETTLEMENT
btx_f7f10e5e96,UTR77A4F8101F1D,1284.39,2026-07-25T00:00:00,RAZORPAY e6a937a3 SETTLEMENT
btx_8047a6a0b7,UTR9AB8D2D8ED52,578.61,2026-07-06T00:00:00,RAZORPAY 6f715617 SETTLEMENT
btx_0abfdd6a97,UTR9D13CFEDDF25,2378.98,2026-07-26T00:00:00,RAZORPAY 7f7e50cd SETTLEMENT
btx_e16f661d69,UTRD43B69FA7F27,17435.69,2026-08-04T00:00:00,RAZORPAY 6a58b141 SETTLEMENT
btx_be8c36860b,UTRDE90C03A09A9,-241.58,2026-08-26T00:00:00,RAZORPAY 55c64bca SETTLEMENT
btx_a6e5c4fe81,UTR919DA0BF3F49,501.55,2026-07-11T00:00:00,RAZORPAY 050f38d2 SETTLEMENT
btx_dd563cf12f,UTRB2725D4B4C94,326.71,2026-08-30T00:00:00,RZP 8fe58d ADJ
btx_db59b999ee,UTR3A194C5B3D2C,4516.14,2026-09-02T00:00:00,RAZORPAY bd0c158b SETTLEMENT
btx_0ef2269e8d,UTR9975E48671DD,18626.15,2026-07-24T00:00:00,RAZORPAY 2b07a267 SETTLEMENT
btx_5532629b67,UTRA7F0EB5EAB37,498.35,2026-09-02T00:00:00,RAZORPAY 6b5fc106 SETTLEMENT PART1
btx_c6e68525f7,UTR21167C8B0EAC,498.35,2026-09-02T00:00:00,RAZORPAY 6b5fc106 SETTLEMENT PART2
btx_0ae6e67d2f,UTRB081E1011830,2140.98,2026-07-09T00:00:00,RAZORPAY acae83ed SETTLEMENT
btx_9c1a1f69a0,UTR5099801214D2,6986.26,2026-07-14T00:00:00,RAZORPAY 0062062a SETTLEMENT
btx_faed169b1c,UTRCCF57801639F,1331.2,2026-08-18T00:00:00,RAZORPAY 572ccad6 SETTLEMENT
btx_faca5bae4d,UTR52E838F3E52C,1231.47,2026-08-13T00:00:00,RAZORPAY 61d3647f SETTLEMENT
btx_8bfe77359e,UTRC3AB8AFC2942,11053.29,2026-08-22T00:00:00,RAZORPAY ac7c3b46 SETTLEMENT
btx_124e356604,UTR5369F834A5F6,11132.98,2026-08-23T00:00:00,RAZORPAY 826719a2 SETTLEMENT
btx_9e07f27c51,UTRBD0D276267F2,5125.08,2026-07-21T00:00:00,RAZORPAY ecb5b3a9 SETTLEMENT
btx_758356cb21,UTR90DEDA2E957B,1703.45,2026-07-18T00:00:00,RAZORPAY 5d79a392 SETTLEMENT PART1
btx_e50f1c5e41,UTRA9A5F0669B63,1703.45,2026-07-18T00:00:00,RAZORPAY 5d79a392 SETTLEMENT PART2
btx_1980449f1f,UTRBE5C5EA05ABA,7175.31,2026-07-21T00:00:00,RAZORPAY 02256ad4 SETTLEMENT
btx_d1974ec5f4,UTRFC4853AD6F92,3046.48,2026-08-10T00:00:00,RAZORPAY 174419b6 SETTLEMENT
btx_c530eee52c,UTRA852F31A7D84,5711.43,2026-07-30T00:00:00,RAZORPAY ff3d223a SETTLEMENT
btx_87964651e6,UTR440CAFECC0E9,635.22,2026-07-10T00:00:00,RAZORPAY b3921ace SETTLEMENT
btx_c7650d3528,UTR2FC22DFF8962,1028.37,2026-08-29T00:00:00,RAZORPAY 3fe456f1 SETTLEMENT
btx_c4b3d87318,UTR8781D66E4B6C,34364.64,2026-07-20T00:00:00,RAZORPAY bb516fe0 SETTLEMENT
btx_be1145d372,UTR5FF08B7D2F6C,8615.22,2026-08-15T00:00:00,RAZORPAY 720b3bb2 SETTLEMENT
btx_584dc332ea,UTR9C85DAD5FE4B,966.6,2026-07-08T00:00:00,RAZORPAY baff1d14 SETTLEMENT
btx_51da397863,UTRFC840E7A9E7A,162.89,2026-07-18T00:00:00,RAZORPAY c0257f9e SETTLEMENT
btx_7469f9ca34,UTRF2C1989E67D1,11604.03,2026-08-30T00:00:00,RAZORPAY 3e54398b SETTLEMENT
btx_7435a24922,UTR6B2D858186AD,676.44,2026-08-20T00:00:00,RAZORPAY 64f8dc45 SETTLEMENT
btx_0260e84b06,UTR9470975C71FF,1069.76,2026-07-19T00:00:00,RAZORPAY b1b80216 SETTLEMENT
btx_0b434466d8,UTR103687EA62EA,197.4,2026-08-05T00:00:00,RAZORPAY cd7e6844 SETTLEMENT
btx_d9382c0020,UTR39A60D548F67,-139.91,2026-08-05T00:00:00,RAZORPAY 33cb9b45 SETTLEMENT
btx_d12acc3482,UTR35662D3A76F1,1287.48,2026-08-16T00:00:00,RAZORPAY 6ee861c1 SETTLEMENT
btx_1241846306,UTRA8B092B531B7,1081.9,2026-09-03T00:00:00,RAZORPAY fe6ac950 SETTLEMENT
btx_e39f64b009,UTR583480F13DD1,1496.0,2026-08-07T00:00:00,RAZORPAY d9b6bce4 SETTLEMENT PART1
btx_1069fc0f47,UTR53CABCAA6D37,1496.0,2026-08-07T00:00:00,RAZORPAY d9b6bce4 SETTLEMENT PART2
btx_417df45f40,UTR25E49EF99394,21438.8,2026-07-10T00:00:00,RAZORPAY ac3644bd SETTLEMENT
btx_ddddec9080,UTRBEBF2B8097DA,2006.68,2026-08-30T00:00:00,RAZORPAY eaccf69b SETTLEMENT
btx_c1735464cc,UTR3CD11E7B4552,18385.85,2026-07-08T00:00:00,RAZORPAY 0bc52ec5 SETTLEMENT
btx_cf963cc153,UTRA87F75C66012,7686.2,2026-08-14T00:00:00,RAZORPAY bb3c14d4 SETTLEMENT
btx_c7c29b14fb,UTR72EAE6195973,1499.9,2026-08-06T00:00:00,RAZORPAY 901b904b SETTLEMENT
btx_c7723351c0,UTR162BEAA37DA6,288.28,2026-07-15T00:00:00,RZP db6ea8 ADJ
btx_baf76a5adb,UTR14EE2BB807DF,-445.93,2026-07-12T00:00:00,RAZORPAY ef69bf97 SETTLEMENT
btx_fe235b5288,UTRE5C7EEFF2E0D,654.67,2026-07-29T00:00:00,RAZORPAY cc21271d SETTLEMENT
btx_39300b0ea3,UTR68829691DC8D,9514.77,2026-08-05T00:00:00,RAZORPAY 5595d3a3 SETTLEMENT
btx_7c11926b60,UTRE420CB08A45D,10071.2,2026-08-12T00:00:00,RAZORPAY ad66e090 SETTLEMENT
btx_80e422991e,UTR58EC5401C8F6,-26.79,2026-08-30T00:00:00,RAZORPAY b1d13df4 SETTLEMENT
btx_aeaa8b5ecf,UTRD5D274B839DB,32575.96,2026-08-02T00:00:00,RAZORPAY 122f612a SETTLEMENT
btx_ac91ddaf36,UTRD8C17CB75157,133.17,2026-08-12T00:00:00,RAZORPAY 2e20214b SETTLEMENT PART1
btx_299f62f1fa,UTR18BD28666C97,133.17,2026-08-12T00:00:00,RAZORPAY 2e20214b SETTLEMENT PART2
btx_e297040ef3,UTR7796D8698729,28212.05,2026-07-28T00:00:00,RAZORPAY 318fd565 SETTLEMENT
btx_a8b7c938f2,UTR42E30351F96D,9752.62,2026-07-27T00:00:00,RAZORPAY fd502e76 SETTLEMENT
btx_803cd99137,UTRA175BB3DE83B,43400.21,2026-07-26T00:00:00,RAZORPAY 8fb949d9 SETTLEMENT
btx_83bd8aebd4,UTR19DCCE11A47C,876.67,2026-07-28T00:00:00,RAZORPAY 8d9e9ffb SETTLEMENT
btx_90225bb123,UTR8311AFB0F56A,10518.34,2026-07-06T00:00:00,RAZORPAY b5f5ca3c SETTLEMENT
btx_d6f0b5a0a4,UTR3BCCC444DB0B,952.14,2026-08-20T00:00:00,RAZORPAY 7b795532 SETTLEMENT
btx_febcff026d,UTRC541A9A5D14F,31470.93,2026-08-06T00:00:00,RAZORPAY ad205524 SETTLEMENT
btx_cb186626ac,UTREF6D52C6FD8C,20088.31,2026-08-16T00:00:00,RAZORPAY 0ca21a56 SETTLEMENT
btx_2dbf47fa16,UTR39D32FDBB7A8,952.39,2026-07-09T00:00:00,RAZORPAY e436702d SETTLEMENT
btx_db95aeb97d,UTR169F6BBCC0BA,3998.47,2026-08-23T00:00:00,RAZORPAY 5950be7a SETTLEMENT
btx_f72cad06b8,UTR87F9468D0BBD,40499.59,2026-08-18T00:00:00,RAZORPAY c5a9e411 SETTLEMENT
btx_cc83bc59bd,UTRE7BB64004E35,2420.47,2026-07-16T00:00:00,RAZORPAY d949ee35 SETTLEMENT
btx_ff92ffcbe9,UTR45C51FF71705,7517.64,2026-09-02T00:00:00,RAZORPAY e1ac0dba SETTLEMENT
btx_c3284d8d05,UTR9AC52DBCA3F0,493.71,2026-07-09T00:00:00,RAZORPAY 7e7eb9c6 SETTLEMENT PART1
btx_77d28e16e5,UTR3B7D2E29FD6E,493.71,2026-07-09T00:00:00,RAZORPAY 7e7eb9c6 SETTLEMENT PART2
btx_4e10aaae6c,UTR9CCE76DD3400,1088.17,2026-08-18T00:00:00,RAZORPAY ac0a6d92 SETTLEMENT
btx_04597a7e95,UTR7F654839AC31,7670.44,2026-08-10T00:00:00,RAZORPAY 1a177a57 SETTLEMENT
btx_7cf78959f4,UTR3A8173EAFF7C,566.37,2026-08-11T00:00:00,RAZORPAY f0c268a5 SETTLEMENT
btx_3f857a6172,UTRC32F7F14A516,7200.19,2026-07-11T00:00:00,RAZORPAY 927ee4e0 SETTLEMENT
btx_f7de3be534,UTRE6E5BC480557,747.94,2026-08-20T00:00:00,RAZORPAY 14f7af8d SETTLEMENT
btx_09961a2006,UTR76384994C11A,319.47,2026-08-19T00:00:00,RAZORPAY a9e97c89 SETTLEMENT
btx_f5f0d1277b,UTRE13F156C8E47,-9.4,2026-08-22T00:00:00,RAZORPAY 24209c02 SETTLEMENT
btx_c33d59ebe9,UTRC16268E07C91,385.02,2026-08-19T00:00:00,RAZORPAY 82841ece SETTLEMENT
btx_84e0a7aee1,UTRADD0B2C906A1,1046.8,2026-08-06T00:00:00,RAZORPAY 9cf16b41 SETTLEMENT
btx_160c0fa815,UTR495A5CE92ADE,651.93,2026-08-24T00:00:00,RAZORPAY 2d560f16 SETTLEMENT PART1
btx_eb3fc45656,UTR43DC921939DD,651.9399999999999,2026-08-24T00:00:00,RAZORPAY 2d560f16 SETTLEMENT PART2
btx_8754a4ede8,UTRBFB6E4B84965,4791.22,2026-08-23T00:00:00,RAZORPAY bcc396d5 SETTLEMENT
btx_5c278be350,UTRA01AB058FF5E,1084.31,2026-08-19T00:00:00,RAZORPAY 8e9f601b SETTLEMENT
btx_abc389107d,UTRA7069DB948D6,32115.91,2026-08-12T00:00:00,RAZORPAY 302919c1 SETTLEMENT
btx_a937cdef13,UTRF2BF1837EB03,1020.95,2026-08-24T00:00:00,RAZORPAY f81d4ead SETTLEMENT
btx_ed561da0f7,UTRC5CC853BF60E,4278.46,2026-09-03T00:00:00,RAZORPAY 17a4cc1d SETTLEMENT
btx_0245828fbf,UTR2BB9D490C5E6,47020.09,2026-08-14T00:00:00,RAZORPAY eeca807f SETTLEMENT
btx_c02f28f08e,UTR0B0690DF374B,3622.02,2026-08-21T00:00:00,RAZORPAY 5746d933 SETTLEMENT
btx_89ad31047d,UTRB22F9B996183,8620.03,2026-07-26T00:00:00,RAZORPAY 1ccc94b1 SETTLEMENT
btx_32e2009d4a,UTRA6D13C7085CD,36745.69,2026-07-07T00:00:00,RAZORPAY 634511eb SETTLEMENT
btx_d67ca323c6,UTRD851A2FE5455,1034.58,2026-08-27T00:00:00,RZP 9ea88f ADJ
btx_8c8c96d864,UTR3A3732EA0B34,1373.58,2026-08-07T00:00:00,RAZORPAY 3315086a SETTLEMENT
btx_787ebf2db8,UTR772336A7B006,193.12,2026-08-26T00:00:00,RZP 2d7c56 ADJ
btx_91c2b51994,UTR4A4AC8C8F12C,1341.33,2026-08-13T00:00:00,RAZORPAY 3f87a1ed SETTLEMENT
btx_218c3cb9e3,UTR22CE1C7B67F0,922.89,2026-08-05T00:00:00,RAZORPAY 53693644 SETTLEMENT
btx_d3d635a194,UTR3357466EF87D,56997.85,2026-08-14T00:00:00,RAZORPAY 48812a46 SETTLEMENT
btx_6cd78b29d2,UTRBC85CBCB7DF1,67.55,2026-08-20T00:00:00,RAZORPAY d8f58c9d SETTLEMENT
btx_f2da49b98b,UTR475877AEFE17,254.41,2026-07-19T00:00:00,RAZORPAY ac197445 SETTLEMENT
btx_0ddb25785e,UTRE001B641C010,3281.66,2026-07-18T00:00:00,RAZORPAY 5c504f49 SETTLEMENT
btx_9a84bd82c4,UTR28B1A247DA6B,393.82,2026-07-09T00:00:00,RAZORPAY aaadb5f4 SETTLEMENT
btx_a1174fba8e,UTRACCD4BEB48FD,10660.92,2026-08-13T00:00:00,RAZORPAY ae0b5b43 SETTLEMENT
btx_20329f28d8,UTR1701423F775D,373.4,2026-07-30T00:00:00,RAZORPAY a482e7a2 SETTLEMENT
btx_16f92eb3ca,UTRB8CB4BED5431,117.54,2026-07-25T00:00:00,RAZORPAY fd2117cd SETTLEMENT
btx_8f5fb640d2,UTRB33BC3A059CE,740.46,2026-08-07T00:00:00,RZP 97d8ae ADJ
btx_4eea5a912f,UTRD07EF563ABB6,1580.07,2026-07-27T00:00:00,RAZORPAY c737caa5 SETTLEMENT
btx_e347d6d139,UTR93C82D1DCAD3,-205.79,2026-08-22T00:00:00,RAZORPAY 659ce0c6 SETTLEMENT
btx_21070c8f3c,UTRAFB1DE93AF48,992.52,2026-08-24T00:00:00,RAZORPAY db9915bd SETTLEMENT
btx_f7b9ee7f1d,UTR7C5DA991A803,1640.54,2026-07-29T00:00:00,RAZORPAY 026c678e SETTLEMENT
btx_fa693586c2,UTRB5B737F773E0,10166.2,2026-08-28T00:00:00,RAZORPAY 322936dc SETTLEMENT
btx_d4ae5e2217,UTR49D1DED93D65,428.79,2026-08-27T00:00:00,RAZORPAY 5b27b5c9 SETTLEMENT
btx_d868efe3c3,UTR26F601F9C820,348.53,2026-07-07T00:00:00,RAZORPAY 56f0876c SETTLEMENT
btx_48e399850e,UTRC487E5D3947E,1085.57,2026-08-05T00:00:00,RAZORPAY c40c1680 SETTLEMENT
btx_a1e6f96719,UTR641D90DD1D1E,487.7,2026-08-19T00:00:00,RAZORPAY 582e4d08 SETTLEMENT
btx_ce13b46315,UTRECD1EAF672F0,741.09,2026-08-16T00:00:00,RAZORPAY 4635ea8d SETTLEMENT
btx_f274251bc6,UTRDDE404458CD4,113.54,2026-08-04T00:00:00,RAZORPAY 2e7c71b9 SETTLEMENT
btx_d592bb39a2,UTRC08C7A55798B,33476.12,2026-07-07T00:00:00,RAZORPAY a001da22 SETTLEMENT
btx_682ed8bdd4,UTRD3E48E401F40,518.41,2026-09-01T00:00:00,RAZORPAY 378fcc21 SETTLEMENT
btx_30f9060664,UTR5BB0A8EDC3C7,9094.07,2026-07-30T00:00:00,RAZORPAY af05ce9b SETTLEMENT
btx_cc06e75799,UTR8A9BFCA9E4D3,1690.94,2026-08-04T00:00:00,RAZORPAY 64d20bdb SETTLEMENT
btx_192f30eff9,UTR665DEBB7F066,-2328.09,2026-07-20T00:00:00,RAZORPAY bd46c1b4 SETTLEMENT
btx_d8d39c7759,UTR7A93BC94FAE0,178.26,2026-07-24T00:00:00,RAZORPAY 362a9de2 SETTLEMENT
btx_577d7d1cdf,UTRC6E90DFF2585,39965.83,2026-08-22T00:00:00,RAZORPAY fb316231 SETTLEMENT
btx_d68c753625,UTRAD65941C4876,44110.76,2026-07-16T00:00:00,RAZORPAY 9b895964 SETTLEMENT
btx_fe6f1799c3,UTR5FCA275A2906,1445.71,2026-08-06T00:00:00,RAZORPAY e2b6fbcd SETTLEMENT
btx_7707819a68,UTR098BD2AE3E5C,759.98,2026-09-03T00:00:00,RAZORPAY fe93b4cf SETTLEMENT
btx_8155e26983,UTRCC7670008ED3,48154.02,2026-08-20T00:00:00,RAZORPAY 794779b6 SETTLEMENT
btx_de3a4ad954,UTREA7DD1AF8DD4,386.94,2026-07-15T00:00:00,RAZORPAY da41a2bb SETTLEMENT
btx_c928bdbb18,UTR788DF76F0428,1912.28,2026-07-31T00:00:00,RAZORPAY e1a8862b SETTLEMENT
btx_e0d52b960e,UTRF435DD5C9F16,2391.83,2026-08-07T00:00:00,RAZORPAY 8a0227af SETTLEMENT
btx_c1a0fe52af,UTRA08851F759AA,1078.35,2026-08-12T00:00:00,RAZORPAY baedf3c2 SETTLEMENT
btx_d2fb456672,UTR5B1AAAC610B3,-271.81,2026-08-31T00:00:00,RAZORPAY e882e8d4 SETTLEMENT
btx_c38b6195c7,UTRC75F243040BC,2976.04,2026-08-03T00:00:00,RAZORPAY 36807fd3 SETTLEMENT
btx_2d038a7ff0,UTRF292543A12E6,846.72,2026-08-02T00:00:00,RAZORPAY bc6f4a63 SETTLEMENT
btx_61f5e4dd25,UTRB018DBB49F4C,13898.93,2026-08-07T00:00:00,RAZORPAY 253563a0 SETTLEMENT
btx_b47848b8c5,UTRDDF2973CC852,675.09,2026-08-21T00:00:00,RAZORPAY d4106af5 SETTLEMENT
btx_1226072ef2,UTR745286D45ED1,1197.17,2026-07-25T00:00:00,RAZORPAY 046fd3ef SETTLEMENT
btx_ee1eb47a04,UTRE11C59C7CB82,802.22,2026-08-08T00:00:00,RAZORPAY 2b0a368e SETTLEMENT
btx_88c9e0aeba,UTR3A4D040D4CD4,8131.71,2026-08-02T00:00:00,RAZORPAY 71ba2182 SETTLEMENT
btx_f111b2e48b,UTR6E3D5BC76A63,1116.51,2026-09-02T00:00:00,RAZORPAY 62e6db75 SETTLEMENT
btx_cbb278ff9c,UTR592D9C0AB6E4,700.42,2026-08-27T00:00:00,RAZORPAY 7488ed65 SETTLEMENT
btx_ab058b24a4,UTRF209F22741C7,1433.3,2026-07-06T00:00:00,RAZORPAY ad52359b SETTLEMENT
btx_697dfe77a3,UTR8842E9400F13,340.65,2026-08-05T00:00:00,RAZORPAY 54259847 SETTLEMENT
btx_c5072c902e,UTR0B27670EAF02,194.08,2026-08-01T00:00:00,RAZORPAY 126d98f2 SETTLEMENT
btx_a4e97b195b,UTR7D0D1A97F986,40758.72,2026-07-18T00:00:00,RAZORPAY 974496c8 SETTLEMENT
btx_bd6ad6741d,UTRC7DA734FAEBA,1055.14,2026-08-02T00:00:00,RAZORPAY 53f9cce4 SETTLEMENT
btx_a2f07a5682,UTRA173A25402B6,569.48,2026-08-27T00:00:00,RAZORPAY b760b7cf SETTLEMENT
btx_6803ed556a,UTRB9698FA19992,310.2,2026-07-18T00:00:00,RAZORPAY 58ced840 SETTLEMENT
btx_30f0078a53,UTR36B2D6070654,220.87,2026-07-14T00:00:00,RAZORPAY a895c3ea SETTLEMENT
btx_ba3cb2116c,UTR5557EEF60B78,488.39,2026-08-23T00:00:00,RAZORPAY b2a4a639 SETTLEMENT
btx_8ffdd01d1a,UTR15F411A5BF81,8667.71,2026-08-11T00:00:00,RAZORPAY 2b7707a2 SETTLEMENT
btx_135f2053a2,UTR5B24CE915F02,328.02,2026-08-26T00:00:00,RAZORPAY 4689d0b9 SETTLEMENT
btx_e770255624,UTR9D8F0D72B771,5093.47,2026-07-17T00:00:00,RAZORPAY 080c9b34 SETTLEMENT PART1
btx_37cc533c54,UTR9E8CFEBF2A7E,5093.47,2026-07-17T00:00:00,RAZORPAY 080c9b34 SETTLEMENT PART2
btx_1fe81778f2,UTR236313519235,2054.08,2026-07-07T00:00:00,RAZORPAY 4b95cc2b SETTLEMENT
btx_6d66b41d47,UTR3BF19B337989,5778.82,2026-07-20T00:00:00,RZP 105c0f ADJ
btx_d59d99104b,UTR12A834BFB20C,3251.87,2026-08-02T00:00:00,RAZORPAY 63dba0c3 SETTLEMENT
btx_2fca2611e8,UTR2EB722743F65,150.09,2026-07-25T00:00:00,RAZORPAY 35624013 SETTLEMENT
btx_b667d8ed74,UTRDC7F382C1487,3327.95,2026-07-06T00:00:00,RAZORPAY a9eda7d8 SETTLEMENT
btx_5618613af7,UTR1768A283880F,493.83,2026-08-17T00:00:00,RAZORPAY 40f5327e SETTLEMENT
btx_8d73364131,UTRF788038A8FC5,1296.57,2026-08-31T00:00:00,RAZORPAY 46ae655d SETTLEMENT
btx_f70411cece,UTRCD0D53E2DDD0,13972.43,2026-07-24T00:00:00,RAZORPAY 665f74e8 SETTLEMENT
btx_9813dbae99,UTR214914E378B0,351.66,2026-08-30T00:00:00,RZP cbf907 ADJ
btx_6a2e76215f,UTRA8BAC26792FF,1507.73,2026-07-18T00:00:00,RAZORPAY 74d116d2 SETTLEMENT
btx_441444e39d,UTRAAD81C305628,5561.32,2026-08-02T00:00:00,RAZORPAY 55db0a40 SETTLEMENT PART1
btx_43a2d23e6e,UTRD48A9BBC7E3D,5561.32,2026-08-02T00:00:00,RAZORPAY 55db0a40 SETTLEMENT PART2
btx_443f248c65,UTR21ED594554EC,18274.24,2026-07-08T00:00:00,RAZORPAY 3d101d63 SETTLEMENT
btx_50da8ee3eb,UTR8FF1E8754679,3578.19,2026-08-18T00:00:00,RAZORPAY f4962c1c SETTLEMENT
btx_8f1ba3c0e8,UTR196A17BEB127,47721.21,2026-07-16T00:00:00,RAZORPAY 3b040745 SETTLEMENT
btx_e6d47fd111,UTR02181714744C,863.8,2026-08-18T00:00:00,RAZORPAY 1b8a7adf SETTLEMENT
btx_7791eb6447,UTRACFB8D5B93F2,7662.12,2026-07-23T00:00:00,RAZORPAY 36e53c89 SETTLEMENT
btx_421df254e4,UTR86B49D7532A8,-11.13,2026-07-13T00:00:00,RAZORPAY 89a386ad SETTLEMENT
btx_43ce37e05c,UTR222E15FE6F61,165.92,2026-07-18T00:00:00,RAZORPAY 0621cf95 SETTLEMENT
btx_3072f9c583,UTR805344939FD6,11282.27,2026-07-17T00:00:00,RAZORPAY 21ca523a SETTLEMENT
btx_c71a0468d2,UTR91F1D94ED009,1264.09,2026-08-16T00:00:00,RAZORPAY ed89487b SETTLEMENT
btx_2a98dc7f7c,UTRCDAD907348EB,1048.74,2026-07-20T00:00:00,RAZORPAY 9d5b927e SETTLEMENT
btx_c06afcb736,UTR3E6E70D90B11,795.71,2026-08-15T00:00:00,RAZORPAY 209583b7 SETTLEMENT
btx_ba49b04083,UTR2E45679E0E5F,4535.21,2026-08-15T00:00:00,RAZORPAY 8e1034a8 SETTLEMENT
btx_f7570bb92f,UTR8B18DBDBF422,975.85,2026-09-03T00:00:00,RAZORPAY b27f06da SETTLEMENT
btx_c2d12ea9b3,UTR860DE8AD5F71,28470.58,2026-07-31T00:00:00,RAZORPAY 894cf309 SETTLEMENT
btx_649c64344c,UTRB8D7DFACF449,1434.43,2026-07-18T00:00:00,RAZORPAY 3682419e SETTLEMENT
btx_d5398561ef,UTR19851997BA48,11470.62,2026-09-03T00:00:00,RAZORPAY 8eaaf476 SETTLEMENT
btx_fa914e1958,UTRF653A3F4C558,480.91,2026-08-08T00:00:00,RAZORPAY 410a44c2 SETTLEMENT
btx_2b261ccd80,UTR96CFA35D0428,1285.27,2026-07-10T00:00:00,RAZORPAY 47904b97 SETTLEMENT
btx_8c44d399f8,UTR38939FBBE823,11494.51,2026-08-13T00:00:00,RAZORPAY 2d168536 SETTLEMENT
btx_3c98ecc28d,UTR049554B5D4CB,719.35,2026-07-22T00:00:00,RAZORPAY e70829b3 SETTLEMENT
btx_fa346e7c9b,UTRFD6F826298CA,342.58,2026-08-20T00:00:00,RAZORPAY 02c6a6f6 SETTLEMENT
btx_d1154c584c,UTR96B04896341B,35982.22,2026-08-22T00:00:00,RAZORPAY 04725dc8 SETTLEMENT
btx_68555cd6de,UTR62AD9A81980F,14382.13,2026-08-11T00:00:00,RAZORPAY a6b9c8d8 SETTLEMENT
btx_2d543b853c,UTR4BA506BC9748,11627.08,2026-07-10T00:00:00,RAZORPAY 29a59b69 SETTLEMENT
btx_ab27efb3cd,UTRC43F03F1E7EB,4444.51,2026-07-21T00:00:00,RAZORPAY 52510db2 SETTLEMENT
btx_f4f4fdd7ed,UTRF23AB0DD53C5,3509.62,2026-08-07T00:00:00,RAZORPAY 3ce0cad6 SETTLEMENT
btx_608c67e3e0,UTR3BFA6BAB8A0F,386.74,2026-07-08T00:00:00,RAZORPAY f9f59967 SETTLEMENT
btx_34360b5c45,UTR2A8A4AF957DA,209.33,2026-08-20T00:00:00,RAZORPAY e83e3bdd SETTLEMENT
btx_07828d7c03,UTR415D8A7C13C3,5858.02,2026-08-04T00:00:00,RAZORPAY b173ab79 SETTLEMENT
btx_97fa6424e3,UTR8AD209C41D2A,6502.79,2026-07-14T00:00:00,RAZORPAY d78a5d63 SETTLEMENT
btx_e386675fb9,UTRD1B73395D2D5,511.03,2026-07-18T00:00:00,RAZORPAY 5f864298 SETTLEMENT
btx_1c09aafddb,UTR3367342FB053,3388.5,2026-08-28T00:00:00,RAZORPAY d3888458 SETTLEMENT
btx_7a9b042815,UTR159DE6683643,1143.47,2026-07-17T00:00:00,RAZORPAY 8a464871 SETTLEMENT
btx_2b66a5a22f,UTR7E997BDA57D1,693.47,2026-08-03T00:00:00,RAZORPAY 000d31f1 SETTLEMENT
btx_ac3b29e7a6,UTRB54DA9254068,119.88,2026-08-15T00:00:00,RAZORPAY 1d6b181e SETTLEMENT
btx_c3d8bcb093,UTR0A8737CC547A,2638.48,2026-08-21T00:00:00,RAZORPAY b7322f8b SETTLEMENT
btx_fccd4a52a0,UTRE4BFE356E689,5522.51,2026-08-11T00:00:00,RAZORPAY 6e1d48bb SETTLEMENT
btx_46d1481824,UTR991F76F076BF,7615.36,2026-08-08T00:00:00,RAZORPAY ed92a694 SETTLEMENT
btx_24e0bade4c,UTRCC851370B842,5474.27,2026-07-31T00:00:00,RAZORPAY 74806b65 SETTLEMENT
btx_38c1e03d68,UTRA2E973168C7C,955.25,2026-08-15T00:00:00,RZP 7da548 ADJ
btx_9ed779116e,UTRA018F61F8CB2,5114.14,2026-07-17T00:00:00,RAZORPAY f665fc99 SETTLEMENT PART1
btx_0fbc74c7a9,UTRCFC0AE737BA6,5114.13,2026-07-17T00:00:00,RAZORPAY f665fc99 SETTLEMENT PART2
btx_53b298dcca,UTR433183F177B6,810.85,2026-07-31T00:00:00,RAZORPAY 9873fee5 SETTLEMENT
btx_a6c3dde2c1,UTR79AD8386CB92,7850.81,2026-09-03T00:00:00,RAZORPAY 0eaa4d4c SETTLEMENT
btx_9f2576d879,UTR62F694D0FB2D,733.79,2026-08-06T00:00:00,RAZORPAY e81eac5b SETTLEMENT
btx_ae7a405d80,UTRA2C5E80AA4F4,238.33,2026-08-02T00:00:00,RAZORPAY 4cfafc91 SETTLEMENT
btx_68eeafe56b,UTRB758DFAE2D7E,7367.4,2026-07-06T00:00:00,RAZORPAY 5a4a6d0f SETTLEMENT
btx_99fa1a7a96,UTRB95DCE288C9F,1127.91,2026-08-14T00:00:00,RAZORPAY 51791fcc SETTLEMENT
btx_d0d730edd6,UTRB338B989DFC4,229.09,2026-07-25T00:00:00,RAZORPAY bdbe5678 SETTLEMENT
btx_fd1122b8ba,UTR846F1D4057BB,299.95,2026-09-01T00:00:00,RAZORPAY b13dd20a SETTLEMENT
btx_6a4f8596f3,UTR5DFF45A9F62D,8244.05,2026-08-02T00:00:00,RAZORPAY 3faa3779 SETTLEMENT
btx_66a8f51dae,UTRFF6C2AF0B1B4,57.79,2026-07-27T00:00:00,RAZORPAY 0b282b4d SETTLEMENT PART1
btx_bed0dd7177,UTR66FED87F369D,57.79,2026-07-27T00:00:00,RAZORPAY 0b282b4d SETTLEMENT PART2
btx_6ab80c2c25,UTR3EB622310C73,2447.89,2026-07-19T00:00:00,RAZORPAY f6a3d4be SETTLEMENT
btx_bb9fea95f8,UTR1770FB74CCFB,679.09,2026-08-17T00:00:00,RAZORPAY 2e5c9de9 SETTLEMENT
btx_26f0e0920d,UTR33BE4CFFC305,-121.54,2026-08-03T00:00:00,RAZORPAY ce41a8fb SETTLEMENT
btx_b4739afe89,UTRFAF492D90E60,5295.43,2026-07-29T00:00:00,RAZORPAY b4a9006d SETTLEMENT
