customer_id,name,email,created_at
cust_0001,Diya Khan,user0001@example.com,2026-07-22T18:26:24
cust_0002,Sana Joshi,user0002@example.com,2025-04-25T23:01:34
cust_0003,Vivaan Bose,user0003@example.com,2025-09-24T08:18:01
cust_0004,Tara Verma,user0004@example.com,2025-07-23T12:23:32
cust_0005,Aditi Mehta,user0005@example.com,2025-05-18T05:14:21
cust_0006,Simran Menon,user0006@example.com,2026-08-02T19:22:51
cust_0007,Sana Joshi,user0007@example.com,2025-02-28T20:31:08
cust_0008,Aditi Sharma,user0008@example.com,2026-02-28T02:50:30
cust_0009,Riya Chatterjee,user0009@example.com,2025-05-15T06:34:57
cust_0010,Aditi Pillai,user0010@example.com,2025-04-01T07:32:11
cust_0011,Diya Gupta,user0011@example.com,2025-05-06T09:48:12
cust_0012,Neha Kapoor,user0012@example.com,2026-07-12T08:56:43
cust_0013,Sana Iyer,user0013@example.com,2025-07-17T00:40:24
cust_0014,Sana Reddy,user0014@example.com,2026-03-07T00:58:14
cust_0015,Arjun Bose,user0015@example.com,2026-03-17T10:15:07
cust_0016,Aditi Joshi,user0016@example.com,2026-02-07T16:51:11
cust_0017,Ishaan Mehta,user0017@example.com,2026-04-21T19:54:31
cust_0018,Riya Iyer,user0018@example.com,2025-09-26T13:09:17
cust_0019,Kunal Nair,user0019@example.com,2026-02-11T14:27:36
cust_0020,Tara Reddy,user0020@example.com,2026-03-18T06:08:04
cust_0021,Rohan Pillai,user0021@example.com,2026-05-22T06:24:11
cust_0022,Vivaan Reddy,user0022@example.com,2026-07-02T19:30:38
cust_0023,Vivaan Chatterjee,user0023@example.com,2025-06-04T12:28:15
cust_0024,Kunal Nair,user0024@example.com,2024-11-22T21:50:42
cust_0025,Meera Menon,user0025@example.com,2025-12-17T01:00:08
cust_0026,Rohan Reddy,user0026@example.com,2026-02-23T14:15:44
cust_0027,Zoya Gupta,user0027@example.com,2026-08-20T15:41:21
cust_0028,Neha Iyer,user0028@example.com,2025-04-26T05:43:27
cust_0029,Kabir Reddy,user0029@example.com,2026-05-04T03:36:04
cust_0030,Tara Mehta,user0030@example.com,2025-04-24T13:51:30
cust_0031,Yash Gupta,user0031@example.com,2026-08-30T20:37:53
cust_0032,Yash Gupta,user0032@example.com,2025-07-10T16:06:10
cust_0033,Riya Iyer,user0033@example.com,2025-11-02T06:15:30
cust_0034,Zoya Verma,user0034@example.com,2026-05-12T12:48:02
cust_0035,Vivaan Pillai,user0035@example.com,2024-12-26T16:00:28
cust_0036,Kabir Kapoor,user0036@example.com,2025-02-03T18:16:50
cust_0037,Priya Joshi,user0037@example.com,2024-11-20T20:14:32
cust_0038,Kunal Gupta,user0038@example.com,2026-01-08T08:09:55
cust_0039,Neha Mehta,user0039@example.com,2025-04-15T18:41:55
cust_0040,Tara Pillai,user0040@example.com,2024-10-11T10:01:18
cust_0041,Diya Kapoor,user0041@example.com,2026-08-20T17:39:07
cust_0042,Tara Chatterjee,user0042@example.com,2025-04-27T17:58:55
cust_0043,Rohan Verma,user0043@example.com,2025-05-18T11:14:20
cust_0044,Priya Iyer,user0044@example.com,2025-09-19T22:01:22
cust_0045,Aarav Bose,user0045@example.com,2026-08-13T19:04:55
cust_0046,Arjun Mehta,user0046@example.com,2026-05-17T08:00:17
cust_0047,Ishaan Mehta,user0047@example.com,2024-12-24T03:38:29
cust_0048,Ananya Pillai,user0048@example.com,2026-02-10T18:52:54
cust_0049,Karan Joshi,user0049@example.com,2025-03-05T23:58:18
cust_0050,Kabir Khan,user0050@example.com,2026-05-17T18:13:53
cust_0051,Ishaan Mehta,user0051@example.com,2026-05-30T06:38:58
cust_0052,Karan Menon,user0052@example.com,2024-10-02T22:39:39
cust_0053,Simran Khan,user0053@example.com,2025-10-17T00:16:14
cust_0054,Aarav Verma,user0054@example.com,2025-07-11T10:27:06
cust_0055,Ananya Reddy,user0055@example.com,2024-11-16T11:48:12
cust_0056,Riya Menon,user0056@example.com,2025-12-17T04:17:59
cust_0057,Aditi Verma,user0057@example.com,2026-04-23T23:44:47
cust_0058,Zoya Pillai,user0058@example.com,2024-11-25T06:12:53
cust_0059,Tara Chatterjee,user0059@example.com,2025-01-08T04:20:45
cust_0060,Kabir Kapoor,user0060@example.com,2025-10-06T15:54:20
cust_0061,Tara Iyer,user0061@example.com,2025-04-26T09:00:49
cust_0062,Karan Pillai,user0062@example.com,2026-01-16T15:43:48
cust_0063,Priya Reddy,user0063@example.com,2025-11-25T09:12:27
cust_0064,Meera Bose,user0064@example.com,2025-06-01T14:48:46
cust_0065,Kunal Kapoor,user0065@example.com,2026-02-19T06:36:18
cust_0066,Sana Rao,user0066@example.com,2026-09-01T06:01:19
cust_0067,Karan Rao,user0067@example.com,2025-01-04T11:40:54
cust_0068,Riya Reddy,user0068@example.com,2024-11-21T05:31:45
cust_0069,Rohan Sharma,user0069@example.com,2026-01-02T10:52:09
cust_0070,Tara Reddy,user0070@example.com,2026-01-02T13:19:07
cust_0071,Riya Sharma,user0071@example.com,2024-11-26T15:24:25
cust_0072,Vivaan Reddy,user0072@example.com,2024-11-23T20:25:59
cust_0073,Vivaan Pillai,user0073@example.com,2025-06-16T03:38:00
cust_0074,Aditi Mehta,user0074@example.com,2025-04-05T08:43:40
cust_0075,Arjun Kapoor,user0075@example.com,2025-10-14T12:46:55
cust_0076,Meera Mehta,user0076@example.com,2025-01-13T06:28:17
cust_0077,Yash Joshi,user0077@example.com,2025-10-04T15:13:35
cust_0078,Riya Chatterjee,user0078@example.com,2025-10-04T20:51:16
cust_0079,Priya Reddy,user0079@example.com,2024-12-14T18:21:37
cust_0080,Diya Kapoor,user0080@example.com,2025-09-02T07:22:35
cust_0081,Sana Gupta,user0081@example.com,2025-08-17T19:30:06
cust_0082,Neha Pillai,user0082@example.com,2026-04-21T18:57:32
cust_0083,Vivaan Kapoor,user0083@example.com,2026-02-22T01:17:35
cust_0084,Diya Sharma,user0084@example.com,2025-08-11T05:24:16
cust_0085,Rohan Chatterjee,user0085@example.com,2026-08-02T18:44:25
cust_0086,Diya Reddy,user0086@example.com,2025-02-28T07:29:52
cust_0087,Meera Mehta,user0087@example.com,2025-09-15T22:45:45
cust_0088,Kabir Gupta,user0088@example.com,2025-02-22T00:27:53
cust_0089,Arjun Rao,user0089@example.com,2025-04-14T12:43:46
cust_0090,Aditi Rao,user0090@example.com,2026-06-22T02:37:34
cust_0091,Tara Verma,user0091@example.com,2024-11-10T19:02:05
cust_0092,Tara Pillai,user0092@example.com,2024-10-13T23:06:22
cust_0093,Aditi Menon,user0093@example.com,2026-05-10T19:28:44
cust_0094,Riya Iyer,user0094@example.com,2025-08-14T04:06:25
cust_0095,Zoya Rao,user0095@example.com,2025-03-17T12:32:18
cust_0096,Kunal Menon,user0096@example.com,2024-11-17T01:02:35
cust_0097,Ishaan Gupta,user0097@example.com,2024-10-04T04:10:44
cust_0098,Kunal Nair,user0098@example.com,2026-06-03T12:08:07
cust_0099,Neha Nair,user0099@example.com,2025-08-27T01:25:51
cust_0100,Tara Kapoor,user0100@example.com,2026-04-13T12:06:03
cust_0101,Zoya Iyer,user0101@example.com,2025-02-26T23:57:10
cust_0102,Ananya Reddy,user0102@example.com,2024-11-16T22:12:27
cust_0103,Yash Bose,user0103@example.com,2025-11-27T15:15:04
cust_0104,Vivaan Bose,user0104@example.com,2025-06-03T02:01:02
cust_0105,Vivaan Sharma,user0105@example.com,2025-12-30T05:51:34
cust_0106,Zoya Mehta,user0106@example.com,2026-07-26T19:51:03
cust_0107,Karan Iyer,user0107@example.com,2024-11-15T16:18:43
cust_0108,Karan Verma,user0108@example.com,2026-07-25T18:10:31
cust_0109,Ishaan Verma,user0109@example.com,2026-01-07T16:15:30
cust_0110,Aditi Kapoor,user0110@example.com,2026-08-02T21:28:27
cust_0111,Riya Gupta,user0111@example.com,2025-01-03T14:50:54
cust_0112,Yash Reddy,user0112@example.com,2025-12-26T03:50:00
cust_0113,Simran Sharma,user0113@example.com,2026-01-26T14:06:29
cust_0114,Aditi Gupta,user0114@example.com,2026-02-25T02:19:26
cust_0115,Yash Joshi,user0115@example.com,2025-11-12T13:22:34
cust_0116,Rohan Menon,user0116@example.com,2025-04-23T01:01:29
cust_0117,Meera Kapoor,user0117@example.com,2026-04-11T18:46:58
cust_0118,Rohan Reddy,user0118@example.com,2025-04-26T19:24:48
cust_0119,Kunal Iyer,user0119@example.com,2026-03-08T05:12:47
cust_0120,Ananya Rao,user0120@example.com,2025-06-05T01:58:12
cust_0121,Aditi Sharma,user0121@example.com,2025-09-23T11:03:40
cust_0122,Simran Joshi,user0122@example.com,2024-12-19T03:47:08
cust_0123,Aditi Mehta,user0123@example.com,2025-03-17T01:29:03
cust_0124,Karan Nair,user0124@example.com,2025-01-13T09:10:09
cust_0125,Sana Menon,user0125@example.com,2024-11-24T22:21:46
cust_0126,Riya Khan,user0126@example.com,2025-05-11T20:33:00
cust_0127,Ishaan Rao,user0127@example.com,2026-07-12T02:07:56
cust_0128,Tara Bose,user0128@example.com,2025-05-25T11:19:41
cust_0129,Simran Chatterjee,user0129@example.com,2026-02-22T11:00:07
cust_0130,Karan Sharma,user0130@example.com,2026-03-05T05:52:20
cust_0131,Tara Nair,user0131@example.com,2026-03-01T18:27:43
cust_0132,Diya Menon,user0132@example.com,2025-01-14T19:22:04
cust_0133,Arjun Verma,user0133@example.com,2026-08-24T13:26:49
cust_0134,Diya Bose,user0134@example.com,2025-12-06T04:50:10
cust_0135,Kabir Nair,user0135@example.com,2025-05-09T08:19:03
cust_0136,Simran Reddy,user0136@example.com,2026-04-12T21:15:38
cust_0137,Rohan Reddy,user0137@example.com,2026-03-20T11:52:31
cust_0138,Arjun Mehta,user0138@example.com,2025-10-16T22:53:37
cust_0139,Arjun Menon,user0139@example.com,2026-07-21T16:30:59
cust_0140,Vivaan Verma,user0140@example.com,2026-02-07T03:55:08
cust_0141,Priya Pillai,user0141@example.com,2025-05-05T09:41:35
cust_0142,Vivaan Sharma,user0142@example.com,2025-06-18T13:56:40
cust_0143,Kabir Kapoor,user0143@example.com,2025-04-23T23:12:00
cust_0144,Ishaan Bose,user0144@example.com,2025-09-10T16:24:39
cust_0145,Tara Bose,user0145@example.com,2025-08-30T16:39:43
cust_0146,Tara Sharma,user0146@example.com,2024-12-28T09:28:49
cust_0147,Aditi Menon,user0147@example.com,2026-03-23T05:32:21
cust_0148,Kabir Mehta,user0148@example.com,2024-10-30T11:36:47
cust_0149,Sana Joshi,user0149@example.com,2025-12-05T15:48:51
cust_0150,Kabir Gupta,user0150@example.com,2025-01-09T11:45:24
cust_0151,Vivaan Nair,user0151@example.com,2025-07-12T17:35:48
cust_0152,Vivaan Menon,user0152@example.com,2025-07-07T10:02:51
cust_0153,Meera Kapoor,user0153@example.com,2025-04-14T07:34:17
cust_0154,Diya Khan,user0154@example.com,2026-05-31T10:25:14
cust_0155,Tara Menon,user0155@example.com,2026-08-12T21:49:37
cust_0156,Priya Joshi,user0156@example.com,2026-05-07T15:16:31
cust_0157,Kabir Menon,user0157@example.com,2025-04-04T09:06:13
cust_0158,Ishaan Chatterjee,user0158@example.com,2026-06-24T05:52:49
cust_0159,Ishaan Menon,user0159@example.com,2025-08-18T17:43:29
cust_0160,Aarav Iyer,user0160@example.com,2026-04-27T14:33:24
cust_0161,Rohan Chatterjee,user0161@example.com,2025-08-18T06:53:22
cust_0162,Riya Nair,user0162@example.com,2025-02-03T03:39:46
cust_0163,Diya Gupta,user0163@example.com,2026-08-10T22:22:02
cust_0164,Vivaan Pillai,user0164@example.com,2025-10-03T02:17:52
cust_0165,Riya Reddy,user0165@example.com,2026-06-28T18:16:39
cust_0166,Neha Khan,user0166@example.com,2025-05-27T13:10:12
cust_0167,Riya Reddy,user0167@example.com,2024-10-20T21:08:13
cust_0168,Meera Gupta,user0168@example.com,2025-06-14T11:14:46
cust_0169,Arjun Pillai,user0169@example.com,2024-11-25T10:05:47
cust_0170,Arjun Khan,user0170@example.com,2026-02-12T18:05:10
cust_0171,Karan Gupta,user0171@example.com,2026-03-14T07:08:08
cust_0172,Tara Khan,user0172@example.com,2024-10-23T22:30:40
cust_0173,Diya Menon,user0173@example.com,2025-04-23T09:24:15
cust_0174,Ishaan Joshi,user0174@example.com,2025-04-26T16:39:06
cust_0175,Vivaan Verma,user0175@example.com,2026-01-08T20:53:39
cust_0176,Priya Khan,user0176@example.com,2026-04-21T09:03:51
cust_0177,Rohan Gupta,user0177@example.com,2026-01-16T08:33:07
cust_0178,Karan Verma,user0178@example.com,2025-07-28T16:33:47
cust_0179,Yash Reddy,user0179@example.com,2025-04-18T08:22:18
cust_0180,Vivaan Bose,user0180@example.com,2025-09-06T04:42:04
cust_0181,Aarav Mehta,user0181@example.com,2026-06-20T22:27:08
cust_0182,Tara Kapoor,user0182@example.com,2026-04-14T07:08:49
cust_0183,Meera Khan,user0183@example.com,2025-09-02T11:57:58
cust_0184,Aditi Kapoor,user0184@example.com,2025-06-15T23:22:29
cust_0185,Simran Khan,user0185@example.com,2026-03-01T18:26:19
cust_0186,Diya Bose,user0186@example.com,2025-05-23T18:24:46
cust_0187,Karan Nair,user0187@example.com,2026-03-04T11:47:05
cust_0188,Priya Khan,user0188@example.com,2025-08-11T01:17:12
cust_0189,Ananya Mehta,user0189@example.com,2025-01-09T08:48:59
cust_0190,Meera Gupta,user0190@example.com,2026-03-02T23:10:58
cust_0191,Kunal Kapoor,user0191@example.com,2026-05-06T14:14:20
cust_0192,Ishaan Joshi,user0192@example.com,2025-12-18T12:53:27
cust_0193,Ananya Gupta,user0193@example.com,2025-12-02T02:17:23
cust_0194,Aarav Nair,user0194@example.com,2025-05-13T08:27:33
cust_0195,Meera Gupta,user0195@example.com,2026-06-04T19:36:22
cust_0196,Yash Joshi,user0196@example.com,2026-02-23T00:35:50
cust_0197,Rohan Rao,user0197@example.com,2025-09-10T15:29:17
cust_0198,Neha Kapoor,user0198@example.com,2025-03-17T11:40:58
cust_0199,Karan Rao,user0199@example.com,2026-06-11T00:18:00
cust_0200,Ishaan Kapoor,user0200@example.com,2024-12-07T08:42:12
cust_0201,Ananya Mehta,user0201@example.com,2026-03-02T03:07:56
cust_0202,Simran Khan,user0202@example.com,2024-12-14T00:51:48
cust_0203,Riya Kapoor,user0203@example.com,2025-05-31T14:38:17
cust_0204,Riya Chatterjee,user0204@example.com,2025-03-06T04:03:03
cust_0205,Kabir Sharma,user0205@example.com,2024-11-07T09:29:10
cust_0206,Riya Rao,user0206@example.com,2026-01-20T06:58:21
cust_0207,Aditi Rao,user0207@example.com,2025-08-20T09:44:25
cust_0208,Yash Reddy,user0208@example.com,2026-04-13T10:56:18
cust_0209,Kunal Rao,user0209@example.com,2025-08-08T22:04:09
cust_0210,Riya Iyer,user0210@example.com,2026-02-24T01:48:27
cust_0211,Aarav Menon,user0211@example.com,2026-05-08T18:59:32
cust_0212,Diya Chatterjee,user0212@example.com,2025-08-28T17:17:58
cust_0213,Riya Iyer,user0213@example.com,2026-06-19T01:41:38
cust_0214,Karan Rao,user0214@example.com,2024-11-10T12:08:18
cust_0215,Tara Reddy,user0215@example.com,2026-07-23T10:08:08
cust_0216,Diya Rao,user0216@example.com,2025-01-14T01:37:15
cust_0217,Neha Kapoor,user0217@example.com,2025-11-19T01:00:57
cust_0218,Tara Joshi,user0218@example.com,2025-06-05T22:51:45
cust_0219,Neha Joshi,user0219@example.com,2026-06-27T12:49:20
cust_0220,Karan Gupta,user0220@example.com,2026-07-09T14:55:53
cust_0221,Tara Rao,user0221@example.com,2026-08-30T09:10:16
cust_0222,Ishaan Bose,user0222@example.com,2026-08-02T15:25:44
cust_0223,Zoya Rao,user0223@example.com,2025-04-21T19:40:50
cust_0224,Riya Pillai,user0224@example.com,2026-02-09T18:52:14
cust_0225,Arjun Chatterjee,user0225@example.com,2026-05-29T12:54:34
cust_0226,Karan Rao,user0226@example.com,2026-02-01T07:26:15
cust_0227,Riya Nair,user0227@example.com,2025-09-09T03:49:10
cust_0228,Aditi Bose,user0228@example.com,2025-05-12T10:21:31
cust_0229,Riya Nair,user0229@example.com,2025-06-20T08:39:06
cust_0230,Rohan Menon,user0230@example.com,2025-11-26T01:10:02
cust_0231,Aditi Iyer,user0231@example.com,2025-01-27T15:41:14
cust_0232,Riya Gupta,user0232@example.com,2026-03-25T12:09:43
cust_0233,Kabir Bose,user0233@example.com,2025-03-17T16:22:14
cust_0234,Aditi Gupta,user0234@example.com,2025-08-15T02:12:10
cust_0235,Rohan Mehta,user0235@example.com,2025-09-29T09:27:30
cust_0236,Priya Sharma,user0236@example.com,2025-03-12T03:40:20
cust_0237,Priya Gupta,user0237@example.com,2026-05-23T10:01:59
cust_0238,Yash Bose,user0238@example.com,2024-10-17T16:06:07
cust_0239,Yash Gupta,user0239@example.com,2025-10-07T23:32:48
cust_0240,Aarav Khan,user0240@example.com,2025-05-22T10:32:35
cust_0241,Kunal Pillai,user0241@example.com,2026-08-26T01:24:10
cust_0242,Priya Mehta,user0242@example.com,2026-05-06T02:42:07
cust_0243,Tara Chatterjee,user0243@example.com,2026-01-14T01:26:35
cust_0244,Riya Rao,user0244@example.com,2025-03-21T22:18:56
cust_0245,Arjun Gupta,user0245@example.com,2025-10-14T17:01:22
cust_0246,Aarav Gupta,user0246@example.com,2025-06-20T13:54:31
cust_0247,Kunal Bose,user0247@example.com,2025-02-07T16:39:24
cust_0248,Neha Menon,user0248@example.com,2025-01-09T15:09:16
cust_0249,Simran Mehta,user0249@example.com,2024-10-23T10:41:27
cust_0250,Kunal Joshi,user0250@example.com,2025-12-14T21:01:44
cust_0251,Aarav Verma,user0251@example.com,2026-02-13T17:43:18
cust_0252,Priya Iyer,user0252@example.com,2026-08-06T19:16:49
cust_0253,Neha Iyer,user0253@example.com,2024-11-10T13:22:24
cust_0254,Arjun Gupta,user0254@example.com,2025-06-13T18:17:45
cust_0255,Meera Rao,user0255@example.com,2025-06-13T08:50:50
cust_0256,Rohan Chatterjee,user0256@example.com,2026-08-16T17:40:40
cust_0257,Kunal Nair,user0257@example.com,2026-05-09T14:28:44
cust_0258,Priya Nair,user0258@example.com,2026-07-12T23:52:03
cust_0259,Aditi Rao,user0259@example.com,2024-10-17T13:19:50
cust_0260,Tara Sharma,user0260@example.com,2025-07-01T07:44:01
cust_0261,Riya Kapoor,user0261@example.com,2024-11-24T19:08:20
cust_0262,Vivaan Chatterjee,user0262@example.com,2024-10-26T14:26:27
cust_0263,Riya Reddy,user0263@example.com,2026-07-16T08:21:34
cust_0264,Aarav Joshi,user0264@example.com,2025-01-28T20:36:46
cust_0265,Riya Iyer,user0265@example.com,2025-10-05T07:49:04
cust_0266,Diya Joshi,user0266@example.com,2025-03-20T19:09:12
cust_0267,Neha Bose,user0267@example.com,2025-04-19T12:43:43
cust_0268,Sana Iyer,user0268@example.com,2026-01-16T02:39:30
cust_0269,Simran Bose,user0269@example.com,2026-04-13T11:08:57
cust_0270,Diya Chatterjee,user0270@example.com,2026-06-30T20:52:51
cust_0271,Ishaan Nair,user0271@example.com,2024-12-25T11:06:24
cust_0272,Yash Sharma,user0272@example.com,2025-06-01T19:18:16
cust_0273,Yash Kapoor,user0273@example.com,2025-07-21T00:13:43
cust_0274,Kunal Bose,user0274@example.com,2025-03-05T13:08:06
cust_0275,Aditi Joshi,user0275@example.com,2026-03-22T21:59:08
cust_0276,Riya Verma,user0276@example.com,2026-03-28T00:37:10
cust_0277,Ananya Pillai,user0277@example.com,2026-03-17T23:30:46
cust_0278,Simran Chatterjee,user0278@example.com,2025-01-04T12:37:47
cust_0279,Yash Chatterjee,user0279@example.com,2024-11-03T09:35:02
cust_0280,Sana Mehta,user0280@example.com,2025-08-31T05:32:41
cust_0281,Sana Verma,user0281@example.com,2025-10-30T11:47:33
cust_0282,Rohan Sharma,user0282@example.com,2026-07-24T09:14:15
cust_0283,Priya Pillai,user0283@example.com,2025-10-18T06:01:19
cust_0284,Diya Gupta,user0284@example.com,2025-07-10T19:40:27
cust_0285,Neha Bose,user0285@example.com,2025-01-29T07:57:42
cust_0286,Priya Iyer,user0286@example.com,2026-04-25T10:56:09
cust_0287,Karan Kapoor,user0287@example.com,2025-04-30T06:42:02
cust_0288,Simran Chatterjee,user0288@example.com,2025-11-24T12:16:12
cust_0289,Zoya Rao,user0289@example.com,2025-09-05T19:41:49
cust_0290,Yash Nair,user0290@example.com,2025-06-09T20:11:34
cust_0291,Riya Pillai,user0291@example.com,2024-12-08T19:30:48
cust_0292,Arjun Menon,user0292@example.com,2025-09-17T15:33:30
cust_0293,Riya Chatterjee,user0293@example.com,2025-09-28T10:47:37
cust_0294,Yash Joshi,user0294@example.com,2026-03-05T11:56:09
cust_0295,Kunal Khan,user0295@example.com,2024-10-24T19:00:24
cust_0296,Zoya Pillai,user0296@example.com,2025-06-11T22:42:11
cust_0297,Ishaan Rao,user0297@example.com,2025-03-16T06:12:02
cust_0298,Sana Chatterjee,user0298@example.com,2025-04-21T04:02:16
cust_0299,Rohan Nair,user0299@example.com,2026-08-17T06:21:13
cust_0300,Simran Bose,user0300@example.com,2026-08-17T02:23:24
cust_0301,Arjun Mehta,user0301@example.com,2024-10-10T09:13:49
cust_0302,Karan Reddy,user0302@example.com,2024-12-07T23:56:28
cust_0303,Riya Bose,user0303@example.com,2025-08-14T04:22:09
cust_0304,Zoya Mehta,user0304@example.com,2026-05-14T09:12:48
cust_0305,Riya Bose,user0305@example.com,2025-10-07T07:01:07
cust_0306,Zoya Rao,user0306@example.com,2026-06-10T09:20:24
cust_0307,Aarav Verma,user0307@example.com,2025-05-19T00:56:55
cust_0308,Riya Gupta,user0308@example.com,2026-03-23T19:50:50
cust_0309,Riya Nair,user0309@example.com,2026-03-02T05:06:42
cust_0310,Yash Khan,user0310@example.com,2025-10-05T02:12:53
cust_0311,Tara Mehta,user0311@example.com,2025-06-26T12:06:08
cust_0312,Priya Bose,user0312@example.com,2025-12-03T23:59:05
cust_0313,Rohan Khan,user0313@example.com,2026-04-01T10:09:56
cust_0314,Neha Nair,user0314@example.com,2025-05-28T15:52:00
cust_0315,Arjun Reddy,user0315@example.com,2025-01-04T05:11:19
cust_0316,Meera Khan,user0316@example.com,2025-01-03T08:39:42
cust_0317,Tara Chatterjee,user0317@example.com,2026-03-22T13:34:52
cust_0318,Ishaan Reddy,user0318@example.com,2025-03-19T13:42:07
cust_0319,Zoya Nair,user0319@example.com,2026-04-18T07:14:36
cust_0320,Yash Chatterjee,user0320@example.com,2025-11-13T23:56:24
cust_0321,Simran Nair,user0321@example.com,2024-12-19T13:56:32
cust_0322,Meera Nair,user0322@example.com,2025-03-28T04:35:36
cust_0323,Sana Iyer,user0323@example.com,2025-05-25T06:40:34
cust_0324,Aarav Bose,user0324@example.com,2025-11-21T08:59:59
cust_0325,Kabir Nair,user0325@example.com,2024-11-06T20:28:26
cust_0326,Vivaan Mehta,user0326@example.com,2025-05-17T09:49:18
cust_0327,Kabir Kapoor,user0327@example.com,2026-08-08T01:17:24
cust_0328,Zoya Verma,user0328@example.com,2026-08-11T08:40:30
cust_0329,Aarav Joshi,user0329@example.com,2025-05-11T08:28:09
cust_0330,Zoya Rao,user0330@example.com,2025-09-09T14:56:00
cust_0331,Rohan Iyer,user0331@example.com,2024-11-11T09:43:53
cust_0332,Arjun Pillai,user0332@example.com,2025-10-08T13:31:03
cust_0333,Diya Pillai,user0333@example.com,2024-11-22T06:05:23
cust_0334,Kunal Rao,user0334@example.com,2024-11-29T00:59:30
cust_0335,Yash Kapoor,user0335@example.com,2026-03-19T16:22:28
cust_0336,Vivaan Iyer,user0336@example.com,2025-01-26T09:14:40
cust_0337,Yash Nair,user0337@example.com,2024-12-07T15:53:13
cust_0338,Riya Verma,user0338@example.com,2025-12-09T23:14:07
cust_0339,Priya Joshi,user0339@example.com,2026-01-08T12:36:35
cust_0340,Simran Reddy,user0340@example.com,2026-05-27T23:58:32
cust_0341,Karan Gupta,user0341@example.com,2025-09-17T10:11:53
cust_0342,Neha Nair,user0342@example.com,2026-08-01T14:40:07
cust_0343,Yash Gupta,user0343@example.com,2025-05-27T16:42:01
cust_0344,Yash Joshi,user0344@example.com,2024-11-18T06:46:27
cust_0345,Simran Bose,user0345@example.com,2024-12-18T13:50:52
cust_0346,Meera Kapoor,user0346@example.com,2025-03-15T09:47:41
cust_0347,Arjun Kapoor,user0347@example.com,2024-12-04T13:26:38
cust_0348,Ishaan Reddy,user0348@example.com,2025-02-14T12:07:09
cust_0349,Tara Verma,user0349@example.com,2025-02-01T01:58:46
cust_0350,Aarav Gupta,user0350@example.com,2025-09-17T09:59:51
cust_0351,Simran Rao,user0351@example.com,2025-05-16T17:28:00
cust_0352,Vivaan Reddy,user0352@example.com,2025-05-14T06:39:51
cust_0353,Ananya Bose,user0353@example.com,2026-08-01T04:13:51
cust_0354,Neha Verma,user0354@example.com,2026-03-20T09:47:01
cust_0355,Riya Menon,user0355@example.com,2025-04-25T23:39:20
cust_0356,Yash Kapoor,user0356@example.com,2026-06-18T21:53:16
cust_0357,Meera Gupta,user0357@example.com,2024-12-30T15:35:07
cust_0358,Tara Reddy,user0358@example.com,2026-02-17T12:47:10
cust_0359,Kabir Menon,user0359@example.com,2025-04-26T19:44:53
cust_0360,Kabir Verma,user0360@example.com,2024-11-17T19:44:01
cust_0361,Ishaan Chatterjee,user0361@example.com,2025-05-29T10:17:59
cust_0362,Simran Bose,user0362@example.com,2026-07-04T16:57:10
cust_0363,Yash Menon,user0363@example.com,2025-05-14T16:05:28
cust_0364,Neha Verma,user0364@example.com,2025-10-01T13:09:48
cust_0365,Ananya Bose,user0365@example.com,2025-08-11T03:18:09
cust_0366,Arjun Mehta,user0366@example.com,2025-11-25T21:59:09
cust_0367,Zoya Rao,user0367@example.com,2024-12-03T23:32:41
cust_0368,Simran Sharma,user0368@example.com,2026-08-24T08:02:39
cust_0369,Priya Bose,user0369@example.com,2025-06-09T20:30:35
cust_0370,Simran Nair,user0370@example.com,2024-10-22T14:09:23
cust_0371,Aditi Reddy,user0371@example.com,2026-03-10T05:49:57
cust_0372,Yash Joshi,user0372@example.com,2024-10-18T14:43:23
cust_0373,Arjun Joshi,user0373@example.com,2024-11-02T17:58:21
cust_0374,Ishaan Rao,user0374@example.com,2025-11-09T14:11:13
cust_0375,Neha Menon,user0375@example.com,2025-05-06T13:12:51
cust_0376,Ishaan Joshi,user0376@example.com,2025-09-06T01:29:06
cust_0377,Zoya Verma,user0377@example.com,2025-10-02T13:37:43
cust_0378,Sana Gupta,user0378@example.com,2025-06-18T09:19:07
cust_0379,Rohan Kapoor,user0379@example.com,2024-12-22T17:52:59
cust_0380,Ishaan Khan,user0380@example.com,2025-08-18T05:37:14
cust_0381,Zoya Nair,user0381@example.com,2026-03-01T03:27:08
cust_0382,Kunal Pillai,user0382@example.com,2026-05-16T04:44:35
cust_0383,Tara Sharma,user0383@example.com,2025-09-20T18:34:10
cust_0384,Aditi Khan,user0384@example.com,2025-04-16T13:03:20
cust_0385,Rohan Verma,user0385@example.com,2026-05-25T13:20:13
cust_0386,Kunal Pillai,user0386@example.com,2025-11-06T04:46:09
cust_0387,Aarav Kapoor,user0387@example.com,2026-08-08T18:11:04
cust_0388,Tara Rao,user0388@example.com,2025-08-19T11:29:35
cust_0389,Vivaan Reddy,user0389@example.com,2025-11-09T04:24:38
cust_0390,Sana Joshi,user0390@example.com,2026-05-13T01:07:20
cust_0391,Zoya Kapoor,user0391@example.com,2025-09-10T20:14:26
cust_0392,Vivaan Reddy,user0392@example.com,2025-04-27T22:17:20
cust_0393,Tara Iyer,user0393@example.com,2025-05-14T05:15:08
cust_0394,Neha Menon,user0394@example.com,2026-03-28T20:19:26
cust_0395,Zoya Verma,user0395@example.com,2024-10-24T22:09:55
cust_0396,Simran Chatterjee,user0396@example.com,2025-04-06T08:49:40
cust_0397,Ishaan Nair,user0397@example.com,2025-12-04T08:23:00
cust_0398,Aarav Mehta,user0398@example.com,2025-08-15T09:29:51
cust_0399,Aditi Reddy,user0399@example.com,2026-07-18T00:56:19
cust_0400,Diya Rao,user0400@example.com,2025-01-01T17:43:39
