device_id,fingerprint,first_seen_at
dev_0001,7b2b0c162fb341ba,2026-07-22T18:26:24
dev_0003,eefdb3b2608b4e54,2025-09-24T08:18:01
dev_0004,bd5776c84a934688,2025-07-23T12:23:32
dev_0005,bff9d0b7c7cb4278,2025-05-18T05:14:21
dev_0006,f524c94ce6144d34,2026-08-02T19:22:51
dev_0007,4a33fbdc79aa4b0d,2025-02-28T20:31:08
dev_0008,148b419f833e4a71,2026-02-28T02:50:30
dev_0009,51fe105c269c4be3,2025-05-15T06:34:57
dev_0010,8f45b6913dbf4ed6,2025-04-01T07:32:11
dev_0011,b1afff25535e4bdd,2025-05-06T09:48:12
dev_0012,aa712ebb02b3494e,2026-07-12T08:56:43
dev_0013,aedffb592414445a,2025-07-17T00:40:24
dev_0014,767f4f0998b44f35,2026-03-07T00:58:14
dev_0015,4df50d9a0b8345c8,2026-03-17T10:15:07
dev_0016,a8f54ad9d63e4caa,2026-02-07T16:51:11
dev_0017,0ad4d587a874471a,2026-04-21T19:54:31
dev_0018,5018f450b54e43dd,2025-09-26T13:09:17
dev_0019,ee6bef58667648a4,2026-02-11T14:27:36
dev_0020,9cc68c5609924ca6,2026-03-18T06:08:04
dev_0021,5f8c0a28142c42bc,2026-05-22T06:24:11
dev_0022,b81b932548944043,2026-07-02T19:30:38
dev_0023,5a58fe1c476746fe,2025-06-04T12:28:15
dev_0024,4be17597d60a45ca,2024-11-22T21:50:42
dev_0025,7b9fee73a2814ab2,2025-12-17T01:00:08
dev_0026,cf18910c220c42d3,2026-02-23T14:15:44
dev_0027,3048a497810c4a06,2026-08-20T15:41:21
dev_0028,68d45bf5097e4c7c,2025-04-26T05:43:27
dev_0029,eb8f5c680aa0494c,2026-05-04T03:36:04
dev_0030,f23554236e68472e,2025-04-24T13:51:30
dev_0031,6e3acf36dd9e4513,2026-08-30T20:37:53
dev_0032,ee87008db190411f,2025-07-10T16:06:10
dev_0033,8de55fe141e94d0d,2025-11-02T06:15:30
dev_0034,e140f57409f74000,2026-05-12T12:48:02
dev_0035,6957ea8176f84ad4,2024-12-26T16:00:28
dev_0037,7946972526644f59,2024-11-20T20:14:32
dev_0038,3c0fff385b82421d,2026-01-08T08:09:55
dev_0039,7f0d8987a1544415,2025-04-15T18:41:55
dev_0040,aec25b8240994175,2024-10-11T10:01:18
dev_0041,51ee320ddc1543c8,2026-08-20T17:39:07
dev_0042,14997ed8e2184ce1,2025-04-27T17:58:55
dev_0043,f4c38e67a39541f8,2025-05-18T11:14:20
dev_0044,60340a5780c04362,2025-09-19T22:01:22
dev_0045,8b7cd0d769344590,2026-08-13T19:04:55
dev_0046,396d618385354d6b,2026-05-17T08:00:17
dev_0047,3a832bf749c44b62,2024-12-24T03:38:29
dev_0048,db64b4c27ae44590,2026-02-10T18:52:54
dev_0049,95fc99bef33941ee,2025-03-05T23:58:18
dev_0050,57eff937fd6f4d56,2026-05-17T18:13:53
dev_0051,c64ce06254ce4023,2026-05-30T06:38:58
dev_0052,39a694c526fd45ee,2024-10-02T22:39:39
dev_0053,4410f9d096b2460a,2025-10-17T00:16:14
dev_0054,98350fcd934344c9,2025-07-11T10:27:06
dev_0055,606f5658765a4036,2024-11-16T11:48:12
dev_0056,73beda8beb19426d,2025-12-17T04:17:59
dev_0057,b44510c89d614139,2026-04-23T23:44:47
dev_0058,8e0bce2349544db9,2024-11-25T06:12:53
dev_0059,88c478d86bd3498e,2025-01-08T04:20:45
dev_0060,067ab7eedd364be8,2025-10-06T15:54:20
dev_0061,74214c841e694365,2025-04-26T09:00:49
dev_0062,537a74e1cd4d4f1c,2026-01-16T15:43:48
dev_0063,70e20794459a4eae,2025-11-25T09:12:27
dev_0064,11a49be5d6884008,2025-06-01T14:48:46
dev_0065,362c2e9214854bed,2026-02-19T06:36:18
dev_0066,f863bfc847df42c7,2026-09-01T06:01:19
dev_0067,04ab1b7c2cc54849,2025-01-04T11:40:54
dev_0068,e8616c1c17224543,2024-11-21T05:31:45
dev_0069,1d64d6ba2c624f48,2026-01-02T10:52:09
dev_0071,d400696a07d44d8b,2024-11-26T15:24:25
dev_0072,38075ccf6f144888,2024-11-23T20:25:59
dev_0073,9771f2c3081f46ae,2025-06-16T03:38:00
dev_0074,739943f36ee144e3,2025-04-05T08:43:40
dev_0076,eb15474082c644a8,2025-01-13T06:28:17
dev_0077,7f3d79f661ef436c,2025-10-04T15:13:35
dev_0078,d76c6bb62c7f4931,2025-10-04T20:51:16
dev_0079,ae3d596a87494b99,2024-12-14T18:21:37
dev_0080,d845947b681a4e54,2025-09-02T07:22:35
dev_0081,a05837cf8e3d4fe9,2025-08-17T19:30:06
dev_0082,f70007b689954bf7,2026-04-21T18:57:32
dev_0083,2a95c261717841a9,2026-02-22T01:17:35
dev_0084,1f78a7dcc3444ffa,2025-08-11T05:24:16
dev_0085,fd4e87728deb4787,2026-08-02T18:44:25
dev_0086,1f66180818a34362,2025-02-28T07:29:52
dev_0087,50641061e2084e12,2025-09-15T22:45:45
dev_0088,a92dd9985bc84377,2025-02-22T00:27:53
dev_0089,1f3ee1e57b7f4e14,2025-04-14T12:43:46
dev_0090,79ec534cad9c4ae7,2026-06-22T02:37:34
dev_0091,53e720f850d940e2,2024-11-10T19:02:05
dev_0092,f8a50733fcbd4fcc,2024-10-13T23:06:22
dev_0093,bdb72d89424a46b7,2026-05-10T19:28:44
dev_0094,19192a6d051d443d,2025-08-14T04:06:25
dev_0095,64867c1d31e941b1,2025-03-17T12:32:18
dev_0096,9d0faff5c983417f,2024-11-17T01:02:35
dev_0097,15dae0442bc24fa9,2024-10-04T04:10:44
dev_0098,0dcc8e9c6e6f43b3,2026-06-03T12:08:07
dev_0100,f06912c9b9584eab,2026-04-13T12:06:03
dev_0101,79ffba8feb9444fa,2025-02-26T23:57:10
dev_0102,e050256d4f8647d0,2024-11-16T22:12:27
dev_0103,6d0204337be54770,2025-11-27T15:15:04
dev_0105,e3deb91e40a64888,2025-12-30T05:51:34
dev_0106,b852d7f02bca4e5d,2026-07-26T19:51:03
dev_0107,d933a482560e44aa,2024-11-15T16:18:43
dev_0108,8f8b97138a184479,2026-07-25T18:10:31
dev_0109,acd44f23aa4a4cf3,2026-01-07T16:15:30
dev_0110,1eee3edc41784bc4,2026-08-02T21:28:27
dev_0111,4af3a5869d234a3d,2025-01-03T14:50:54
dev_0112,ff0372b597394511,2025-12-26T03:50:00
dev_0113,87578609b55e4a81,2026-01-26T14:06:29
dev_0114,34f7e517c9124091,2026-02-25T02:19:26
dev_0115,d5ec81213bc54e1c,2025-11-12T13:22:34
dev_0116,6eccff6db9124dde,2025-04-23T01:01:29
dev_0117,b0df28582b7649fb,2026-04-11T18:46:58
dev_0118,ecdcf8b30d804fee,2025-04-26T19:24:48
dev_0119,071f8d2fbaba45d0,2026-03-08T05:12:47
dev_0120,f992f9132eb54835,2025-06-05T01:58:12
dev_0121,5d7b5a86c6744ef3,2025-09-23T11:03:40
dev_0122,dcf618d0e4c1477e,2024-12-19T03:47:08
dev_0123,4dff4578e21f4f21,2025-03-17T01:29:03
dev_0124,0d320735d1314896,2025-01-13T09:10:09
dev_0125,1d67ebf91897475a,2024-11-24T22:21:46
dev_0127,40bb539e7e954529,2026-07-12T02:07:56
dev_0128,0d75fa1d75374460,2025-05-25T11:19:41
dev_0129,8f2ed60529e34a31,2026-02-22T11:00:07
dev_0130,18ebc14d9ba5427c,2026-03-05T05:52:20
dev_0131,ad1d7cc7a57646f8,2026-03-01T18:27:43
dev_0133,d534ee88e2d44fc0,2026-08-24T13:26:49
dev_0134,c492ca0060c24866,2025-12-06T04:50:10
dev_0135,3ba4ecd319ea4d02,2025-05-09T08:19:03
dev_0136,31d7366714d8489f,2026-04-12T21:15:38
dev_0137,2a4a4738784c43ec,2026-03-20T11:52:31
dev_0138,38bd375e13ee462a,2025-10-16T22:53:37
dev_0139,4f91419589524b06,2026-07-21T16:30:59
dev_0140,f62b921e25c54854,2026-02-07T03:55:08
dev_0141,912789b850f144c3,2025-05-05T09:41:35
dev_0142,5be7c42f67144789,2025-06-18T13:56:40
dev_0143,888ab1e56f7d4398,2025-04-23T23:12:00
dev_0145,9bc1746dc09a4558,2025-08-30T16:39:43
dev_0146,9651685b557a49d4,2024-12-28T09:28:49
dev_0148,9f240716f6dc469f,2024-10-30T11:36:47
dev_0149,13965943d8244f56,2025-12-05T15:48:51
dev_0151,ea5c4147529e4f87,2025-07-12T17:35:48
dev_0152,7419ba7a8a9f4be4,2025-07-07T10:02:51
dev_0153,135c213e83dc493b,2025-04-14T07:34:17
dev_0154,78b94fc4e2a94f4b,2026-05-31T10:25:14
dev_0155,ba969c2d2814478a,2026-08-12T21:49:37
dev_0156,aa5642d5f309413c,2026-05-07T15:16:31
dev_0157,bb41635e50974528,2025-04-04T09:06:13
dev_0158,86f7f952e88946ce,2026-06-24T05:52:49
dev_0159,c9085713b67a4ccf,2025-08-18T17:43:29
dev_0160,a637bf9fd8134052,2026-04-27T14:33:24
dev_0161,fcc166d3c6df4eb5,2025-08-18T06:53:22
dev_0162,2ac71e781b554ba3,2025-02-03T03:39:46
dev_0163,266ef7642050452e,2026-08-10T22:22:02
dev_0165,cff1965146b54c0f,2026-06-28T18:16:39
dev_0166,74778cfed50e42e8,2025-05-27T13:10:12
dev_0167,626ec98f8f804a23,2024-10-20T21:08:13
dev_0168,c780ed6904564356,2025-06-14T11:14:46
dev_0169,d9d82d2f16e44bfc,2024-11-25T10:05:47
dev_0170,c02440c2af6141ec,2026-02-12T18:05:10
dev_0171,7ac24cdc49c34361,2026-03-14T07:08:08
dev_0172,be5cadfb94444f81,2024-10-23T22:30:40
dev_0173,40ab6a942da04035,2025-04-23T09:24:15
dev_0174,196c8f9966cb4070,2025-04-26T16:39:06
dev_0175,5ba8cc9e1be24130,2026-01-08T20:53:39
dev_0176,6177526184d54c1f,2026-04-21T09:03:51
dev_0177,25cdbbe7a2964899,2026-01-16T08:33:07
dev_0178,ff4afd92b8664b72,2025-07-28T16:33:47
dev_0179,ac96eb5637184a35,2025-04-18T08:22:18
dev_0180,13ad3831c26a4470,2025-09-06T04:42:04
dev_0181,183de899f5894bfd,2026-06-20T22:27:08
dev_0182,c012bc94a51e4d53,2026-04-14T07:08:49
dev_0183,0967682d324d41fe,2025-09-02T11:57:58
dev_0184,ac83219d757d4bdf,2025-06-15T23:22:29
dev_0186,558041d4fe1b4f26,2025-05-23T18:24:46
dev_0187,c0fd19d86fe54109,2026-03-04T11:47:05
dev_0188,99f9d281da6649ac,2025-08-11T01:17:12
dev_0189,deb04d512f9f47ea,2025-01-09T08:48:59
dev_0190,2ceaf6972d1d495c,2026-03-02T23:10:58
dev_0191,21ac58f14bae4c74,2026-05-06T14:14:20
dev_0192,6c98a2e54a634417,2025-12-18T12:53:27
dev_0193,e2477b4fb4b54d78,2025-12-02T02:17:23
dev_0194,35aa79edec844c5e,2025-05-13T08:27:33
dev_0195,8120eb4cee8d4253,2026-06-04T19:36:22
dev_0196,df92ca87d6624326,2026-02-23T00:35:50
dev_0197,857835b5563e47c2,2025-09-10T15:29:17
dev_0198,55ca7ac397e443e2,2025-03-17T11:40:58
dev_0199,819c7b8d59db406c,2026-06-11T00:18:00
dev_0200,02fb8779b0984981,2024-12-07T08:42:12
dev_0202,e323c7b6873e42e6,2024-12-14T00:51:48
dev_0203,97dcaaea36bf4a59,2025-05-31T14:38:17
dev_0204,47943ba404334e39,2025-03-06T04:03:03
dev_0205,a8e6dd843f0143bf,2024-11-07T09:29:10
dev_0206,dad9d6be997a4414,2026-01-20T06:58:21
dev_0207,abae983409a04b6c,2025-08-20T09:44:25
dev_0208,ec80ddc818dc4c28,2026-04-13T10:56:18
dev_0209,a77eab2d7af84e20,2025-08-08T22:04:09
dev_0210,8ec658af592a43dc,2026-02-24T01:48:27
dev_0211,a64682d1fd73495d,2026-05-08T18:59:32
dev_0212,46bdcb0d90874744,2025-08-28T17:17:58
dev_0213,a4fd03b4aea648c3,2026-06-19T01:41:38
dev_0214,467e8f30daf54842,2024-11-10T12:08:18
dev_0216,596264c8b50747e8,2025-01-14T01:37:15
dev_0217,8c063d8933754c94,2025-11-19T01:00:57
dev_0218,0053043febc340f6,2025-06-05T22:51:45
dev_0219,16cc1ffa899d4b16,2026-06-27T12:49:20
dev_0220,c80cc7d893844af3,2026-07-09T14:55:53
dev_0221,35479de6b92b4546,2026-08-30T09:10:16
dev_0222,111b1944f9fa469a,2026-08-02T15:25:44
dev_0223,c88b3368315840e6,2025-04-21T19:40:50
dev_0224,6c2c266338834fec,2026-02-09T18:52:14
dev_0225,1b81ca3d96b84483,2026-05-29T12:54:34
dev_0226,3f42bbced8104eb4,2026-02-01T07:26:15
dev_0227,031e265782504848,2025-09-09T03:49:10
dev_0228,2d969676476b4491,2025-05-12T10:21:31
dev_0229,0da7c502e97b4c8e,2025-06-20T08:39:06
dev_0230,afaec8598a254fdb,2025-11-26T01:10:02
dev_0231,7517766b2e9c4007,2025-01-27T15:41:14
dev_0232,bdd58fc6fd95443c,2026-03-25T12:09:43
dev_0233,c00056087e7246aa,2025-03-17T16:22:14
dev_0234,464da21b889f47b7,2025-08-15T02:12:10
dev_0235,b6ada42130fe4970,2025-09-29T09:27:30
dev_0236,f30ad518d68f49da,2025-03-12T03:40:20
dev_0237,e4cabc28f1444c9f,2026-05-23T10:01:59
dev_0238,566c4fd0711a4fb6,2024-10-17T16:06:07
dev_0239,78e18f3818fb4b1b,2025-10-07T23:32:48
dev_0240,63110e0e401a4861,2025-05-22T10:32:35
dev_0241,4a0659c1fd9843c0,2026-08-26T01:24:10
dev_0242,15dccec5ec9244b7,2026-05-06T02:42:07
dev_0243,e9382f064e5549cb,2026-01-14T01:26:35
dev_0246,3566efe4c3584cf2,2025-06-20T13:54:31
dev_0247,f0e0f58dfcd144f9,2025-02-07T16:39:24
dev_0248,56daeeaa94614c25,2025-01-09T15:09:16
dev_0249,5e923ff430fd45b7,2024-10-23T10:41:27
dev_0251,c13d357aa27c48ce,2026-02-13T17:43:18
dev_0252,2e8d8fa5f7994df2,2026-08-06T19:16:49
dev_0253,8f175d61599741e4,2024-11-10T13:22:24
dev_0254,c0ebdda4fef14087,2025-06-13T18:17:45
dev_0257,8e4894d59f8a427d,2026-05-09T14:28:44
dev_0258,9d3c9205b2f744b5,2026-07-12T23:52:03
dev_0259,2ab261f19e3d45d4,2024-10-17T13:19:50
dev_0260,a8e2883917c74368,2025-07-01T07:44:01
dev_0262,f7ce29e3bbbf4e3c,2024-10-26T14:26:27
dev_0263,bc33b1f0f2894f71,2026-07-16T08:21:34
dev_0264,9b54d77cc6064d4e,2025-01-28T20:36:46
dev_0265,8fc5ab55bb554a54,2025-10-05T07:49:04
dev_0266,480a642018df49b3,2025-03-20T19:09:12
dev_0267,c529f2d4fce34e42,2025-04-19T12:43:43
dev_0268,a46aa55d987144c7,2026-01-16T02:39:30
dev_0271,133b6430a33f49de,2024-12-25T11:06:24
dev_0272,ba787825f6cf4fa4,2025-06-01T19:18:16
dev_0273,c66b0e911da44cb0,2025-07-21T00:13:43
dev_0274,606198bc60ed448c,2025-03-05T13:08:06
dev_0275,d3c65a6e37ce44f1,2026-03-22T21:59:08
dev_0277,df15918f17c24ed1,2026-03-17T23:30:46
dev_0278,47e010f2e75b4ba4,2025-01-04T12:37:47
dev_0279,4e413da991bd47e6,2024-11-03T09:35:02
dev_0280,38b014883c28411a,2025-08-31T05:32:41
dev_0281,678df12716764b5f,2025-10-30T11:47:33
dev_0282,209638d82fed42ef,2026-07-24T09:14:15
dev_0283,64251383f38f40a9,2025-10-18T06:01:19
dev_0284,c52afb9d7c3a4a93,2025-07-10T19:40:27
dev_0285,d209e91e0f1549f8,2025-01-29T07:57:42
dev_0286,cc3ca3d9ef1049d1,2026-04-25T10:56:09
dev_0287,bb04de1f83cc4eb4,2025-04-30T06:42:02
dev_0288,2c551966f7ee494b,2025-11-24T12:16:12
dev_0289,3e89a24d98dc4bb1,2025-09-05T19:41:49
dev_0290,25da9dd243f8462f,2025-06-09T20:11:34
dev_0291,f57ddb14c0ea4a1f,2024-12-08T19:30:48
dev_0292,454201301dd449e6,2025-09-17T15:33:30
dev_0293,00c9fc0c3f514420,2025-09-28T10:47:37
dev_0294,c56441bed9a54770,2026-03-05T11:56:09
dev_0295,7ce678f9c814415b,2024-10-24T19:00:24
dev_0296,367ac0fc6ab74ab5,2025-06-11T22:42:11
dev_0297,0c177f7adc294aa1,2025-03-16T06:12:02
dev_0298,c71508f048b54d4d,2025-04-21T04:02:16
dev_0299,258027cec7ee4823,2026-08-17T06:21:13
dev_0300,4f2b3a12e3b54cae,2026-08-17T02:23:24
dev_0301,786c2a90f3b24522,2024-10-10T09:13:49
dev_0302,256476b336d44b9b,2024-12-07T23:56:28
dev_0303,0455f58704904a9a,2025-08-14T04:22:09
dev_0304,41818db0463548c3,2026-05-14T09:12:48
dev_0305,6e9c539daeee42fa,2025-10-07T07:01:07
dev_0306,2d16923fa42348aa,2026-06-10T09:20:24
dev_0307,8f5d0543657d4c7d,2025-05-19T00:56:55
dev_0309,e2a19dc79af24e86,2026-03-02T05:06:42
dev_0310,ece810d206a04a29,2025-10-05T02:12:53
dev_0311,bf7eea18fc1a4867,2025-06-26T12:06:08
dev_0312,6fd2b887dd7340ee,2025-12-03T23:59:05
dev_0313,81a8c9357fd14bae,2026-04-01T10:09:56
dev_0314,0731a39c16004431,2025-05-28T15:52:00
dev_0315,3fb6516964a7447e,2025-01-04T05:11:19
dev_0316,c570af9e857d4f21,2025-01-03T08:39:42
dev_0317,af570ac9a09b4307,2026-03-22T13:34:52
dev_0319,a67761765a934ba5,2026-04-18T07:14:36
dev_0320,a5baa14f20324b1d,2025-11-13T23:56:24
dev_0321,dae5fb2d02e64586,2024-12-19T13:56:32
dev_0323,76d8d74b98894c70,2025-05-25T06:40:34
dev_0324,73d900edc14842a8,2025-11-21T08:59:59
dev_0325,85e2bfccd8cb42c2,2024-11-06T20:28:26
dev_0326,8106eae2e0f64698,2025-05-17T09:49:18
dev_0327,9582c6d9ac3b477d,2026-08-08T01:17:24
dev_0328,7399bb428eaa418f,2026-08-11T08:40:30
dev_0329,1f188ac0d8414a8d,2025-05-11T08:28:09
dev_0330,d0aaf5e90880441a,2025-09-09T14:56:00
dev_0331,08c5ac5da47e4a60,2024-11-11T09:43:53
dev_0332,776400fb8db34997,2025-10-08T13:31:03
dev_0333,b62a29ac59284d25,2024-11-22T06:05:23
dev_0334,7a8d2c99d08a49dd,2024-11-29T00:59:30
dev_0335,a9c55540e2784ecc,2026-03-19T16:22:28
dev_0336,86109247f73b4525,2025-01-26T09:14:40
dev_0337,106ba7879708429a,2024-12-07T15:53:13
dev_0338,b840905eea3f47fa,2025-12-09T23:14:07
dev_0339,ded3da4d11484fde,2026-01-08T12:36:35
dev_0340,4b469bb731584a7a,2026-05-27T23:58:32
dev_0341,3eb60b8e4af14860,2025-09-17T10:11:53
dev_0342,01782079190048d4,2026-08-01T14:40:07
dev_0343,f641f671257f494b,2025-05-27T16:42:01
dev_0344,449f21d9925646cc,2024-11-18T06:46:27
dev_0345,651fffe7f82c4de2,2024-12-18T13:50:52
dev_0346,7611fe5f5803476d,2025-03-15T09:47:41
dev_0347,adfe74fb7eda4bee,2024-12-04T13:26:38
dev_0348,a3e6400d62fc4d98,2025-02-14T12:07:09
dev_0349,7225a9b4b81a458b,2025-02-01T01:58:46
dev_0350,98a79cf4c1f3482d,2025-09-17T09:59:51
dev_0351,7d4329524cfe4c6a,2025-05-16T17:28:00
dev_0352,b11304484f554e58,2025-05-14T06:39:51
dev_0353,d7c6590d76514f11,2026-08-01T04:13:51
dev_0354,6648ab07afcd4016,2026-03-20T09:47:01
dev_0355,1d511ded4e5b4463,2025-04-25T23:39:20
dev_0356,dc13ecc2ea444039,2026-06-18T21:53:16
dev_0357,1366097425a74ecd,2024-12-30T15:35:07
dev_0358,c5cdc216a18e4685,2026-02-17T12:47:10
dev_0359,700c041ec2fa48ea,2025-04-26T19:44:53
dev_0360,5eb575e01f0e4abc,2024-11-17T19:44:01
dev_0361,c8236c8eacdf436e,2025-05-29T10:17:59
dev_0362,af41dd64a9a641cb,2026-07-04T16:57:10
dev_0363,1ec9b8fbcac14898,2025-05-14T16:05:28
dev_0364,1ed73d292b09424e,2025-10-01T13:09:48
dev_0365,a25e95f7cff949a4,2025-08-11T03:18:09
dev_0366,4109ec36725c4941,2025-11-25T21:59:09
dev_0368,5ac547db29a74122,2026-08-24T08:02:39
dev_0369,3ff78e1eac184f27,2025-06-09T20:30:35
dev_0370,f56c05765b444e1c,2024-10-22T14:09:23
dev_0371,7caf6a5a56d94696,2026-03-10T05:49:57
dev_0372,e6235154c6c44cc8,2024-10-18T14:43:23
dev_0373,4ba70a2c3a5541dd,2024-11-02T17:58:21
dev_0374,12ee9be77e1f4ba0,2025-11-09T14:11:13
dev_0375,6c37bc3472ce4cb4,2025-05-06T13:12:51
dev_0376,148aa6a2776c4867,2025-09-06T01:29:06
dev_0377,ce165fb3f69d44f3,2025-10-02T13:37:43
dev_0378,a9d14cae96a84651,2025-06-18T09:19:07
dev_0379,6a2379747e6940d4,2024-12-22T17:52:59
dev_0380,cce48f2af9c5490c,2025-08-18T05:37:14
dev_0381,078afb1bc3fe4352,2026-03-01T03:27:08
dev_0382,f51a6f3b90c849a3,2026-05-16T04:44:35
dev_0383,dbbdc81f46be4d88,2025-09-20T18:34:10
dev_0384,2cd19bf894f54e8a,2025-04-16T13:03:20
dev_0385,f8bd6fca48ad4434,2026-05-25T13:20:13
dev_0386,86eaca13b4a447fe,2025-11-06T04:46:09
dev_0387,0514583912964095,2026-08-08T18:11:04
dev_0388,f6ab843d34ac47a2,2025-08-19T11:29:35
dev_0389,eae19d7c2fc04d3f,2025-11-09T04:24:38
dev_0390,4b504c42b4bd49fa,2026-05-13T01:07:20
dev_0391,437831ac2de34e5e,2025-09-10T20:14:26
dev_0392,8ea5585374b840dc,2025-04-27T22:17:20
dev_0393,bc974a26c48d4aac,2025-05-14T05:15:08
dev_0394,676c6db2970a4d30,2026-03-28T20:19:26
dev_0395,b013130e7b664194,2024-10-24T22:09:55
dev_0396,857cdf33fbcb401e,2025-04-06T08:49:40
dev_0398,bc64cc768bb64415,2025-08-15T09:29:51
dev_0399,4adb5533030f4bb2,2026-07-18T00:56:19
dev_0400,864c64dd0b414ff7,2025-01-01T17:43:39
