fee_id,payment_id,fee_amount,tax_amount,fee_type
fee_ea5ed47a6c,pay_ac3faf06c9,91.49,16.47,gateway_fee
fee_d700de3139,pay_f9749185b1,87.08,15.67,gateway_fee
fee_86de85f883,pay_f2a96b5385,98.72,17.77,gateway_fee
fee_7f1f547887,pay_6a01bf2f26,88.86,15.99,gateway_fee
fee_36001246a7,pay_0291976f7f,90.3,16.25,gateway_fee
fee_cf21a68444,pay_9f2d9ecadf,91.23,16.42,gateway_fee
fee_4df90245a1,pay_b79961fe54,89.59,16.13,gateway_fee
fee_23e1f91ec7,pay_9bdc324076,78.44,14.12,gateway_fee
fee_f49da9849e,pay_48bd9b62a7,75.96,13.67,gateway_fee
fee_bdfed1a167,pay_077dad87e0,83.14,14.97,gateway_fee
fee_a6deb0b2ad,pay_4db5b915b3,82.28,14.81,gateway_fee
fee_78cb69b84a,pay_c498f16e09,9.19,1.65,gateway_fee
fee_44ce16c992,pay_9d0b51a312,9.43,1.7,gateway_fee
fee_d52b0f6558,pay_6ef185ed41,8.61,1.55,gateway_fee
fee_4985e17a58,pay_45fddd41fd,8.75,1.57,gateway_fee
fee_fe28922a7e,pay_cc13ca58e5,8.37,1.51,gateway_fee
fee_95eb590b3f,pay_a5992c47b1,18.29,3.29,gateway_fee
fee_6fc87923d7,pay_10a756e996,18.49,3.33,gateway_fee
fee_d33063e5f1,pay_c22cc077be,18.6,3.35,gateway_fee
fee_7eca3a147e,pay_8a8b363590,16.9,3.04,gateway_fee
fee_9ed4ba947b,pay_e3ecbe96b0,18.4,3.31,gateway_fee
fee_212c2edf6f,pay_e55a68bb2d,16.66,3.0,gateway_fee
fee_016ed6b364,pay_dd0535bcec,17.53,3.16,gateway_fee
fee_d79a9c5cb7,pay_ae31ac33d4,34.05,6.13,gateway_fee
fee_75f3a8cb83,pay_5fe89a1a02,30.71,5.53,gateway_fee
fee_25eabaf52e,pay_82d2811046,33.74,6.07,gateway_fee
fee_931d144ed5,pay_d4ac3fbb6e,32.23,5.8,gateway_fee
fee_ee2d3e3363,pay_8f1c724961,31.62,5.69,gateway_fee
fee_c6d25f16e9,pay_a1bd912ef3,31.68,5.7,gateway_fee
fee_94da2c3765,pay_aba0975df6,10.84,1.95,gateway_fee
fee_2cf5738cc1,pay_87c13cc7b7,10.54,1.9,gateway_fee
fee_9af009bac0,pay_a80c0da1f7,9.82,1.77,gateway_fee
fee_007b30170a,pay_c0e7295d36,11.26,2.03,gateway_fee
fee_acdaf3660b,pay_4d8f270a52,10.5,1.89,gateway_fee
fee_9d8b51221c,pay_54d3fd088b,10.22,1.84,gateway_fee
fee_72e8238890,pay_27f7c51797,11.04,1.99,gateway_fee
fee_317c5ba637,pay_252660f33c,10.22,1.84,gateway_fee
fee_da3caf6019,pay_8563d2749f,10.14,1.83,gateway_fee
fee_d9e992a5a4,pay_3e9c3bb269,802.77,144.5,gateway_fee
fee_7f5961f21f,pay_8270cf5f8f,13.34,2.4,gateway_fee
fee_5524d065dd,pay_b532968c0a,71.44,12.86,gateway_fee
fee_7c9929c502,pay_118a851c25,197.16,35.49,gateway_fee
fee_0388a20d0d,pay_fa4b502e5a,5.19,0.93,gateway_fee
fee_c648385cb6,pay_f0a73ba9ef,25.67,4.62,gateway_fee
fee_9b3d31bfaa,pay_219e481026,18.7,3.37,gateway_fee
fee_f19e589f86,pay_31e47c129e,371.66,66.9,gateway_fee
fee_b1f051f531,pay_18f0817a05,115.92,20.87,gateway_fee
fee_90eca4ffbc,pay_138b76f135,148.79,26.78,gateway_fee
fee_c8a591fa9b,pay_13594bd1b0,38.74,6.97,gateway_fee
fee_1a55f207fb,pay_d303abcd22,11.76,2.12,gateway_fee
fee_8170890924,pay_3f422e2ed7,103.63,18.65,gateway_fee
fee_183f4e6f5b,pay_60e61970e1,141.78,25.52,gateway_fee
fee_96e3c4a218,pay_f397582e87,630.96,113.57,gateway_fee
fee_f7e3b0c01f,pay_bb35eab940,26.25,4.72,gateway_fee
fee_6933ebf9ea,pay_0b6d6ae2ec,86.43,15.56,gateway_fee
fee_f5855d95f2,pay_5dbd2fbef7,28.22,5.08,gateway_fee
fee_57149c60e7,pay_a9800bea38,49.56,8.92,gateway_fee
fee_03ee40a1f1,pay_444ad07a31,133.89,24.1,gateway_fee
fee_4a49ee69e7,pay_4a07ce129c,910.43,163.88,gateway_fee
fee_990470d62e,pay_3f40091e4f,12.41,2.23,gateway_fee
fee_f2fb52aefc,pay_e104396bdf,2.23,0.4,gateway_fee
fee_9ca0042fdd,pay_d253fe05b3,4.5,0.81,gateway_fee
fee_5ebeb11181,pay_506e5fd94e,213.64,38.46,gateway_fee
fee_799d338d7f,pay_e6210a6d50,22.23,4.0,gateway_fee
fee_54c8d27d3d,pay_52dad162ea,5.45,0.98,gateway_fee
fee_e7d57bc216,pay_2b006fcdab,82.11,14.78,gateway_fee
fee_903ed3f5fa,pay_e8cfb14e85,69.62,12.53,gateway_fee
fee_ed580ab486,pay_46bb632827,19.87,3.58,gateway_fee
fee_f18eeb382d,pay_e856bf77a9,17.3,3.11,gateway_fee
fee_38a2340358,pay_7f4b313a2b,8.04,1.45,gateway_fee
fee_6a7cd396d4,pay_162b10d395,19.93,3.59,gateway_fee
fee_5a7b197342,pay_f8009ca2fe,358.09,64.46,gateway_fee
fee_fb699d81d1,pay_44e32fa9e5,11.71,2.11,gateway_fee
fee_abaae13cda,pay_eb67f62bad,36.16,6.51,gateway_fee
fee_2f846b65eb,pay_a43e3f8d75,16.3,2.93,gateway_fee
fee_ee5c804cfc,pay_2928ff2f84,217.8,39.2,gateway_fee
fee_a73518a947,pay_c3d7d29f21,12.19,2.19,gateway_fee
fee_8e3994a7c3,pay_b1b0bab202,77.15,13.89,gateway_fee
fee_12f32e89e4,pay_5c1aa97558,16.06,2.89,gateway_fee
fee_3b0d4949e4,pay_f82d944ded,23.97,4.31,gateway_fee
fee_1228e5685d,pay_040768c720,229.71,41.35,gateway_fee
fee_46383bd778,pay_6ed2f0a555,559.06,100.63,gateway_fee
fee_4de1993d83,pay_f6686cd9c4,27.08,4.87,gateway_fee
fee_a288571be8,pay_4a9f2d42c2,17.9,3.22,gateway_fee
fee_e66e02f286,pay_e68ffaa35f,98.51,17.73,gateway_fee
fee_b04971fd5e,pay_57e03ab864,62.64,11.28,gateway_fee
fee_7327c1b0a8,pay_616b4d4148,397.8,71.6,gateway_fee
fee_d17f518438,pay_76dbd0fb0c,21.73,3.91,gateway_fee
fee_abe0190ad8,pay_d04274d3e4,11.96,2.15,gateway_fee
fee_47a472b04a,pay_010edef158,25.25,4.54,gateway_fee
fee_f5555560e4,pay_7afc9999f1,303.87,54.7,gateway_fee
fee_35a9bed72f,pay_22be6e427c,577.01,103.86,gateway_fee
fee_d89a895615,pay_3a1916e1c9,27.88,5.02,gateway_fee
fee_a525d362a2,pay_73af198dfe,7.24,1.3,gateway_fee
fee_427a0449d2,pay_4826ea0594,26.77,4.82,gateway_fee
fee_9479c87e5d,pay_b734627cec,17.25,3.1,gateway_fee
fee_5b7b97eb5f,pay_b19923f580,10.93,1.97,gateway_fee
fee_d5381fdb01,pay_d8e878678f,222.62,40.07,gateway_fee
fee_67ec299c66,pay_3d59c4f3d1,10.9,1.96,gateway_fee
fee_8dd2b0e2f1,pay_2714a19014,69.53,12.52,gateway_fee
fee_bb5c7de4f4,pay_b2d3808616,34.18,6.15,gateway_fee
fee_924144b329,pay_beb37b198c,16.74,3.01,gateway_fee
fee_26f82ab899,pay_6c9fec68b8,5.82,1.05,gateway_fee
fee_912f1828bf,pay_6bc1db72ce,767.11,138.08,gateway_fee
fee_d8d261ddba,pay_9d4edaac54,91.85,16.53,gateway_fee
fee_585c6fa3c6,pay_fc4ae9853a,18.87,3.4,gateway_fee
fee_900fedf98a,pay_31aeb3586e,79.98,14.4,gateway_fee
fee_bc35eb9448,pay_81120a6841,8.99,1.62,gateway_fee
fee_96047670f5,pay_6aaa9fbd29,13.75,2.48,gateway_fee
fee_6174f62830,pay_8d9f96d7d0,15.43,2.78,gateway_fee
fee_65e7e71d88,pay_a506e18716,28.65,5.16,gateway_fee
fee_8085f3478e,pay_2bb294e160,27.15,4.89,gateway_fee
fee_49ba2dc7a1,pay_db5f7e6007,20.3,3.65,gateway_fee
fee_6cd369a951,pay_ccdd7e875d,17.52,3.15,gateway_fee
fee_79b6cecc16,pay_c3591db20d,599.91,107.98,gateway_fee
fee_a17bcc17e5,pay_792ca44da7,17.24,3.1,gateway_fee
fee_93dab962e9,pay_e2b7da42f1,15.02,2.7,gateway_fee
fee_e4e4c4262e,pay_84ad1d1aa8,17.16,3.09,gateway_fee
fee_6e56394fca,pay_da0e22a20f,226.64,40.8,gateway_fee
fee_11650d4d79,pay_e689c9871c,854.43,153.8,gateway_fee
fee_b3e2478b4d,pay_ab81681947,84.16,15.15,gateway_fee
fee_1689734a20,pay_96d9e9c787,232.61,41.87,gateway_fee
fee_1291523052,pay_d8ecccd4e7,175.67,31.62,gateway_fee
fee_6d1f5d2173,pay_d169cd82e0,9.52,1.71,gateway_fee
fee_ba7f42bd23,pay_9909510664,173.82,31.29,gateway_fee
fee_ee11a20c1d,pay_3bf13fe5ed,20.08,3.61,gateway_fee
fee_a551a357fb,pay_52144d5749,140.1,25.22,gateway_fee
fee_24e2f657a4,pay_2fc8a56689,27.7,4.99,gateway_fee
fee_c758b8cc27,pay_d282f68cf2,757.69,136.38,gateway_fee
fee_73f2f56e0c,pay_2e7ddf0874,102.29,18.41,gateway_fee
fee_e17e490c33,pay_a585543422,75.01,13.5,gateway_fee
fee_928d609d7b,pay_507e48763d,233.1,41.96,gateway_fee
fee_50c75a7b17,pay_2a2dfc1c9a,24.54,4.42,gateway_fee
fee_5af9b11953,pay_1d39fa2524,10.46,1.88,gateway_fee
fee_1211bdf60a,pay_dffd59420a,154.69,27.84,gateway_fee
fee_1d51a6539a,pay_c444117618,210.91,37.96,gateway_fee
fee_bb108b51d4,pay_67bdfbb7dc,10.95,1.97,gateway_fee
fee_b7bd74e2f1,pay_e5b21164dc,2.99,0.54,gateway_fee
fee_8930828e5f,pay_ba71ac4d69,750.62,135.11,gateway_fee
fee_ef3cc5c4ce,pay_223f1248c4,22.75,4.09,gateway_fee
fee_a0f150800c,pay_ba76494aae,26.4,4.75,gateway_fee
fee_7b3f2f8c35,pay_241fa824b5,26.26,4.73,gateway_fee
fee_c7b0ecebba,pay_22c5b4ce72,237.2,42.7,gateway_fee
fee_02310a6ac1,pay_df383cf639,67.13,12.08,gateway_fee
fee_2834a94014,pay_da6f83783a,23.99,4.32,gateway_fee
fee_d3a03d3a20,pay_7c08934b0b,3.06,0.55,gateway_fee
fee_d91dcf8750,pay_755f65d1cd,161.6,29.09,gateway_fee
fee_4143fc2c93,pay_4fdc4849f5,18.48,3.33,gateway_fee
fee_a78906c1d6,pay_eec66f7ae3,16.68,3.0,gateway_fee
fee_b4ef49fdbc,pay_5f1ab6bb51,27.39,4.93,gateway_fee
fee_9b6a3cddab,pay_30343898dd,65.49,11.79,gateway_fee
fee_9b65c41bb3,pay_8423301bda,9.08,1.63,gateway_fee
fee_8a7d47b5b8,pay_439f756979,16.57,2.98,gateway_fee
fee_32eaa8fc44,pay_fc5d0bd3e0,5.19,0.93,gateway_fee
fee_30c3d2a440,pay_940b454c4d,13.47,2.42,gateway_fee
fee_05a0f0562e,pay_be62b9b4bf,51.27,9.23,gateway_fee
fee_b563a45556,pay_e8de2c67c8,6.89,1.24,gateway_fee
fee_4eb351998c,pay_774138f6fa,23.23,4.18,gateway_fee
fee_8250bb6cbe,pay_9ae43ec5a4,443.92,79.91,gateway_fee
fee_53be1808c0,pay_6a56218443,446.59,80.39,gateway_fee
fee_70f0974249,pay_fd2a9ec733,236.13,42.5,gateway_fee
fee_f7674be6d4,pay_cd4d145ce9,19.12,3.44,gateway_fee
fee_ea6196be4a,pay_896fc2153a,122.54,22.06,gateway_fee
fee_2183403a8b,pay_edc8e944eb,148.65,26.76,gateway_fee
fee_d099a35dbc,pay_1bdbe718f2,212.58,38.26,gateway_fee
fee_ba0f92c248,pay_2549502a24,15.96,2.87,gateway_fee
fee_9492353b53,pay_dfee40bcf0,17.37,3.13,gateway_fee
fee_aa2973d97a,pay_5aba53d57f,11.54,2.08,gateway_fee
fee_ef9fcd56ef,pay_92ae2d589b,25.24,4.54,gateway_fee
fee_9bb5a81589,pay_8f0e93597c,185.93,33.47,gateway_fee
fee_8904da2358,pay_3806ca4229,192.15,34.59,gateway_fee
fee_7f31c9a907,pay_c20bd2df2b,3.36,0.6,gateway_fee
fee_8fb57bdba4,pay_86dcf8be62,51.75,9.31,gateway_fee
fee_eeeb796570,pay_b2262c5b9c,87.46,15.74,gateway_fee
fee_d3ec37a01e,pay_0047cfd8d1,187.17,33.69,gateway_fee
fee_14ed40ee60,pay_d1243d1c72,91.02,16.38,gateway_fee
fee_2901059eb0,pay_345d35d4bb,179.17,32.25,gateway_fee
fee_2548e163a9,pay_0f0e978d93,36.78,6.62,gateway_fee
fee_5a887750fa,pay_9363c4c132,79.89,14.38,gateway_fee
fee_4e397859ae,pay_007019bf79,280.89,50.56,gateway_fee
fee_d9f44f0ccf,pay_4284520666,107.23,19.3,gateway_fee
fee_e300f072ec,pay_f646951d27,296.6,53.39,gateway_fee
fee_6a8dd7be06,pay_8292d43d29,18.35,3.3,gateway_fee
fee_63e7552b5f,pay_4b72b539fc,192.47,34.64,gateway_fee
fee_02a36a4881,pay_e632941b46,96.75,17.41,gateway_fee
fee_3f25a521b3,pay_0ce03b3354,4.57,0.82,gateway_fee
fee_a382775a9f,pay_bd7155f276,160.44,28.88,gateway_fee
fee_9c9c3b8255,pay_5b15b298f8,35.19,6.33,gateway_fee
fee_7a7a5eeb7a,pay_c4d8e30b2b,20.24,3.64,gateway_fee
fee_4e2fdab6f3,pay_00cec5680a,74.26,13.37,gateway_fee
fee_7afa97f87c,pay_101d6427c9,6.98,1.26,gateway_fee
fee_e3dcc72a60,pay_d14ea34bd6,13.32,2.4,gateway_fee
fee_373ef981a1,pay_377d577f83,43.28,7.79,gateway_fee
fee_ed458629c1,pay_e9a7c1f95c,21.2,3.82,gateway_fee
fee_df8c19432a,pay_73ead9680d,6.38,1.15,gateway_fee
fee_e6fedc184a,pay_3c5d8a2160,26.84,4.83,gateway_fee
fee_abc175ed05,pay_7ba76a4e88,18.71,3.37,gateway_fee
fee_86d6e9b574,pay_e9878dbc1c,59.92,10.79,gateway_fee
fee_c4aced9035,pay_a6f009884f,149.13,26.84,gateway_fee
fee_7566000580,pay_c649db10cc,7.53,1.36,gateway_fee
fee_cdc27a3c65,pay_c715a88eb3,9.98,1.8,gateway_fee
fee_bae771c37f,pay_7eff7ac5e7,18.36,3.3,gateway_fee
fee_ff6e70e8cf,pay_9dbefc37e5,8.2,1.48,gateway_fee
fee_58ce559728,pay_490f201517,23.69,4.26,gateway_fee
fee_aff4cdbca7,pay_8f0b510123,71.25,12.82,gateway_fee
fee_6b4d60900f,pay_cccd4aff90,18.52,3.33,gateway_fee
fee_0d65d0c3ac,pay_4db60596f4,2.3,0.41,gateway_fee
fee_577fa64b75,pay_f8645e2cce,148.82,26.79,gateway_fee
fee_47dee69ea2,pay_e1b9c42ac7,9.4,1.69,gateway_fee
fee_263c23df80,pay_9023e7a868,85.3,15.35,gateway_fee
fee_95645b9373,pay_aca347ed9e,46.35,8.34,gateway_fee
fee_94b92ab588,pay_4d0b10b018,102.46,18.44,gateway_fee
fee_8ee46493e7,pay_2bde6304ac,20.02,3.6,gateway_fee
fee_fbe5315dde,pay_97cb7665f4,117.07,21.07,gateway_fee
fee_d4b6885d03,pay_8c849a9623,695.51,125.19,gateway_fee
fee_e097066806,pay_4750f9f28b,129.0,23.22,gateway_fee
fee_5fb097fdd8,pay_12ea49f247,68.2,12.28,gateway_fee
fee_1687ebe2e6,pay_5f1530fc8b,6.19,1.11,gateway_fee
fee_a0c20c8db6,pay_16d57c8e61,5.29,0.95,gateway_fee
fee_846068690f,pay_a0d30d69a1,139.63,25.13,gateway_fee
fee_030dfa552c,pay_83dfd8ca44,18.49,3.33,gateway_fee
fee_d53025fb76,pay_da61394005,303.7,54.67,gateway_fee
fee_f9d2deb96e,pay_8f34243be1,2.2,0.4,gateway_fee
fee_3edc1030ec,pay_b120c5f6eb,84.87,15.28,gateway_fee
fee_d1afe681b6,pay_bb3ee964ff,116.78,21.02,gateway_fee
fee_5437ad2b29,pay_39183230b3,679.01,122.22,gateway_fee
fee_4316f71536,pay_7e2eb95670,316.21,56.92,gateway_fee
fee_35efb559a9,pay_986c984bb0,63.76,11.48,gateway_fee
fee_7759f20051,pay_fdd4074aa0,8.21,1.48,gateway_fee
fee_d629e54b55,pay_eeb2f7b8e4,28.98,5.22,gateway_fee
fee_b0d4ec3f58,pay_24c04af375,633.8,114.08,gateway_fee
fee_bd68708544,pay_775355cfdf,171.55,30.88,gateway_fee
fee_8d146ad1d6,pay_c1cf37b5cd,20.75,3.73,gateway_fee
fee_0a302cafcb,pay_537ecb80ae,147.41,26.53,gateway_fee
fee_d8950760e7,pay_4182f58bc2,13.31,2.4,gateway_fee
fee_945f26b098,pay_258664de69,11.52,2.07,gateway_fee
fee_9213587c37,pay_215dbdbc55,668.01,120.24,gateway_fee
fee_555412b9a7,pay_990b37f633,9.22,1.66,gateway_fee
fee_ac549e9045,pay_16174f8ce7,2.27,0.41,gateway_fee
fee_6d5330295c,pay_46da1f62a6,602.18,108.39,gateway_fee
fee_d4b7b06e01,pay_1dea04f58f,384.53,69.22,gateway_fee
fee_a3541325c9,pay_59f6531551,205.63,37.01,gateway_fee
fee_2f2833ec7d,pay_a10076aba2,2.19,0.39,gateway_fee
fee_673107d8bb,pay_2af949626f,215.01,38.7,gateway_fee
fee_311607533c,pay_a57417c49a,56.93,10.25,gateway_fee
fee_44d0423f11,pay_3524876a12,21.22,3.82,gateway_fee
fee_e6c0a63c22,pay_6d9f9a51bf,20.87,3.76,gateway_fee
fee_35ea36c6e7,pay_d6a70eab70,9.54,1.72,gateway_fee
fee_2c71eb397d,pay_1dcc6e030b,108.19,19.47,gateway_fee
fee_974a88297c,pay_bb967b9960,4.8,0.86,gateway_fee
fee_7717b36c3a,pay_92f1e3b30c,24.56,4.42,gateway_fee
fee_0454c11aa6,pay_a783d0304e,93.01,16.74,gateway_fee
fee_f2018136b5,pay_29f079de96,19.64,3.54,gateway_fee
fee_27d1a82886,pay_7bb770ec97,13.53,2.44,gateway_fee
fee_3237983b28,pay_7a3dd9ed7d,20.85,3.75,gateway_fee
fee_bdbcac95d8,pay_a9d2b9610e,60.42,10.88,gateway_fee
fee_7528127ca3,pay_c2a9c41a3b,11.62,2.09,gateway_fee
fee_de7660077d,pay_b3db8bff97,14.46,2.6,gateway_fee
fee_3507aaa7e6,pay_0d3246c3ca,9.05,1.63,gateway_fee
fee_eff58b8719,pay_815c66edf2,536.28,96.53,gateway_fee
fee_991751ccb0,pay_dce95cd4b2,36.0,6.48,gateway_fee
fee_3d0742d21a,pay_84389d82ea,29.15,5.25,gateway_fee
fee_7d08317c15,pay_28078925c2,142.09,25.58,gateway_fee
fee_a37da41071,pay_c4748f960a,6.36,1.14,gateway_fee
fee_81d19b9f62,pay_ee2ce7281c,21.26,3.83,gateway_fee
fee_819a7d1e8a,pay_b0cf973fa0,145.12,26.12,gateway_fee
fee_47d67a4833,pay_6f53d27bdc,165.66,29.82,gateway_fee
fee_1ee9e37694,pay_9cf18ecfc5,158.78,28.58,gateway_fee
fee_87b70c4c18,pay_d72869346c,68.31,12.3,gateway_fee
fee_e69a738fd2,pay_0c617ebd69,5.5,0.99,gateway_fee
fee_19f1614148,pay_66cb70236c,10.72,1.93,gateway_fee
fee_f7009600e0,pay_b08673d55a,282.59,50.87,gateway_fee
fee_81560a9b78,pay_14720205b2,55.61,10.01,gateway_fee
fee_601c2613e2,pay_d9c470062e,22.59,4.07,gateway_fee
fee_74b8b96efe,pay_e578b8096a,186.39,33.55,gateway_fee
fee_1f4e12f4b9,pay_7c73e1e8b9,75.74,13.63,gateway_fee
fee_954f409f9c,pay_45b2b832dd,113.12,20.36,gateway_fee
fee_850f47f5a7,pay_4ae767d08c,23.58,4.24,gateway_fee
fee_b9c58d7e8f,pay_e77e9f8b5f,3.11,0.56,gateway_fee
fee_d559dd09b3,pay_aee405f06d,11.06,1.99,gateway_fee
fee_f5368349c9,pay_ef3256ec4f,14.58,2.62,gateway_fee
fee_4c418e06ad,pay_8319e2330a,160.14,28.83,gateway_fee
fee_730d4feafb,pay_4c66da5518,15.93,2.87,gateway_fee
fee_a3ae7dec4f,pay_2de951a7b1,16.65,3.0,gateway_fee
fee_c4a6d8fc23,pay_4730a1b9e6,7.37,1.33,gateway_fee
fee_85733ef25e,pay_f7a3c88b1e,872.38,157.03,gateway_fee
fee_ae9c09f289,pay_9d39cbd23f,85.82,15.45,gateway_fee
fee_5cf8fc22c5,pay_513d5d7d2d,8.47,1.52,gateway_fee
fee_f1b208c063,pay_0ec76f0b5a,147.21,26.5,gateway_fee
fee_b826df07eb,pay_4e0bccd09c,16.13,2.9,gateway_fee
fee_25efd606e8,pay_03b1381e26,19.73,3.55,gateway_fee
fee_79ceb6b4a6,pay_94ffdf5558,433.11,77.96,gateway_fee
fee_38c4bc2457,pay_aa64ec4f8d,5.78,1.04,gateway_fee
fee_5ee0779a85,pay_12add24ea9,26.91,4.84,gateway_fee
fee_3d46997cb9,pay_68fff9702b,75.66,13.62,gateway_fee
fee_2f4d028d82,pay_32aa715f57,223.59,40.25,gateway_fee
fee_4b740631ea,pay_c902fac4b2,20.28,3.65,gateway_fee
fee_398c3f8abc,pay_ccffbe240f,17.12,3.08,gateway_fee
fee_db7d5dfaf3,pay_75556e0b81,112.51,20.25,gateway_fee
fee_609860e35a,pay_34e79bfa81,15.32,2.76,gateway_fee
fee_b70b72818e,pay_29a6e5f3f9,190.03,34.21,gateway_fee
fee_93b10379eb,pay_69e38969b3,638.43,114.92,gateway_fee
fee_011e7700e1,pay_3c0beccaa2,20.81,3.75,gateway_fee
fee_18b25c0973,pay_e5dd20786f,10.54,1.9,gateway_fee
fee_7beae8952f,pay_f6afb1cb43,62.76,11.3,gateway_fee
fee_54f5ebf9e0,pay_8d61d773c8,21.43,3.86,gateway_fee
fee_007d368fae,pay_b49753f414,7.71,1.39,gateway_fee
fee_aaea12177e,pay_8891db8b8a,109.09,19.64,gateway_fee
fee_35d7f803d9,pay_aed237715e,41.15,7.41,gateway_fee
fee_d5c2e86e2c,pay_620123d223,26.74,4.81,gateway_fee
fee_2bd552e452,pay_810bae4935,141.63,25.49,gateway_fee
fee_0b33ef3f85,pay_675b93a01b,27.82,5.01,gateway_fee
fee_8bee517ce1,pay_a188c8d12a,19.51,3.51,gateway_fee
fee_34851f6a2d,pay_d4cda0e074,411.44,74.06,gateway_fee
fee_cabfaf2284,pay_99c84fbfc5,161.36,29.04,gateway_fee
fee_f07052618c,pay_631914f9b7,17.18,3.09,gateway_fee
fee_113e3270df,pay_bd6e3484ee,140.0,25.2,gateway_fee
fee_a32bdcce35,pay_1b7f29ccbd,16.92,3.05,gateway_fee
fee_afb39a6f80,pay_96ce2e9f05,116.95,21.05,gateway_fee
fee_f074af78bf,pay_4d9247136b,7.17,1.29,gateway_fee
fee_43e29cbd96,pay_a4a46dbeb1,68.64,12.36,gateway_fee
fee_54b622ac2c,pay_9012486969,29.13,5.24,gateway_fee
fee_bd954bf6be,pay_47c4febbe3,989.08,178.03,gateway_fee
fee_42d5de8295,pay_8fc322154d,157.67,28.38,gateway_fee
fee_eea666284b,pay_9209790e47,177.86,32.01,gateway_fee
fee_7cfd73ea1d,pay_6194bfceb1,22.58,4.06,gateway_fee
fee_9c6f15466e,pay_209ab7b030,10.53,1.9,gateway_fee
fee_8004876f78,pay_793838d3fc,5.98,1.08,gateway_fee
fee_54167ca94b,pay_4100d9bc4f,769.05,138.43,gateway_fee
fee_a90277e2a6,pay_2cbcf96853,12.75,2.29,gateway_fee
fee_0e6f4cec25,pay_ebafe7f365,669.77,120.56,gateway_fee
fee_48ad34fd09,pay_5ffbc76130,23.52,4.23,gateway_fee
fee_11559b960c,pay_95a0ee823a,83.15,14.97,gateway_fee
fee_8afcfb4358,pay_3c0e4b6232,18.49,3.33,gateway_fee
fee_8b0279ca6e,pay_545dba7052,25.91,4.66,gateway_fee
fee_80f5af4bd5,pay_f6818e6916,362.61,65.27,gateway_fee
fee_0952f0aea2,pay_d83070272c,97.79,17.6,gateway_fee
fee_e58faeb35c,pay_8624fbb62c,21.45,3.86,gateway_fee
fee_8454a061e9,pay_6f97f44f79,52.95,9.53,gateway_fee
fee_da290f69f3,pay_2dcefd4e3d,84.53,15.22,gateway_fee
fee_9e0fa5eae4,pay_f3a210d674,134.53,24.22,gateway_fee
fee_6db73522a9,pay_ddc9fea604,24.31,4.38,gateway_fee
fee_5a845d2e6a,pay_706bad5240,19.94,3.59,gateway_fee
fee_eaa61cf4ba,pay_efb4d5106e,2.17,0.39,gateway_fee
fee_68fdb155d6,pay_446003d3a9,25.35,4.56,gateway_fee
fee_eea76052e3,pay_f0817f6e7d,26.23,4.72,gateway_fee
fee_65820bbcdd,pay_ec0452dc7b,172.42,31.04,gateway_fee
fee_1436a73ac8,pay_0426b956cb,2.87,0.52,gateway_fee
fee_cb9d649c68,pay_f346a8ef94,187.82,33.81,gateway_fee
fee_57cedfb601,pay_b2b5461d71,28.62,5.15,gateway_fee
fee_82cd8031d0,pay_29f35f7ae5,577.27,103.91,gateway_fee
fee_c1b198d4ea,pay_f4d4d5b869,139.96,25.19,gateway_fee
fee_af6fb8d790,pay_e6fb4a277e,99.99,18.0,gateway_fee
fee_c2f1bb024b,pay_d3e3bed3d5,26.98,4.86,gateway_fee
fee_faee568977,pay_0d6238fc76,5.29,0.95,gateway_fee
fee_97c585a9f4,pay_4b32429d25,17.19,3.09,gateway_fee
fee_59ded40caf,pay_e1241fdb2a,3.51,0.63,gateway_fee
fee_d793efd54d,pay_2280702099,159.43,28.7,gateway_fee
fee_685feeb0a4,pay_7785c30ee3,5.69,1.02,gateway_fee
fee_11b733cd08,pay_3876db1e6e,27.08,4.87,gateway_fee
fee_c43be2f489,pay_d12d4d3842,15.31,2.76,gateway_fee
fee_79fb054add,pay_792dcf74f1,56.75,10.21,gateway_fee
fee_34576201f9,pay_d3a72993a2,10.46,1.88,gateway_fee
fee_19af416768,pay_8374817c79,15.51,2.79,gateway_fee
fee_d176e44483,pay_6255996b70,144.35,25.98,gateway_fee
fee_5b2ccf42ce,pay_d896c3fccf,127.21,22.9,gateway_fee
fee_56cbc7c19f,pay_805361ad2c,173.96,31.31,gateway_fee
fee_fcb818b301,pay_d4e7664016,219.68,39.54,gateway_fee
fee_739688e0b5,pay_3ec84ab83c,123.9,22.3,gateway_fee
fee_594d7a0cba,pay_67afa1b0f6,682.87,122.92,gateway_fee
fee_4bd7a7a67c,pay_5759c2bc37,18.52,3.33,gateway_fee
fee_a54f49fad9,pay_7ab4c1c29f,5.89,1.06,gateway_fee
fee_7ab7f4b4a7,pay_814a861a73,119.4,21.49,gateway_fee
fee_390b7c1281,pay_5d0ac99637,13.89,2.5,gateway_fee
fee_8a85d76cef,pay_a26fca914a,678.03,122.05,gateway_fee
fee_25249afb7c,pay_2cb359a110,300.85,54.15,gateway_fee
fee_0cc292e2fa,pay_1f30a8cba0,19.66,3.54,gateway_fee
fee_18f73853b7,pay_2d7398d82c,16.35,2.94,gateway_fee
fee_6636d0b808,pay_900bb769c2,29.73,5.35,gateway_fee
fee_b42880b3be,pay_cef90f8e30,168.42,30.32,gateway_fee
fee_27ab5dc9e1,pay_075f33038c,102.0,18.36,gateway_fee
fee_ec61306cc7,pay_c2fa0712ee,79.97,14.39,gateway_fee
fee_1e0f2fcf19,pay_17e12b307c,54.36,9.78,gateway_fee
fee_eaf56b33c6,pay_2e7e75ccb7,417.58,75.16,gateway_fee
fee_9eefc8f083,pay_3e90403819,166.93,30.05,gateway_fee
fee_dcbc52aa6c,pay_3dc8925444,23.65,4.26,gateway_fee
fee_12d55bcbb4,pay_3d83fe4110,75.53,13.6,gateway_fee
fee_9291a77986,pay_773ef4171c,23.39,4.21,gateway_fee
fee_46dfebf351,pay_7b39308af0,45.9,8.26,gateway_fee
fee_77382e3e1d,pay_e8e5f3a4bb,23.76,4.28,gateway_fee
fee_ca81f64cf0,pay_0390cfff49,15.77,2.84,gateway_fee
fee_c76b37647e,pay_9bd8335663,75.86,13.65,gateway_fee
fee_04dcc72a84,pay_1ad01dc84f,82.63,14.87,gateway_fee
fee_c9a0f3a913,pay_2de29b6d3c,6.25,1.12,gateway_fee
fee_80a28b7d80,pay_474b9f0544,16.99,3.06,gateway_fee
fee_d8a486c407,pay_740404dbe6,16.97,3.05,gateway_fee
fee_f7a9337f30,pay_0d6ff864f6,12.76,2.3,gateway_fee
fee_62f02b7c8a,pay_a4104bd4b5,3.76,0.68,gateway_fee
fee_124f706225,pay_5bca216b94,20.99,3.78,gateway_fee
fee_84b97de02a,pay_1eb823e3c3,20.31,3.66,gateway_fee
fee_0782b81bf5,pay_2223063e45,10.61,1.91,gateway_fee
fee_1585ece488,pay_9b2fb59da2,24.38,4.39,gateway_fee
fee_8144cf4b5d,pay_d02b3d7345,5.38,0.97,gateway_fee
fee_a719359b39,pay_efa082a9e4,5.38,0.97,gateway_fee
fee_cf5dcfcc48,pay_f5049ed38f,18.3,3.29,gateway_fee
fee_d8763ee2af,pay_c717d04078,15.63,2.81,gateway_fee
fee_a560ac3a74,pay_a588cbd2f2,196.37,35.35,gateway_fee
fee_58225a6cc2,pay_05688103f2,6.89,1.24,gateway_fee
fee_80b74a5bba,pay_e402c6700f,23.31,4.2,gateway_fee
fee_89c9d5430c,pay_7ab98c2cde,6.18,1.11,gateway_fee
fee_e613018bbc,pay_508917a331,118.0,21.24,gateway_fee
fee_4afe6ca431,pay_94b1248528,27.98,5.04,gateway_fee
fee_028963e758,pay_a7e4ca3b7c,25.85,4.65,gateway_fee
fee_2844fa8096,pay_abc3e4204a,24.25,4.37,gateway_fee
fee_0e63223e29,pay_3e7c135628,132.73,23.89,gateway_fee
fee_885752ddc6,pay_67ba86f81f,81.8,14.72,gateway_fee
fee_1e35aa541b,pay_1857c70550,3.24,0.58,gateway_fee
fee_dd105a99d7,pay_a22a51ee7f,8.73,1.57,gateway_fee
fee_40ffbcc7ad,pay_0d6b52557b,20.13,3.62,gateway_fee
fee_ab41aabb5c,pay_a4e806c366,186.93,33.65,gateway_fee
fee_7870ee316b,pay_4fb8462c49,177.82,32.01,gateway_fee
fee_a19ebdba3f,pay_2dc64ab3c1,9.55,1.72,gateway_fee
fee_9917d684c2,pay_cef076b8b9,6.91,1.24,gateway_fee
fee_9b3d98d8a6,pay_f4842ff549,20.17,3.63,gateway_fee
fee_33b6fcff21,pay_22209a4ee6,13.84,2.49,gateway_fee
fee_64b6df37ff,pay_b4f1a69bf6,128.73,23.17,gateway_fee
fee_dbab9b1f8e,pay_a76b51ed75,12.94,2.33,gateway_fee
fee_890448f025,pay_82313b22e6,6.14,1.11,gateway_fee
fee_963ca1e3c0,pay_e8c195d7fa,5.7,1.03,gateway_fee
fee_00e3bb177b,pay_8406d90728,24.46,4.4,gateway_fee
fee_369ce08bc9,pay_5995c2f72a,141.34,25.44,gateway_fee
fee_edf635e76d,pay_b4ba177376,77.62,13.97,gateway_fee
fee_a3fdf45d84,pay_d682856cc1,6.66,1.2,gateway_fee
fee_c67c30ea6b,pay_2b94d14e9d,29.83,5.37,gateway_fee
fee_8a8d69434f,pay_42216aa38a,169.77,30.56,gateway_fee
fee_2bdb1c9108,pay_0387f84e2b,2.7,0.49,gateway_fee
fee_323715d52d,pay_6376c0f809,16.21,2.92,gateway_fee
fee_a7bf635693,pay_5f13f2607d,576.0,103.68,gateway_fee
fee_200b737fed,pay_34aa02e50b,19.29,3.47,gateway_fee
fee_0159194f48,pay_5319c884d0,48.35,8.7,gateway_fee
fee_fdee1d2330,pay_4c6d74cb82,9.97,1.79,gateway_fee
fee_38b06b31df,pay_fd3fd7af96,185.72,33.43,gateway_fee
fee_fdafe2847c,pay_7133226252,60.16,10.83,gateway_fee
fee_394e9c9e4a,pay_7c094e0522,48.57,8.74,gateway_fee
fee_6823dd31fa,pay_0ab442e960,58.75,10.57,gateway_fee
fee_8aba0b0645,pay_3efc0d4b3e,874.02,157.32,gateway_fee
fee_7e0f613d23,pay_a5f407363b,730.04,131.41,gateway_fee
fee_b20b2bacf3,pay_bed5221025,15.45,2.78,gateway_fee
fee_961a2b4b66,pay_71dc21641a,33.68,6.06,gateway_fee
fee_3671b415e6,pay_4d95e70919,6.57,1.18,gateway_fee
fee_9622ca60ab,pay_220e74f667,28.22,5.08,gateway_fee
fee_e327b09e35,pay_59f9b47c38,11.03,1.99,gateway_fee
fee_f5e8f632dd,pay_cf166a2b0a,6.02,1.08,gateway_fee
fee_f08f86099f,pay_6153b1bff3,6.33,1.14,gateway_fee
fee_aa8dad4917,pay_f397d018b0,179.63,32.33,gateway_fee
fee_4182d9e792,pay_4e3b3c61ab,10.72,1.93,gateway_fee
fee_578bf9adfc,pay_40c2ffd9eb,7.88,1.42,gateway_fee
fee_999e6ea9bd,pay_4ae3958685,27.44,4.94,gateway_fee
fee_ec0382fb0a,pay_37a4591794,504.36,90.78,gateway_fee
fee_f7ac215c38,pay_f61855423f,8.08,1.45,gateway_fee
fee_3243d7d1ec,pay_9045668601,939.56,169.12,gateway_fee
fee_9a3a479e83,pay_efc0d63595,11.94,2.15,gateway_fee
fee_17266ce948,pay_520e7f537e,333.95,60.11,gateway_fee
fee_2dcdf8eee5,pay_a70bc1be41,11.19,2.01,gateway_fee
fee_caf3fd863c,pay_a8fc7aa623,13.4,2.41,gateway_fee
fee_ac24f1c6eb,pay_2237225e52,613.65,110.46,gateway_fee
fee_e9e950856c,pay_6a12fbce46,238.04,42.85,gateway_fee
fee_9c8da22f49,pay_d9265df8ae,154.67,27.84,gateway_fee
fee_a9466c685f,pay_6f86c82f69,23.5,4.23,gateway_fee
fee_6db1c475e0,pay_070ac0e14a,22.66,4.08,gateway_fee
fee_8a2d66247d,pay_b8504f7bb0,10.48,1.89,gateway_fee
fee_c85b2c09e1,pay_2044bd0da7,15.94,2.87,gateway_fee
fee_4cfb91fad0,pay_0254ae5e49,14.05,2.53,gateway_fee
fee_6312cf94ae,pay_0597c871f5,17.59,3.17,gateway_fee
fee_4213b294c0,pay_3d6f500433,5.06,0.91,gateway_fee
fee_254a899444,pay_a8603a46c9,18.55,3.34,gateway_fee
fee_d785e46751,pay_6e25b5ce7e,56.92,10.25,gateway_fee
fee_c1487dcdb0,pay_18f0a6bbb2,4.73,0.85,gateway_fee
fee_b2786523b5,pay_986fddf7cd,20.42,3.68,gateway_fee
fee_079e37d294,pay_fd2f16f205,12.93,2.33,gateway_fee
fee_69f9e3b3f4,pay_3302a5ad5f,23.42,4.22,gateway_fee
fee_3cfd6eafdd,pay_070b817b82,234.56,42.22,gateway_fee
fee_d5314a67fb,pay_864e9d139b,161.16,29.01,gateway_fee
fee_c4a5a1b2f2,pay_f39f2cd190,7.87,1.42,gateway_fee
fee_24df0e3fda,pay_956f20645c,13.6,2.45,gateway_fee
fee_4aa535594f,pay_a4e084ef76,211.17,38.01,gateway_fee
fee_3a21b9843c,pay_b7546d5ec2,209.08,37.63,gateway_fee
fee_fc738cfc68,pay_7e2b6adb3a,21.19,3.81,gateway_fee
fee_fdf8a06ea1,pay_453ddacdf0,165.67,29.82,gateway_fee
fee_468d5c63aa,pay_4c04885bda,25.16,4.53,gateway_fee
fee_807fd668cf,pay_9d7edecc1c,9.64,1.74,gateway_fee
fee_8008ce8394,pay_e3d8644d58,3.78,0.68,gateway_fee
fee_a20ae2298f,pay_81004ac536,17.99,3.24,gateway_fee
fee_472a24b12f,pay_cb2ec540f4,80.0,14.4,gateway_fee
fee_496807749d,pay_2dc4e23333,13.84,2.49,gateway_fee
fee_7f94cc359c,pay_51c35a0e5f,41.74,7.51,gateway_fee
fee_4f6cec5217,pay_c2c3a08d2a,8.9,1.6,gateway_fee
fee_511a55a021,pay_c80bd5a9fd,700.42,126.08,gateway_fee
fee_dfe6c5ef32,pay_b7aefd058a,24.74,4.45,gateway_fee
fee_7c9dbe9067,pay_1c384a855a,28.22,5.08,gateway_fee
fee_33cde7cabd,pay_5b998324e2,191.02,34.38,gateway_fee
fee_0067941f96,pay_fc6bbfe147,25.55,4.6,gateway_fee
fee_f727cf7452,pay_cfa1466563,22.42,4.04,gateway_fee
fee_7ae1ba4037,pay_b2a9909402,14.42,2.6,gateway_fee
fee_a7fe43efb2,pay_4fa1c67de1,8.99,1.62,gateway_fee
fee_ba1f91132e,pay_664c7f97d7,6.86,1.23,gateway_fee
fee_aff93d8436,pay_2d02d4acf0,78.03,14.05,gateway_fee
fee_83bab94a7e,pay_d40ac3d257,9.28,1.67,gateway_fee
fee_a80afcece7,pay_5ff592ba97,15.84,2.85,gateway_fee
fee_80a4932ad1,pay_900b1e8cbb,7.94,1.43,gateway_fee
fee_b5850be5b3,pay_40d2e216e4,11.32,2.04,gateway_fee
fee_c641a1d478,pay_fad43dfc6a,31.13,5.6,gateway_fee
fee_ed84563a69,pay_8386789bc0,7.02,1.26,gateway_fee
fee_87b34c84e3,pay_e78ecbe3f2,120.92,21.77,gateway_fee
fee_04320e50fe,pay_e509d78310,14.04,2.53,gateway_fee
fee_9c0e74ca4f,pay_9833583577,29.69,5.34,gateway_fee
fee_5f257b4792,pay_c813248382,26.31,4.74,gateway_fee
fee_2d3c54a25e,pay_bb2adb7b4b,29.94,5.39,gateway_fee
fee_86a0f8ad8f,pay_abea91c7d5,216.35,38.94,gateway_fee
fee_fa3d3ff9d1,pay_f8a9a0a172,19.59,3.53,gateway_fee
fee_168788cc41,pay_1dc8d7e479,999.86,179.97,gateway_fee
fee_9416f15613,pay_7be2a6579c,48.73,8.77,gateway_fee
fee_9270227f4e,pay_76165ea8a0,357.14,64.29,gateway_fee
fee_067494f019,pay_2aa8eee33e,204.73,36.85,gateway_fee
fee_a1a4aa371e,pay_27b70efaa5,48.95,8.81,gateway_fee
fee_8704f1889e,pay_21ef1f3375,29.25,5.26,gateway_fee
fee_890b31b3a8,pay_4bc7d1e38f,10.27,1.85,gateway_fee
fee_b19f8cfee5,pay_61d69bd6da,15.01,2.7,gateway_fee
fee_fde937866c,pay_6320d7953e,22.73,4.09,gateway_fee
fee_37da62b192,pay_a892ba089f,92.51,16.65,gateway_fee
fee_10af813976,pay_a54cd5dde0,902.22,162.4,gateway_fee
fee_32e7d6cb2d,pay_d6add7c2c4,20.42,3.68,gateway_fee
fee_81806517a2,pay_7e9bda68ec,69.53,12.52,gateway_fee
fee_ea20e37186,pay_8990a36008,143.1,25.76,gateway_fee
fee_0def5dc50f,pay_106fc27f4f,27.27,4.91,gateway_fee
fee_18a14042cb,pay_ccdcf1308e,25.22,4.54,gateway_fee
fee_226b495292,pay_da0e5b2b07,226.41,40.75,gateway_fee
fee_f1c2673cec,pay_bbb5f2ccb1,14.21,2.56,gateway_fee
fee_c12f1ad84f,pay_3b735a3ced,873.14,157.17,gateway_fee
fee_2a9910d9cc,pay_63e3202cb6,48.1,8.66,gateway_fee
fee_5a691d45f0,pay_1d96c59006,228.04,41.05,gateway_fee
fee_1691fa8683,pay_c836102bd8,104.98,18.9,gateway_fee
fee_f5e8eb8cf8,pay_9232bf00e9,19.29,3.47,gateway_fee
fee_73efbf4405,pay_9068277963,146.97,26.45,gateway_fee
fee_eb0b450c51,pay_bd95563a7f,834.06,150.13,gateway_fee
fee_ddb2d82975,pay_8a1f6b9b58,212.88,38.32,gateway_fee
fee_afa72d7c37,pay_d30770b789,62.4,11.23,gateway_fee
fee_e4f3ae7ddb,pay_b7a1ed184b,31.38,5.65,gateway_fee
fee_a00f74c40f,pay_3f6022a3f4,117.15,21.09,gateway_fee
fee_9eee310a46,pay_d0c702008d,116.82,21.03,gateway_fee
fee_81dbcf67dc,pay_904d413094,13.01,2.34,gateway_fee
fee_b504088cc9,pay_1cc8b831fc,21.06,3.79,gateway_fee
fee_f18625d30b,pay_eb220a3dce,703.9,126.7,gateway_fee
fee_6b46b5bc6b,pay_55a6133148,176.47,31.76,gateway_fee
fee_03143515b9,pay_5875c0278d,22.13,3.98,gateway_fee
fee_6df979433d,pay_ee3b013459,19.8,3.56,gateway_fee
fee_eb1649ba18,pay_ae182f2ec2,93.83,16.89,gateway_fee
fee_bdc969a8b0,pay_0821483580,3.34,0.6,gateway_fee
fee_8c68aeb2ee,pay_a9d7ace922,237.69,42.78,gateway_fee
fee_3128094e33,pay_a9de587940,139.13,25.04,gateway_fee
fee_6908ce8754,pay_d916f15afc,4.19,0.75,gateway_fee
fee_10e1593501,pay_ca9ac66013,13.86,2.49,gateway_fee
fee_8a19b8645a,pay_e8d42f40d2,21.91,3.94,gateway_fee
fee_2d232f0d56,pay_bf6f143dc3,5.3,0.95,gateway_fee
fee_14ea002b20,pay_9adef64c15,118.57,21.34,gateway_fee
fee_de71a3b56d,pay_fcc8393ff7,26.37,4.75,gateway_fee
fee_f3a6934bfe,pay_f20d14dcbc,22.16,3.99,gateway_fee
fee_bc204f704f,pay_5de85ae3c4,61.29,11.03,gateway_fee
fee_0bbf0675d0,pay_40a3d2b37c,497.64,89.58,gateway_fee
fee_98bb426f0d,pay_ab91f725cd,197.19,35.49,gateway_fee
fee_6b26b4d47c,pay_97032043b2,41.1,7.4,gateway_fee
fee_39d73a6656,pay_4bc408b388,376.61,67.79,gateway_fee
fee_96ec969ca1,pay_a058d89dbe,157.44,28.34,gateway_fee
fee_6c37543f80,pay_cc3b04077a,26.07,4.69,gateway_fee
fee_4783096be2,pay_2d9c62b23b,7.11,1.28,gateway_fee
fee_ade360f6f2,pay_78f3a45b14,377.91,68.02,gateway_fee
fee_04b387150e,pay_b3d454da6d,28.36,5.1,gateway_fee
fee_d12cefc9f0,pay_71d9c08b3f,13.41,2.41,gateway_fee
fee_fce354a1a9,pay_c3f316dea5,194.9,35.08,gateway_fee
fee_f4dce47ef5,pay_bc96ff9622,6.71,1.21,gateway_fee
fee_7f753fc988,pay_8cebe87356,206.29,37.13,gateway_fee
fee_3ce85b02b8,pay_cc45836fcc,22.7,4.09,gateway_fee
fee_63f239a2b4,pay_248979f068,88.69,15.96,gateway_fee
fee_c8d6ebdc19,pay_5ebcb4f30f,777.89,140.02,gateway_fee
fee_3fed75a77c,pay_befdba1f78,489.63,88.13,gateway_fee
fee_cb9aebee94,pay_f9ccf6168c,27.07,4.87,gateway_fee
fee_9ae13cf1d5,pay_e45496b9f3,5.46,0.98,gateway_fee
fee_26fb8d0fb3,pay_4bc196e5d2,577.88,104.02,gateway_fee
fee_8eb464ecbe,pay_84406e1b28,199.77,35.96,gateway_fee
fee_c391e5aea6,pay_dfdfcabc78,777.3,139.91,gateway_fee
fee_69c23506b9,pay_ebd59aa9c3,17.96,3.23,gateway_fee
fee_ec96606b5d,pay_91c24db425,215.45,38.78,gateway_fee
fee_3777c44985,pay_1c2d21e0c5,21.04,3.79,gateway_fee
fee_84b48b1e86,pay_74353bfa4d,644.63,116.03,gateway_fee
fee_fbc1eb76a0,pay_de053e6acc,411.48,74.07,gateway_fee
fee_7a9caa4bcf,pay_87fc692c15,19.51,3.51,gateway_fee
fee_84626b63c8,pay_a368c00046,81.9,14.74,gateway_fee
fee_5c7ac0a4be,pay_9927b46ced,829.57,149.32,gateway_fee
fee_d62ed7b01a,pay_354be9fe31,120.69,21.72,gateway_fee
fee_5ea32f24fd,pay_5f54a624ea,116.33,20.94,gateway_fee
fee_c1693a86c0,pay_fa3703f799,20.23,3.64,gateway_fee
fee_0e2c69728a,pay_e3f7d97dcf,21.97,3.95,gateway_fee
fee_210a0e7857,pay_ad8ce35642,22.29,4.01,gateway_fee
fee_05b025fa82,pay_cae80aff4e,137.76,24.8,gateway_fee
fee_ba3430f7ae,pay_9495e0cc9c,11.6,2.09,gateway_fee
fee_83e5357cbf,pay_d9c43f4241,147.48,26.55,gateway_fee
fee_764ede26ae,pay_577933f351,15.32,2.76,gateway_fee
fee_848f9f9620,pay_a1d5d11065,6.54,1.18,gateway_fee
fee_70de5caec0,pay_fbbba3b543,7.97,1.43,gateway_fee
fee_de352982fd,pay_be26b92bc8,31.41,5.65,gateway_fee
fee_620b5ac8dc,pay_d8833f475f,19.68,3.54,gateway_fee
fee_e0685ce75f,pay_910ffee761,9.34,1.68,gateway_fee
fee_86a14f18ff,pay_2e53e49acf,9.33,1.68,gateway_fee
fee_3a6dfac1f5,pay_000c314b54,7.89,1.42,gateway_fee
fee_41a3290083,pay_02123a02cd,21.44,3.86,gateway_fee
fee_067758c5b2,pay_91bf21a851,209.43,37.7,gateway_fee
fee_6e2677ed9a,pay_cac33c1612,913.23,164.38,gateway_fee
fee_a673751f66,pay_3c5e2fb48d,26.71,4.81,gateway_fee
fee_9107a07ffd,pay_fd0e9d74eb,21.45,3.86,gateway_fee
fee_ec88eecb9f,pay_92a4b09c5a,27.06,4.87,gateway_fee
fee_f40570ac56,pay_5b071e9caa,18.35,3.3,gateway_fee
fee_f590c36412,pay_4bb3eaef0b,96.57,17.38,gateway_fee
fee_9f32b122a7,pay_11042c550f,4.31,0.78,gateway_fee
fee_9f881d557c,pay_55dd85e5c8,17.29,3.11,gateway_fee
fee_b6301c249a,pay_3042a90ce3,87.64,15.78,gateway_fee
fee_40f6e46d6f,pay_a8cb85940e,25.02,4.5,gateway_fee
fee_b24706ca1c,pay_064abc7ece,963.13,173.36,gateway_fee
fee_fcba9bb1b2,pay_886d88c280,146.05,26.29,gateway_fee
fee_a454de636c,pay_e235b69cf1,176.57,31.78,gateway_fee
fee_e421cdeec3,pay_4cb1acb928,56.95,10.25,gateway_fee
fee_c28f29a83d,pay_074b68c0ea,23.07,4.15,gateway_fee
fee_37763c16ec,pay_c1a5aeb594,28.67,5.16,gateway_fee
fee_3851920ba8,pay_6277fb0a41,15.29,2.75,gateway_fee
fee_1ee0760a93,pay_39b55c76b8,10.15,1.83,gateway_fee
fee_a97c247e96,pay_85d557da70,27.47,4.94,gateway_fee
fee_0733889d25,pay_699620d0b5,111.69,20.1,gateway_fee
fee_1fad965e61,pay_22acd24395,18.9,3.4,gateway_fee
fee_744758a3da,pay_d679747cb6,578.76,104.18,gateway_fee
fee_fe11080ba5,pay_fd44e616e9,184.83,33.27,gateway_fee
fee_e4f16c9679,pay_b6341f9a3e,7.03,1.27,gateway_fee
fee_59019d575a,pay_e335c2ef18,39.17,7.05,gateway_fee
fee_7c2cbdd75b,pay_3676315388,181.71,32.71,gateway_fee
fee_abbea97b7a,pay_60a92f973e,135.92,24.47,gateway_fee
fee_14a91da337,pay_16f07e2d8e,4.05,0.73,gateway_fee
fee_baf7f49f28,pay_b7e26ed86e,5.21,0.94,gateway_fee
fee_24a882bef9,pay_5448c80a90,20.4,3.67,gateway_fee
fee_6bc4b80035,pay_b0ead415c1,67.22,12.1,gateway_fee
fee_fe60d10532,pay_133f6ff205,8.07,1.45,gateway_fee
fee_592869e79c,pay_bd6fd102ab,218.37,39.31,gateway_fee
fee_af9a98e140,pay_cc9f190079,7.65,1.38,gateway_fee
fee_6d2775cfae,pay_d182eab29e,2.41,0.43,gateway_fee
fee_35a9c55b6d,pay_5dc9eabf05,16.35,2.94,gateway_fee
fee_d2cc5d7a7f,pay_d60e5f9cba,32.52,5.85,gateway_fee
fee_ae9cf178ba,pay_bd57b1ab48,8.12,1.46,gateway_fee
fee_c679d6f772,pay_e8e2f0c9ee,4.65,0.84,gateway_fee
fee_31330fbb3f,pay_85f560037b,174.4,31.39,gateway_fee
fee_875269d3ab,pay_b8238d24f7,22.77,4.1,gateway_fee
fee_e396bf336f,pay_168e83ff63,19.98,3.6,gateway_fee
fee_a4a8a2509c,pay_744049d6dd,189.7,34.15,gateway_fee
fee_e585fc6ade,pay_35fdfae047,8.78,1.58,gateway_fee
fee_ebcf164d5c,pay_74ad80052b,7.14,1.29,gateway_fee
fee_e423eb0c58,pay_fb37525777,953.09,171.56,gateway_fee
fee_10a0cab216,pay_e62c0a17b7,22.3,4.01,gateway_fee
fee_44934e9abc,pay_17cbd8d051,9.99,1.8,gateway_fee
fee_49020899a1,pay_fc4267218e,15.18,2.73,gateway_fee
fee_0d38c70e27,pay_4c0969a3d3,4.33,0.78,gateway_fee
fee_adb163ea06,pay_a3f622026d,7.31,1.32,gateway_fee
fee_791ca2733a,pay_ee08d0fefa,10.62,1.91,gateway_fee
fee_a60f4774a2,pay_5f492ab727,23.36,4.2,gateway_fee
fee_9a1501f7e6,pay_05b83f9b41,224.57,40.42,gateway_fee
fee_2172ac27c4,pay_fb14682764,84.88,15.28,gateway_fee
fee_058c5ad1a7,pay_759779f91d,23.59,4.25,gateway_fee
fee_955be48ada,pay_8bb491afe3,13.95,2.51,gateway_fee
fee_3216b8658c,pay_6d26d79a7a,197.48,35.55,gateway_fee
fee_7976538e98,pay_1950f70f07,30.33,5.46,gateway_fee
fee_2392be0925,pay_13cf90a088,21.71,3.91,gateway_fee
fee_d25cdef084,pay_6252c789ee,3.65,0.66,gateway_fee
fee_e7e87d5fe0,pay_f38e5eb5a0,237.4,42.73,gateway_fee
fee_f1c564d7a2,pay_57d9502749,818.64,147.36,gateway_fee
fee_d066b2d4c4,pay_dd7bd7eb26,102.05,18.37,gateway_fee
fee_8513304e53,pay_7a3cafe4a3,903.54,162.64,gateway_fee
fee_831d538d9e,pay_4730b2e979,16.86,3.03,gateway_fee
fee_21933f0415,pay_660d16d96a,29.61,5.33,gateway_fee
fee_52a8b2d340,pay_22b519758c,15.57,2.8,gateway_fee
fee_907e8047a3,pay_0e90436440,990.29,178.25,gateway_fee
fee_842ad06c76,pay_65c85e0116,7.93,1.43,gateway_fee
fee_b8a0851848,pay_d1df39eb10,76.28,13.73,gateway_fee
fee_bc7ae0061d,pay_61a0590e7e,48.99,8.82,gateway_fee
fee_91b2158587,pay_1cee966e90,22.09,3.98,gateway_fee
fee_a5897d989c,pay_b79040e12e,4.5,0.81,gateway_fee
fee_c7ab5ab01f,pay_cb51c8bdd2,230.35,41.46,gateway_fee
fee_38348f1e92,pay_0ba049ead2,482.93,86.93,gateway_fee
fee_13ee00eeb5,pay_c5e00fa9a1,60.96,10.97,gateway_fee
fee_574ce7ecc2,pay_ddec0d4921,21.28,3.83,gateway_fee
fee_f6f3fada15,pay_6fa47d89d7,284.7,51.25,gateway_fee
fee_b393ccaf0d,pay_cbbe34b112,26.23,4.72,gateway_fee
fee_bdc477c511,pay_7d571e2f4a,13.83,2.49,gateway_fee
fee_f04cd3bde6,pay_cfa1951ad3,179.01,32.22,gateway_fee
fee_f6a1c4e10d,pay_bd15051406,24.52,4.41,gateway_fee
fee_9662242bd2,pay_8974b239be,16.43,2.96,gateway_fee
fee_057fe157ec,pay_de94df9ec7,15.68,2.82,gateway_fee
fee_c7d44959dc,pay_faf5dcabe5,166.57,29.98,gateway_fee
fee_65f3a620f0,pay_bd6acff4d9,22.87,4.12,gateway_fee
fee_b01bde25e3,pay_fe9c08fff9,3.78,0.68,gateway_fee
fee_999dd4170f,pay_f43b9beacb,141.32,25.44,gateway_fee
fee_c42d74e7ad,pay_53fcd19caa,17.75,3.19,gateway_fee
fee_88d1497390,pay_57b915f3fe,29.36,5.28,gateway_fee
fee_317bdf6e27,pay_30c1d1175c,18.16,3.27,gateway_fee
fee_596add2879,pay_185f33ebdd,12.69,2.28,gateway_fee
fee_0570c7cc8d,pay_29b04083c0,3.98,0.72,gateway_fee
fee_ac2cfba37c,pay_2489f6760b,834.88,150.28,gateway_fee
fee_937dc212d6,pay_2cc1cf909c,21.61,3.89,gateway_fee
fee_8dc408a75f,pay_69a526d1c3,11.66,2.1,gateway_fee
fee_18e4504be7,pay_ff6e219413,6.35,1.14,gateway_fee
fee_b015219c3b,pay_197b08ecc0,777.7,139.99,gateway_fee
fee_10c98e8381,pay_0f877ec0b0,9.72,1.75,gateway_fee
fee_60962f176a,pay_289979b51f,4.52,0.81,gateway_fee
fee_686a17949c,pay_b044b286d9,10.0,1.8,gateway_fee
fee_66ef4ce96e,pay_94a57d7d4e,16.42,2.96,gateway_fee
fee_455a897aed,pay_3b5777aa5a,177.54,31.96,gateway_fee
fee_84184268f0,pay_962461ccf4,6.72,1.21,gateway_fee
fee_f0f0a32032,pay_e1d449d13f,561.27,101.03,gateway_fee
fee_87841cedfb,pay_d99f36546f,208.66,37.56,gateway_fee
fee_123ea41d2c,pay_701afa7e88,149.46,26.9,gateway_fee
fee_ad80e6fa4b,pay_0ec592778c,42.07,7.57,gateway_fee
fee_ec02ded7e0,pay_09db3123ce,12.48,2.25,gateway_fee
fee_a154ca0677,pay_9c81cbfde8,122.27,22.01,gateway_fee
fee_c2b3521c41,pay_ccb8045242,9.98,1.8,gateway_fee
fee_10b431cc09,pay_2523a1fcc3,15.42,2.78,gateway_fee
fee_f4203b1663,pay_99065bfe1a,16.0,2.88,gateway_fee
fee_aa7e99a087,pay_51859ed9f7,69.24,12.46,gateway_fee
fee_c17e0f519f,pay_d1e3ae2a1f,200.09,36.02,gateway_fee
fee_0444668e6d,pay_91bf91b722,3.07,0.55,gateway_fee
fee_a97a90fd98,pay_4d50b4ef63,16.7,3.01,gateway_fee
fee_8d109818ad,pay_7931dd0deb,93.9,16.9,gateway_fee
fee_2652e9581c,pay_0e385ad64a,68.17,12.27,gateway_fee
fee_80a52c9cf4,pay_201b0015fa,18.98,3.42,gateway_fee
fee_80a8d41e62,pay_1a2e0a5e30,20.73,3.73,gateway_fee
fee_f7a9d96cb6,pay_7ff4999059,38.62,6.95,gateway_fee
fee_39769ea156,pay_5527c853aa,26.56,4.78,gateway_fee
fee_df25ac2940,pay_713d3521fe,16.67,3.0,gateway_fee
fee_736908e26e,pay_1b63fdd7fc,286.2,51.52,gateway_fee
fee_a1d6b1558b,pay_59ffb8fda7,16.26,2.93,gateway_fee
fee_e8ea0d2c38,pay_287795b09d,8.1,1.46,gateway_fee
fee_cae00fcdd1,pay_c7d4c6c54a,9.52,1.71,gateway_fee
fee_a4a805fcdb,pay_34552e7828,227.83,41.01,gateway_fee
fee_05b8adddb1,pay_c99009f7d0,20.16,3.63,gateway_fee
fee_a1a3d8acef,pay_b4e8be9542,19.12,3.44,gateway_fee
fee_6d468456e2,pay_96fda91928,374.32,67.38,gateway_fee
fee_5a06ffb4b0,pay_7a2bf10f0f,73.29,13.19,gateway_fee
fee_d65e76dfec,pay_ecbb8ba043,24.84,4.47,gateway_fee
fee_c4ad633136,pay_2146301e4a,977.49,175.95,gateway_fee
fee_b46619b28e,pay_44d4a72ee6,695.72,125.23,gateway_fee
fee_8661fb094d,pay_bcd4bc97f6,17.76,3.2,gateway_fee
fee_a5089250c3,pay_db6df4cba1,11.89,2.14,gateway_fee
fee_1bc7eda394,pay_56977066cd,156.95,28.25,gateway_fee
fee_6d63126ce5,pay_b6aac18c4c,20.68,3.72,gateway_fee
fee_30b4bb03c2,pay_96a309552f,9.43,1.7,gateway_fee
fee_645e079259,pay_eba3b4fcc7,11.05,1.99,gateway_fee
fee_215503f686,pay_cc82eea18b,15.92,2.87,gateway_fee
fee_481421c14f,pay_0215879d2b,140.66,25.32,gateway_fee
fee_03e8de4019,pay_a7dc5c820a,231.1,41.6,gateway_fee
fee_77a9163f8b,pay_891c7dccfd,25.89,4.66,gateway_fee
fee_f66fdd5af2,pay_b9c326bff8,21.48,3.87,gateway_fee
fee_272af22fba,pay_5d210de87c,17.94,3.23,gateway_fee
fee_89691d5ee8,pay_7d6499e56d,92.9,16.72,gateway_fee
fee_0b59cdd2d0,pay_434fc07a9e,19.99,3.6,gateway_fee
fee_1ec79574ae,pay_a11bb0e700,585.27,105.35,gateway_fee
fee_a1e0476756,pay_7ea0192339,29.38,5.29,gateway_fee
fee_d437a8e6b1,pay_99ec712013,234.96,42.29,gateway_fee
fee_eb75996ff1,pay_72fd5d74bb,203.72,36.67,gateway_fee
fee_54df6c3423,pay_72117a70ee,12.16,2.19,gateway_fee
fee_1cc02e7a8f,pay_1cbfb6e7fc,2.31,0.42,gateway_fee
fee_b11bde6b3e,pay_7e6ed3d25c,811.28,146.03,gateway_fee
fee_46cd9633db,pay_3a36e8c339,99.58,17.92,gateway_fee
fee_e96f9d368a,pay_ba5256f88b,26.33,4.74,gateway_fee
fee_290be28e5b,pay_9faa7f542a,415.99,74.88,gateway_fee
fee_6b69682e2c,pay_10115a9480,139.89,25.18,gateway_fee
fee_e99ff4ae84,pay_badb180ecc,120.49,21.69,gateway_fee
fee_b63aad8504,pay_dbe62c91a8,14.73,2.65,gateway_fee
fee_f3296db8b6,pay_b6c8e5742d,7.02,1.26,gateway_fee
fee_f9efac0fe1,pay_07d95b0259,978.48,176.13,gateway_fee
fee_a9d47eae9d,pay_9fc6228429,338.03,60.85,gateway_fee
fee_19fb253695,pay_0d48f8e534,238.16,42.87,gateway_fee
fee_7f10ed02d4,pay_cfb9caea23,91.04,16.39,gateway_fee
fee_145e7c4642,pay_cf71f3e2b3,71.89,12.94,gateway_fee
fee_6c8e009bba,pay_e8cf2dfc55,54.01,9.72,gateway_fee
fee_a2fbc92d56,pay_79770ce4cc,7.92,1.43,gateway_fee
fee_874163088b,pay_6167612897,4.29,0.77,gateway_fee
fee_1dd752874a,pay_51ccd3495d,119.99,21.6,gateway_fee
fee_8db4347648,pay_e5c8606992,63.74,11.47,gateway_fee
fee_1fcaf58f7a,pay_c5ac622449,155.4,27.97,gateway_fee
fee_3836cc475e,pay_d19138af4d,619.58,111.52,gateway_fee
fee_ee2dbca1ed,pay_259b091e42,14.62,2.63,gateway_fee
fee_2c4904b920,pay_9ff418ab16,69.41,12.49,gateway_fee
fee_6d5303ff87,pay_9a24485fed,678.4,122.11,gateway_fee
fee_c21bc24044,pay_adc1b5d0be,56.2,10.12,gateway_fee
fee_e580507c1b,pay_5f4e3f05e2,23.42,4.22,gateway_fee
fee_fcc43da2b6,pay_b5a8d3e31c,14.2,2.56,gateway_fee
fee_ab621d0e7a,pay_a7972f0755,2.46,0.44,gateway_fee
fee_ba37a4fdd7,pay_99af57b69c,18.27,3.29,gateway_fee
fee_7112cabb57,pay_f678f5003b,54.05,9.73,gateway_fee
fee_e8853bd7fb,pay_924c60a04b,113.12,20.36,gateway_fee
fee_55b4889931,pay_5528130e83,155.99,28.08,gateway_fee
fee_5b2337ed24,pay_94443ac50f,10.91,1.96,gateway_fee
fee_96452a52c4,pay_a2d580556e,112.32,20.22,gateway_fee
fee_9648926e27,pay_0af69e113f,22.79,4.1,gateway_fee
fee_1a9b254dbe,pay_94e121dadf,92.35,16.62,gateway_fee
fee_8ba39073e2,pay_bfb6cd353b,24.27,4.37,gateway_fee
fee_357a359563,pay_116b5f9938,10.78,1.94,gateway_fee
fee_82642a42f9,pay_d021dd102a,209.51,37.71,gateway_fee
fee_457fc34e5f,pay_523742b462,16.61,2.99,gateway_fee
fee_2e7b9e391e,pay_a397a17fff,6.27,1.13,gateway_fee
fee_559874f514,pay_dbbf3fd5de,21.36,3.84,gateway_fee
fee_74cd46c8ac,pay_11801eb216,91.81,16.53,gateway_fee
fee_36adf654ac,pay_a65d9f955b,7.76,1.4,gateway_fee
fee_73c20b2b14,pay_7f6d061a9e,160.81,28.95,gateway_fee
fee_75d9460502,pay_837d8fb1af,124.37,22.39,gateway_fee
fee_b6dc70f6e6,pay_0599afac51,2.84,0.51,gateway_fee
fee_ca9d00eb0b,pay_5ffab85f66,15.03,2.71,gateway_fee
fee_396a8ebb4c,pay_25c331cd76,4.88,0.88,gateway_fee
fee_33dc3191d1,pay_94773c69b2,18.84,3.39,gateway_fee
fee_249f61ba97,pay_f4c422193c,150.91,27.16,gateway_fee
fee_31540bb791,pay_553e1a922c,23.1,4.16,gateway_fee
fee_a236a06851,pay_dd37bd22e3,21.5,3.87,gateway_fee
fee_a7096a048c,pay_7aa5875a1b,6.77,1.22,gateway_fee
fee_b5fb3bb38d,pay_23acbf6bf6,23.98,4.32,gateway_fee
fee_68f78cfc85,pay_63265fb857,200.62,36.11,gateway_fee
fee_efa5120373,pay_b2e53c0067,6.14,1.11,gateway_fee
fee_12713a0636,pay_98afa55e2b,168.87,30.4,gateway_fee
fee_fe81df34d2,pay_cb4853b7f0,179.39,32.29,gateway_fee
fee_0c611aae06,pay_008f1a51fb,2.37,0.43,gateway_fee
fee_6e0e1869f5,pay_7081a0bcd4,18.53,3.34,gateway_fee
fee_c80669bf35,pay_b50437a066,52.19,9.39,gateway_fee
fee_6dd89ce31c,pay_3b9aaf72d3,13.21,2.38,gateway_fee
fee_13feb69352,pay_f22356abe1,183.72,33.07,gateway_fee
fee_85fc03810f,pay_b58b595b9d,15.82,2.85,gateway_fee
fee_894fb352ab,pay_aeeeaf5419,114.96,20.69,gateway_fee
fee_7db13d0e13,pay_052d366888,103.0,18.54,gateway_fee
fee_c5dc9bb726,pay_b813509b47,185.21,33.34,gateway_fee
