order_id,merchant_id,customer_id,amount,currency,created_at
ord_ff1f768343,merch_023,cust_0144,4885.61,INR,2026-08-15T04:47:53
ord_f819f85a9e,merch_023,cust_0144,4574.58,INR,2026-08-15T05:00:53
ord_d38597d7e9,merch_023,cust_0184,4354.02,INR,2026-08-15T04:56:53
ord_8d1eb6c806,merch_023,cust_0002,4936.17,INR,2026-08-15T04:56:53
ord_851ddc04d1,merch_023,cust_0002,4442.96,INR,2026-08-15T04:56:53
ord_06e79db0cf,merch_023,cust_0144,4580.7,INR,2026-08-15T04:59:53
ord_64f817b5ad,merch_023,cust_0184,4514.96,INR,2026-08-15T05:07:53
ord_ab41e0b154,merch_023,cust_0144,4561.37,INR,2026-08-15T05:10:53
ord_80b94854ed,merch_023,cust_0002,4479.45,INR,2026-08-15T05:21:53
ord_9705167166,merch_018,cust_0147,3921.75,INR,2026-08-21T23:03:43
ord_b240587814,merch_018,cust_0070,4224.0,INR,2026-08-21T23:03:43
ord_03c26149c0,merch_018,cust_0036,4095.8,INR,2026-08-21T22:36:43
ord_82568ef43d,merch_018,cust_0070,3798.13,INR,2026-08-21T22:41:43
ord_3eb931bd40,merch_018,cust_0036,4157.1,INR,2026-08-21T23:14:43
ord_5a43749052,merch_018,cust_0397,4113.88,INR,2026-08-21T22:32:43
ord_290bdf1838,merch_018,cust_0147,3764.95,INR,2026-08-21T23:16:43
ord_dca13cb9f6,merch_020,cust_0201,459.42,INR,2026-08-08T04:29:49
ord_302c32a573,merch_020,cust_0099,471.67,INR,2026-08-08T04:26:49
ord_d3566040ec,merch_020,cust_0075,430.73,INR,2026-08-08T04:36:49
ord_e864a42403,merch_020,cust_0075,437.35,INR,2026-08-08T04:39:49
ord_996e633034,merch_020,cust_0075,418.45,INR,2026-08-08T04:56:49
ord_a92e28caa1,merch_020,cust_0075,414.92,INR,2026-08-08T04:32:49
ord_9e1fb02208,merch_019,cust_0261,914.74,INR,2026-08-07T06:12:19
ord_79889e13f7,merch_019,cust_0367,924.47,INR,2026-08-07T06:00:19
ord_9ca5801723,merch_019,cust_0256,904.51,INR,2026-08-07T06:17:19
ord_2bd946e465,merch_019,cust_0256,929.9,INR,2026-08-07T06:06:19
ord_eb2bfe148c,merch_019,cust_0261,844.81,INR,2026-08-07T06:15:19
ord_4cd13adf86,merch_019,cust_0150,919.87,INR,2026-08-07T05:43:19
ord_bb2f837a62,merch_019,cust_0256,869.71,INR,2026-08-07T05:43:19
ord_f4873dc477,merch_019,cust_0256,832.93,INR,2026-08-07T05:43:19
ord_d420cf753c,merch_019,cust_0367,876.45,INR,2026-08-07T05:39:19
ord_113d36679d,merch_014,cust_0244,1702.37,INR,2026-08-19T06:34:19
ord_6812bacbc5,merch_014,cust_0141,1535.41,INR,2026-08-19T06:18:19
ord_aef010995f,merch_014,cust_0244,1571.17,INR,2026-08-19T06:18:19
ord_8c7543e45a,merch_014,cust_0141,1687.18,INR,2026-08-19T06:30:19
ord_423b448b46,merch_014,cust_0126,1746.6,INR,2026-08-19T06:20:19
ord_56164007b0,merch_014,cust_0215,1611.49,INR,2026-08-19T06:40:19
ord_f97737a92d,merch_014,cust_0244,1581.13,INR,2026-08-19T06:24:19
ord_9fb0300702,merch_014,cust_0141,1584.18,INR,2026-08-19T06:16:19
ord_e9d1a56897,merch_014,cust_0250,1759.23,INR,2026-08-19T06:10:19
ord_82e861ec64,merch_014,cust_0141,1613.53,INR,2026-08-19T06:17:19
ord_a4af75d019,merch_009,cust_0318,542.01,INR,2026-08-27T18:07:49
ord_53861a2e98,merch_009,cust_0394,526.85,INR,2026-08-27T18:27:49
ord_1304b13ea5,merch_009,cust_0164,491.22,INR,2026-08-27T17:58:49
ord_8c5de00544,merch_009,cust_0394,563.11,INR,2026-08-27T18:04:49
ord_2dbb5bdcfe,merch_009,cust_0318,524.87,INR,2026-08-27T18:16:49
ord_b82978978d,merch_009,cust_0318,510.97,INR,2026-08-27T17:44:49
ord_7a1129c3e4,merch_009,cust_0164,551.75,INR,2026-08-27T17:52:49
ord_99b4a38486,merch_009,cust_0394,511.25,INR,2026-08-27T17:49:49
ord_f3b7835515,merch_009,cust_0164,507.23,INR,2026-08-27T18:28:49
ord_911cc86001,merch_006,cust_0347,40138.6,INR,2026-08-23T14:21:10
ord_947e252bd6,merch_015,cust_0219,667.07,INR,2026-07-22T09:48:13
ord_8adbcf2b53,merch_024,cust_0015,3571.91,INR,2026-08-30T23:56:00
ord_01862bc793,merch_025,cust_0143,9858.08,INR,2026-08-29T13:19:05
ord_b285206ee8,merch_011,cust_0188,259.54,INR,2026-08-21T00:34:49
ord_94c5bcd46e,merch_004,cust_0301,1283.72,INR,2026-09-02T10:33:33
ord_ad37a63f5a,merch_003,cust_0303,4788.45,INR,2026-07-27T15:54:53
ord_e43bd032aa,merch_017,cust_0073,935.0,INR,2026-08-29T07:23:42
ord_a614164f61,merch_021,cust_0356,18582.92,INR,2026-07-20T16:49:29
ord_c1ca4268d6,merch_020,cust_0231,602.65,INR,2026-07-05T10:19:51
ord_2ce83c0847,merch_017,cust_0288,5795.91,INR,2026-08-21T05:48:15
ord_881722b010,merch_003,cust_0086,9856.75,INR,2026-07-25T21:52:15
ord_f9d029babb,merch_006,cust_0148,7439.33,INR,2026-08-21T14:09:49
ord_ce346a088a,merch_018,cust_0188,1936.91,INR,2026-08-16T08:27:31
ord_4e409dc2e4,merch_002,cust_0153,588.01,INR,2026-07-12T22:41:06
ord_357b94ee3a,merch_024,cust_0108,5181.62,INR,2026-09-01T18:00:47
ord_17ac7ac084,merch_002,cust_0106,7088.95,INR,2026-08-31T10:46:45
ord_a0062ac5e1,merch_009,cust_0294,31547.77,INR,2026-07-13T17:53:26
ord_9da1c190f4,merch_021,cust_0142,1312.51,INR,2026-07-28T17:47:24
ord_7da3a5d1ea,merch_005,cust_0251,4321.53,INR,2026-08-13T17:12:51
ord_c1b2d866dd,merch_024,cust_0264,1410.87,INR,2026-08-09T07:59:53
ord_eb68195444,merch_025,cust_0002,2477.99,INR,2026-08-18T00:15:51
ord_8b42812ca5,merch_014,cust_0112,6694.51,INR,2026-08-04T20:19:49
ord_da457cf72b,merch_016,cust_0290,10888.62,INR,2026-07-09T04:48:06
ord_f4644e4b74,merch_001,cust_0236,1300.71,INR,2026-08-16T08:16:14
ord_6dae045e57,merch_023,cust_0104,45521.62,INR,2026-08-02T19:23:51
ord_5613f2a008,merch_012,cust_0336,620.58,INR,2026-07-20T13:42:05
ord_367045bfe6,merch_021,cust_0220,233.26,INR,2026-07-25T05:18:26
ord_48b12f4eb2,merch_022,cust_0266,111.29,INR,2026-08-06T20:35:08
ord_1542c695c9,merch_003,cust_0245,225.06,INR,2026-07-14T10:40:21
ord_5251077c40,merch_025,cust_0196,10682.22,INR,2026-07-18T08:52:18
ord_f55931438d,merch_006,cust_0333,1111.4,INR,2026-07-19T04:43:38
ord_93fb355577,merch_004,cust_0045,272.42,INR,2026-08-10T18:51:33
ord_1554930e3e,merch_009,cust_0127,4105.75,INR,2026-08-31T20:25:45
ord_1c148dc9c5,merch_017,cust_0106,3480.79,INR,2026-08-11T12:50:45
ord_aa5afe9fc1,merch_004,cust_0198,993.32,INR,2026-07-11T09:28:11
ord_4a693e5e47,merch_019,cust_0199,864.9,INR,2026-07-21T06:35:02
ord_dd3f3de8cc,merch_003,cust_0301,402.04,INR,2026-07-10T08:54:09
ord_2698974edd,merch_023,cust_0217,996.75,INR,2026-08-25T16:49:40
ord_a5a054a6c7,merch_007,cust_0262,17904.33,INR,2026-08-05T05:23:00
ord_58f852c483,merch_014,cust_0358,10387.92,INR,2026-07-10T02:55:50
ord_a6fb822cda,merch_020,cust_0233,4747.55,INR,2026-07-21T13:17:04
ord_dcd49ffc12,merch_006,cust_0006,585.39,INR,2026-08-23T17:12:59
ord_d440897db4,merch_004,cust_0376,1808.24,INR,2026-08-15T04:23:55
ord_ad2ee9d728,merch_003,cust_0322,815.09,INR,2026-07-09T21:10:56
ord_716329b82d,merch_009,cust_0081,10889.82,INR,2026-07-15T16:44:48
ord_5ecc52de52,merch_008,cust_0007,609.57,INR,2026-07-19T01:43:21
ord_c6a259d7d4,merch_024,cust_0366,3857.41,INR,2026-07-28T14:29:42
ord_83ecb8431c,merch_019,cust_0040,802.86,INR,2026-07-09T14:44:06
ord_292ebf1344,merch_003,cust_0206,10593.34,INR,2026-08-03T15:58:41
ord_a7f3ac5685,merch_007,cust_0189,1198.31,INR,2026-07-28T01:15:42
ord_23acaf072f,merch_018,cust_0376,4073.83,INR,2026-07-05T02:51:41
ord_2de120351e,merch_023,cust_0326,11485.4,INR,2026-07-04T15:24:24
ord_4efec73de0,merch_017,cust_0106,27953.0,INR,2026-07-10T07:33:56
ord_3341ab11b5,merch_017,cust_0119,1353.81,INR,2026-08-18T00:17:04
ord_9eb021d755,merch_013,cust_0327,894.95,INR,2026-08-15T17:35:00
ord_ea6a05489d,merch_023,cust_0202,4925.64,INR,2026-08-17T11:00:08
ord_b875342d0f,merch_025,cust_0400,3131.81,INR,2026-07-20T11:01:17
ord_a6f8f40319,merch_012,cust_0275,19890.18,INR,2026-08-03T10:24:32
ord_6fa4b1161d,merch_022,cust_0081,1086.59,INR,2026-09-01T01:47:48
ord_db5fd63070,merch_023,cust_0047,598.04,INR,2026-08-23T08:26:51
ord_9cce6ea7d5,merch_013,cust_0016,7337.51,INR,2026-08-26T21:52:28
ord_9cb5cff422,merch_004,cust_0072,1262.52,INR,2026-07-26T01:58:08
ord_d7c9774ef4,merch_021,cust_0352,15193.5,INR,2026-08-30T09:45:20
ord_f26eee9324,merch_007,cust_0034,28850.39,INR,2026-07-17T00:06:21
ord_48c71d08ec,merch_015,cust_0022,1393.78,INR,2026-08-15T13:19:39
ord_43045fe54e,merch_012,cust_0089,362.01,INR,2026-07-31T16:06:30
ord_8622498b6a,merch_020,cust_0318,513.15,INR,2026-08-13T12:00:41
ord_471f15771e,merch_014,cust_0071,1338.51,INR,2026-08-24T13:14:08
ord_16fc40805b,merch_023,cust_0196,862.32,INR,2026-08-20T13:23:06
ord_517524cb43,merch_009,cust_0199,546.43,INR,2026-07-25T18:21:14
ord_b834597a60,merch_017,cust_0242,917.58,INR,2026-07-27T02:22:30
ord_1e7a31de7f,merch_018,cust_0137,11131.22,INR,2026-07-09T22:16:35
ord_44e2a85ddf,merch_006,cust_0089,545.21,INR,2026-08-08T08:01:31
ord_9daadbb7bd,merch_005,cust_0289,3476.45,INR,2026-08-21T06:58:17
ord_494a616480,merch_008,cust_0029,1709.24,INR,2026-08-19T21:47:42
ord_aac1b7eff7,merch_011,cust_0067,11147.2,INR,2026-08-04T22:00:59
ord_7e99a874f0,merch_025,cust_0073,836.81,INR,2026-08-08T22:15:17
ord_64d9240124,merch_011,cust_0052,291.03,INR,2026-07-19T19:00:38
ord_11bd65e60b,merch_023,cust_0090,38355.3,INR,2026-09-02T02:02:44
ord_a8aa579aae,merch_010,cust_0194,4592.43,INR,2026-07-21T18:05:25
ord_ea7d59aa4a,merch_019,cust_0395,943.34,INR,2026-09-01T20:37:16
ord_26fcd5cbb5,merch_011,cust_0073,3998.96,INR,2026-08-04T12:31:56
ord_e1895db7ae,merch_001,cust_0229,449.36,INR,2026-07-11T01:58:23
ord_120988818f,merch_013,cust_0025,687.51,INR,2026-07-20T15:35:47
ord_7f1596435e,merch_013,cust_0280,771.28,INR,2026-08-29T14:58:00
ord_f105788c19,merch_001,cust_0151,1432.33,INR,2026-07-11T16:53:58
ord_28dc7aab86,merch_003,cust_0375,1357.37,INR,2026-07-13T12:56:58
ord_9115dee98b,merch_001,cust_0361,1015.09,INR,2026-09-01T11:09:09
ord_ed599d0ae5,merch_007,cust_0106,875.76,INR,2026-08-25T22:35:00
ord_9988653fe3,merch_002,cust_0050,869.53,INR,2026-08-21T03:59:32
ord_55b8046714,merch_010,cust_0045,8063.46,INR,2026-08-20T03:14:46
ord_623fb20678,merch_010,cust_0327,29995.68,INR,2026-07-15T17:09:19
ord_efdc786906,merch_009,cust_0339,861.78,INR,2026-07-22T10:48:16
ord_6e7f066fbc,merch_002,cust_0229,751.08,INR,2026-07-26T11:10:57
ord_a72ae4e193,merch_022,cust_0044,858.03,INR,2026-08-30T18:09:43
ord_8bd1b22bf7,merch_018,cust_0215,11331.8,INR,2026-08-29T02:31:15
ord_36f002e148,merch_002,cust_0366,1360.64,INR,2026-08-28T23:39:27
ord_70656bdb7a,merch_006,cust_0089,42721.51,INR,2026-07-16T18:02:04
ord_33b9251496,merch_005,cust_0322,4207.81,INR,2026-07-11T00:08:57
ord_8e081be505,merch_009,cust_0167,1384.03,INR,2026-07-05T16:48:35
ord_f01475df3b,merch_019,cust_0291,11630.73,INR,2026-07-14T05:29:32
ord_2e21da66cf,merch_012,cust_0275,4273.43,INR,2026-08-20T15:29:40
ord_9817d1a743,merch_020,cust_0074,8783.44,INR,2026-07-08T06:22:11
ord_2835ec95cd,merch_024,cust_0026,476.02,INR,2026-08-09T15:50:59
ord_829a5ab79f,merch_016,cust_0144,8690.95,INR,2026-07-26T15:10:45
ord_5649027bee,merch_024,cust_0138,1003.78,INR,2026-07-22T17:55:18
ord_df81306f4b,merch_017,cust_0389,10120.68,INR,2026-08-23T12:39:55
ord_8e9d891da7,merch_005,cust_0207,7005.01,INR,2026-08-28T17:06:09
ord_06111137ef,merch_002,cust_0128,1385.24,INR,2026-07-23T19:57:33
ord_fc31a8acb2,merch_021,cust_0204,37884.63,INR,2026-07-27T23:45:23
ord_f617b883b9,merch_019,cust_0243,5114.61,INR,2026-07-29T14:43:16
ord_e29d10325e,merch_019,cust_0084,3750.35,INR,2026-07-25T23:47:07
ord_c7d8c39e48,merch_001,cust_0263,11654.95,INR,2026-07-05T08:44:01
ord_07c69a74a9,merch_008,cust_0005,1227.12,INR,2026-08-03T03:46:21
ord_f7fbce6a46,merch_009,cust_0236,523.0,INR,2026-08-24T01:10:27
ord_330c7a4e18,merch_012,cust_0340,7734.61,INR,2026-07-31T22:41:05
ord_782c3e7173,merch_009,cust_0173,10545.66,INR,2026-07-29T20:30:59
ord_3dd5f98355,merch_020,cust_0030,547.42,INR,2026-07-18T02:03:33
ord_868cc9c8c6,merch_013,cust_0215,149.45,INR,2026-08-29T00:57:19
ord_6c4be0ff43,merch_016,cust_0327,37531.0,INR,2026-08-22T18:07:45
ord_cee9eb753d,merch_004,cust_0151,1137.29,INR,2026-08-27T18:38:17
ord_cf934782b8,merch_012,cust_0114,1320.01,INR,2026-08-14T07:46:19
ord_b260a7b790,merch_004,cust_0238,1312.95,INR,2026-08-30T03:49:38
ord_a84c2e3673,merch_022,cust_0062,517.7,INR,2026-07-09T17:58:24
ord_a0a5909aec,merch_019,cust_0210,11859.82,INR,2026-07-18T09:44:11
ord_9c170dc041,merch_011,cust_0250,3356.65,INR,2026-07-10T03:10:53
ord_4544e7fe3c,merch_025,cust_0296,1199.3,INR,2026-07-13T01:09:04
ord_2240d0b60b,merch_016,cust_0220,152.82,INR,2026-07-23T20:40:07
ord_7f76740da3,merch_001,cust_0098,8080.21,INR,2026-07-28T15:47:59
ord_658ccfec17,merch_004,cust_0067,924.14,INR,2026-07-20T17:11:06
ord_15180e5ee6,merch_024,cust_0234,833.76,INR,2026-08-15T14:30:47
ord_1c494dcfaf,merch_007,cust_0385,1369.65,INR,2026-08-12T15:58:14
ord_88519359c6,merch_001,cust_0376,3274.34,INR,2026-08-09T02:13:11
ord_a7019af760,merch_002,cust_0320,2003.58,INR,2026-07-14T23:55:21
ord_f72c6f94d5,merch_013,cust_0228,453.83,INR,2026-07-19T08:48:43
ord_3ba5649d13,merch_022,cust_0216,828.43,INR,2026-09-01T07:13:49
ord_ff787b091e,merch_020,cust_0369,259.62,INR,2026-07-14T19:36:44
ord_795ff48e69,merch_007,cust_0268,673.66,INR,2026-07-20T01:41:51
ord_a17458196a,merch_008,cust_0170,1040.29,INR,2026-07-15T05:19:21
ord_b09c08a7b0,merch_003,cust_0262,2563.55,INR,2026-07-29T08:16:18
ord_d4bd7586da,merch_002,cust_0238,344.58,INR,2026-07-08T07:54:44
ord_ac2fff45a0,merch_004,cust_0379,1161.49,INR,2026-07-08T22:55:45
ord_0b2ff88e43,merch_015,cust_0184,22195.76,INR,2026-07-13T12:35:32
ord_fc7e8d22cf,merch_013,cust_0206,22329.66,INR,2026-08-10T22:46:56
ord_0b15ac85f8,merch_023,cust_0068,11806.48,INR,2026-07-19T23:25:05
ord_c6704a3177,merch_022,cust_0292,955.85,INR,2026-08-08T07:35:45
ord_3e1fbbe120,merch_004,cust_0250,6127.22,INR,2026-07-10T15:35:01
ord_f05e11f214,merch_024,cust_0393,7432.63,INR,2026-08-06T08:17:51
ord_2a27149f04,merch_022,cust_0178,5541.2,INR,2026-08-27T17:02:10
ord_31d4f16859,merch_016,cust_0259,10628.86,INR,2026-07-11T18:26:55
ord_80eb1d7d29,merch_017,cust_0026,1000.64,INR,2026-08-12T15:42:12
ord_f95ced442d,merch_015,cust_0294,797.84,INR,2026-08-04T04:28:36
ord_76013078c0,merch_014,cust_0207,868.74,INR,2026-07-13T07:48:07
ord_9a974ec7f2,merch_022,cust_0336,577.2,INR,2026-07-09T18:28:13
ord_ad24cdb2f3,merch_020,cust_0393,9024.91,INR,2026-08-08T18:32:15
ord_a81ad2af33,merch_001,cust_0114,1261.84,INR,2026-08-01T20:22:15
ord_85af9a9d5a,merch_005,cust_0253,9296.36,INR,2026-08-13T05:31:48
ord_73c3b62729,merch_013,cust_0062,1254.38,INR,2026-07-23T00:04:50
ord_415bed1ed8,merch_022,cust_0325,9607.52,INR,2026-08-17T05:45:06
ord_af37bc9205,merch_001,cust_0256,168.0,INR,2026-08-15T12:31:16
ord_d9a32074d4,merch_024,cust_0089,2587.32,INR,2026-08-31T19:22:25
ord_0d3728391a,merch_023,cust_0312,4372.76,INR,2026-08-06T18:55:08
ord_b0275923db,merch_020,cust_0212,9358.48,INR,2026-08-02T12:31:05
ord_03b1fefa14,merch_007,cust_0103,4551.08,INR,2026-08-07T00:35:32
ord_d316f973bf,merch_023,cust_0278,8958.7,INR,2026-08-07T16:46:24
ord_fb1d3c511b,merch_014,cust_0147,6988.66,INR,2026-07-06T22:53:18
ord_6d22d0b6bb,merch_009,cust_0103,3189.82,INR,2026-08-01T07:51:45
ord_1a658a5575,merch_007,cust_0152,1839.22,INR,2026-08-17T10:37:17
ord_e84d752146,merch_021,cust_0381,3994.75,INR,2026-08-01T10:14:47
ord_5e5fda671a,merch_011,cust_0351,14044.48,INR,2026-07-28T21:40:02
ord_a5927d4057,merch_023,cust_0325,5361.28,INR,2026-08-30T15:02:13
ord_164e53e5d4,merch_006,cust_0230,14829.82,INR,2026-07-21T08:58:19
ord_6dccf9a3d1,merch_009,cust_0285,917.58,INR,2026-07-29T06:13:50
ord_77c73b8707,merch_011,cust_0079,9623.44,INR,2026-09-02T06:28:19
ord_0f269c9a3f,merch_003,cust_0184,4837.52,INR,2026-07-25T20:32:55
ord_7cf5932091,merch_018,cust_0213,228.72,INR,2026-07-25T23:25:43
ord_53b99c6b30,merch_007,cust_0151,35494.66,INR,2026-08-19T14:29:50
ord_c1235d1b77,merch_021,cust_0124,8021.88,INR,2026-07-08T08:55:14
ord_3cf5aedbbd,merch_018,cust_0132,1759.41,INR,2026-08-23T16:23:21
ord_07b71c38e7,merch_002,cust_0250,1012.14,INR,2026-08-04T14:22:58
ord_ec084cae67,merch_001,cust_0274,3713.21,INR,2026-07-25T04:44:02
ord_7ace4537ae,merch_024,cust_0360,8288.89,INR,2026-07-11T12:03:10
ord_3dffea6f87,merch_003,cust_0020,349.19,INR,2026-07-28T22:59:17
ord_a01594ab05,merch_013,cust_0209,666.23,INR,2026-08-04T05:16:31
ord_ee63ded4ab,merch_021,cust_0004,2163.99,INR,2026-08-30T08:33:56
ord_2ac007f59f,merch_004,cust_0258,1060.23,INR,2026-09-01T09:24:03
ord_3963218a87,merch_022,cust_0203,318.85,INR,2026-07-25T20:19:27
ord_c96a77d365,merch_005,cust_0325,1341.77,INR,2026-08-09T17:27:25
ord_fbc5eb856a,merch_002,cust_0064,935.32,INR,2026-08-25T15:39:17
ord_33bca3413a,merch_021,cust_0212,2995.78,INR,2026-07-22T08:44:02
ord_05ff520358,merch_006,cust_0059,7456.57,INR,2026-07-09T18:44:02
ord_1de12c09e8,merch_003,cust_0344,376.38,INR,2026-08-29T20:53:09
ord_adcfd453a1,merch_021,cust_0344,499.19,INR,2026-07-11T06:39:59
ord_dbad49351c,merch_022,cust_0316,917.84,INR,2026-08-28T09:49:54
ord_4564b81203,merch_011,cust_0003,410.14,INR,2026-08-15T20:14:33
ord_78565b9fd1,merch_015,cust_0246,1184.67,INR,2026-08-20T18:43:32
ord_ad46deaa52,merch_005,cust_0144,3562.54,INR,2026-07-11T22:10:12
ord_fddc46dd55,merch_019,cust_0298,926.05,INR,2026-07-08T01:24:55
ord_e0689793a5,merch_025,cust_0335,649.5,INR,2026-08-30T17:52:09
ord_df4093c2c7,merch_013,cust_0047,114.83,INR,2026-07-27T16:37:57
ord_66067b2a0f,merch_006,cust_0082,7441.03,INR,2026-07-18T16:40:06
ord_35c35c4b62,merch_016,cust_0390,470.1,INR,2026-07-27T05:18:10
ord_2565b21fad,merch_016,cust_0199,45498.98,INR,2026-07-08T08:59:04
ord_54edf051d4,merch_009,cust_0325,4264.82,INR,2026-08-26T08:25:39
ord_a0a1765af5,merch_021,cust_0301,2317.29,INR,2026-07-28T22:14:19
ord_aded0dc049,merch_012,cust_0208,5122.84,INR,2026-08-20T07:23:52
ord_d945c0ac2d,merch_008,cust_0085,1000.87,INR,2026-07-25T00:52:14
ord_eeb5434fe8,merch_004,cust_0368,5853.44,INR,2026-08-05T13:28:46
ord_8452da05d4,merch_019,cust_0108,1266.71,INR,2026-07-06T16:18:11
ord_e1a0a88605,merch_005,cust_0083,1911.5,INR,2026-08-29T01:29:02
ord_bd44a699d5,merch_017,cust_0093,34775.59,INR,2026-08-28T05:17:38
ord_9789aa292b,merch_015,cust_0111,6449.84,INR,2026-08-20T06:22:07
ord_2815dfe45e,merch_019,cust_0074,3409.78,INR,2026-08-23T02:15:42
ord_a18386374f,merch_019,cust_0306,629.5,INR,2026-07-17T08:04:44
ord_1ad0927bd1,merch_022,cust_0259,309.39,INR,2026-07-13T20:23:31
ord_27f52e0666,merch_018,cust_0020,264.52,INR,2026-08-20T07:42:10
ord_3abb6bd0a4,merch_022,cust_0397,6981.46,INR,2026-08-09T11:02:31
ord_039f0988a9,merch_025,cust_0247,924.67,INR,2026-08-29T10:27:31
ord_3529f7defd,merch_008,cust_0393,15185.07,INR,2026-08-31T14:07:19
ord_397918997e,merch_017,cust_0296,110.07,INR,2026-07-24T10:39:36
ord_36b1d7b29c,merch_021,cust_0219,4243.68,INR,2026-08-25T13:12:53
ord_e52d66c3d8,merch_013,cust_0349,5838.9,INR,2026-08-27T15:12:54
ord_c65b8c8e8d,merch_009,cust_0248,33950.74,INR,2026-08-12T03:42:34
ord_34e5cf7dfb,merch_023,cust_0229,15810.59,INR,2026-08-22T20:31:34
ord_bea803f1c7,merch_022,cust_0357,3187.75,INR,2026-07-05T00:19:41
ord_b8691f90ad,merch_003,cust_0223,410.48,INR,2026-07-12T06:30:21
ord_dbd2cd2bb9,merch_017,cust_0336,1448.94,INR,2026-07-10T01:53:54
ord_3f08954c47,merch_022,cust_0104,31689.82,INR,2026-07-23T09:47:32
ord_a05d69d432,merch_008,cust_0358,8577.26,INR,2026-08-08T10:15:17
ord_71a46469e2,merch_025,cust_0142,1037.53,INR,2026-08-12T20:46:09
ord_0802edd987,merch_010,cust_0282,7370.7,INR,2026-08-30T02:19:51
ord_e9dcd23211,merch_007,cust_0311,665.54,INR,2026-07-04T22:50:19
ord_e57f87d771,merch_003,cust_0287,575.95,INR,2026-07-15T20:39:02
ord_7020085627,merch_015,cust_0356,33400.41,INR,2026-07-28T02:52:03
ord_c3ace16d25,merch_001,cust_0301,460.95,INR,2026-08-10T15:41:35
ord_dde7554872,merch_012,cust_0212,113.61,INR,2026-07-30T01:38:57
ord_5e551cbfb9,merch_018,cust_0039,30109.11,INR,2026-08-07T19:48:11
ord_967f3d45af,merch_022,cust_0383,19226.36,INR,2026-07-23T21:15:24
ord_50fa7d1ee9,merch_007,cust_0118,10281.51,INR,2026-08-08T01:36:14
ord_5ff2e4535f,merch_022,cust_0347,109.27,INR,2026-08-26T01:43:32
ord_0a253babcc,merch_016,cust_0162,10750.37,INR,2026-08-29T06:43:37
ord_a84e2a464e,merch_008,cust_0204,2846.58,INR,2026-08-24T13:03:08
ord_03b1f2c9a9,merch_012,cust_0258,1060.87,INR,2026-07-21T11:18:51
ord_a98510a7ad,merch_023,cust_0162,1043.74,INR,2026-08-10T08:07:52
ord_d1cc3f9dc7,merch_018,cust_0096,477.17,INR,2026-09-02T00:35:21
ord_bfb25fd844,merch_014,cust_0108,5409.25,INR,2026-08-12T09:26:54
ord_55ff247e5a,merch_022,cust_0295,239.82,INR,2026-07-30T17:01:37
ord_6d577c725a,merch_024,cust_0075,1227.94,INR,2026-07-21T15:31:29
ord_a9d16be5c9,merch_011,cust_0369,4650.36,INR,2026-08-28T01:52:39
ord_52a26c7373,merch_009,cust_0111,981.81,INR,2026-08-17T04:14:15
ord_cc88f4fb04,merch_009,cust_0286,676.47,INR,2026-08-07T14:06:00
ord_4e3b47615d,merch_010,cust_0400,1042.47,INR,2026-08-20T19:56:33
ord_2987d2e048,merch_015,cust_0147,3020.91,INR,2026-07-20T18:28:45
ord_aadcfb4901,merch_003,cust_0208,581.08,INR,2026-08-03T22:27:58
ord_ecf7f10b57,merch_013,cust_0331,722.86,INR,2026-08-08T18:14:07
ord_81474bc8fb,merch_024,cust_0065,452.31,INR,2026-07-12T06:33:51
ord_cb63cc0ea6,merch_016,cust_0033,136.91,INR,2026-08-12T01:06:22
ord_e10c6b15cf,merch_021,cust_0044,26814.16,INR,2026-07-26T18:26:17
ord_f6def24d90,merch_017,cust_0068,1800.0,INR,2026-08-08T03:30:01
ord_0b67d0f2c9,merch_018,cust_0140,1457.36,INR,2026-08-25T20:37:52
ord_1a9cb9b238,merch_017,cust_0223,7104.73,INR,2026-08-07T04:57:38
ord_0f559ab05f,merch_012,cust_0158,318.0,INR,2026-07-05T12:35:48
ord_fb9cdb35e7,merch_016,cust_0147,1062.88,INR,2026-08-21T06:17:01
ord_accc493d83,merch_008,cust_0306,7256.23,INR,2026-07-22T19:24:08
ord_d93c5ac9a6,merch_006,cust_0128,8282.9,INR,2026-08-10T05:38:17
ord_4a0eb8f9b4,merch_025,cust_0265,7938.77,INR,2026-07-30T21:29:29
ord_be671bceef,merch_007,cust_0212,3415.28,INR,2026-08-01T14:48:21
ord_c9d52f1820,merch_023,cust_0140,3471.79,INR,2026-07-06T09:11:40
ord_25e00a0a0f,merch_004,cust_0096,275.05,INR,2026-08-16T01:35:05
ord_2b1339889d,merch_007,cust_0253,536.21,INR,2026-08-21T21:20:46
ord_87120d4927,merch_025,cust_0042,14129.46,INR,2026-08-11T14:24:32
ord_03a6f45a93,merch_013,cust_0129,2780.6,INR,2026-07-28T16:07:27
ord_ce8a45fea7,merch_002,cust_0378,1129.45,INR,2026-07-13T14:56:36
ord_09e9fa74f9,merch_021,cust_0082,9319.61,INR,2026-08-26T20:36:50
ord_eeeda21963,merch_002,cust_0185,3786.78,INR,2026-07-15T11:08:32
ord_9067d89fd5,merch_009,cust_0086,5655.99,INR,2026-07-28T02:26:21
ord_ce379bfaf6,merch_020,cust_0353,1179.12,INR,2026-07-28T15:33:53
ord_adade16ed7,merch_021,cust_0389,597.72,INR,2026-07-19T10:39:21
ord_737ac888ba,merch_021,cust_0286,9958.02,INR,2026-08-16T02:17:20
ord_0bc75539cc,merch_005,cust_0371,155.28,INR,2026-08-15T23:26:56
ord_8127087bc5,merch_006,cust_0291,553.15,INR,2026-08-18T23:26:19
ord_e85dac20e0,merch_003,cust_0083,729.14,INR,2026-07-30T01:38:53
ord_e6551338d8,merch_006,cust_0376,8007.21,INR,2026-08-08T20:21:24
ord_a621b6649d,merch_007,cust_0199,796.57,INR,2026-08-27T01:00:47
ord_f7a2f28336,merch_011,cust_0329,832.48,INR,2026-07-10T23:22:31
ord_4b0955e7be,merch_007,cust_0017,368.26,INR,2026-07-07T14:08:21
ord_e5718a64fe,merch_019,cust_0360,612.9,INR,2026-09-01T07:58:27
ord_9923052d1a,merch_016,cust_0336,43618.95,INR,2026-08-18T22:39:24
ord_778334f3db,merch_002,cust_0363,4291.06,INR,2026-07-08T10:43:43
ord_21d3f8263b,merch_004,cust_0266,423.43,INR,2026-08-10T21:53:11
ord_1c25b26a46,merch_006,cust_0321,7360.49,INR,2026-07-14T17:51:57
ord_23553f7b70,merch_006,cust_0086,806.57,INR,2026-07-19T20:34:40
ord_7ac252d35c,merch_012,cust_0167,986.54,INR,2026-08-04T21:41:42
ord_7110562263,merch_018,cust_0393,21655.39,INR,2026-08-17T10:10:35
ord_8815048d2f,merch_020,cust_0146,289.12,INR,2026-08-02T19:20:31
ord_4d99d87c02,merch_001,cust_0162,11405.15,INR,2026-07-31T07:01:36
ord_e46ddf6cc0,merch_005,cust_0080,1345.48,INR,2026-07-28T18:12:31
ord_04741252ca,merch_013,cust_0293,3783.09,INR,2026-07-11T23:53:33
ord_3954b019be,merch_023,cust_0354,11030.38,INR,2026-08-31T06:59:21
ord_b9a43b1144,merch_003,cust_0196,11179.65,INR,2026-08-05T23:11:03
ord_dd870d8a06,merch_025,cust_0062,1013.89,INR,2026-08-31T23:27:52
ord_24fafd1065,merch_017,cust_0157,855.9,INR,2026-07-19T00:32:48
ord_c9c36f0e20,merch_022,cust_0026,5625.27,INR,2026-08-16T18:21:39
ord_eb6a94dac9,merch_005,cust_0076,766.2,INR,2026-07-09T06:54:11
ord_6f93df5551,merch_025,cust_0223,9501.35,INR,2026-08-20T04:37:50
ord_e2a7e9c986,merch_020,cust_0288,31921.42,INR,2026-07-28T00:38:06
ord_4b0ec94ea6,merch_019,cust_0351,1040.45,INR,2026-08-14T14:55:16
ord_21b87dd04e,merch_021,cust_0305,526.75,INR,2026-08-07T10:53:53
ord_76e71c77e2,merch_007,cust_0120,3137.91,INR,2026-07-12T19:57:43
ord_36f81c1261,merch_010,cust_0076,1071.31,INR,2026-07-15T07:17:47
ord_95f9de9882,merch_024,cust_0108,385.32,INR,2026-08-24T07:17:52
ord_7f676f7818,merch_023,cust_0356,5454.37,INR,2026-08-24T15:31:51
ord_2c52b4b355,merch_023,cust_0103,2057.4,INR,2026-07-05T07:25:12
ord_73df3eaf54,merch_001,cust_0056,1336.76,INR,2026-08-11T00:39:51
ord_96b972310f,merch_016,cust_0162,7081.39,INR,2026-07-22T14:23:02
ord_b8bb98777a,merch_001,cust_0365,1391.18,INR,2026-08-03T02:31:57
ord_099fcdd06c,merch_022,cust_0178,975.32,INR,2026-07-27T10:23:49
ord_2350be2aec,merch_018,cust_0016,20572.14,INR,2026-08-06T16:25:10
ord_1ca03eff36,merch_022,cust_0267,8068.01,INR,2026-07-26T13:56:44
ord_19517c9486,merch_020,cust_0160,859.13,INR,2026-07-24T13:46:45
ord_38fed76ca2,merch_023,cust_0159,6999.96,INR,2026-07-17T15:09:40
ord_5b03858b4a,merch_011,cust_0081,846.15,INR,2026-07-15T23:51:44
ord_e20d2798e7,merch_011,cust_0392,5847.42,INR,2026-08-13T10:17:09
ord_07d78a82a4,merch_007,cust_0399,358.65,INR,2026-09-01T22:01:13
ord_6539081878,merch_008,cust_0306,136.52,INR,2026-07-12T05:11:28
ord_2399f6e1db,merch_023,cust_0241,3431.75,INR,2026-08-11T02:50:52
ord_5af4cb0f32,merch_002,cust_0116,1456.34,INR,2026-07-30T16:48:58
ord_e718c9f2ec,merch_006,cust_0034,49453.85,INR,2026-09-02T09:51:09
ord_4a5af15cc5,merch_013,cust_0219,7883.26,INR,2026-08-10T10:20:09
ord_abb10a1989,merch_017,cust_0275,8893.18,INR,2026-07-08T05:44:21
ord_1f5e6f3b32,merch_018,cust_0266,1129.24,INR,2026-08-27T15:32:14
ord_d606325ebd,merch_015,cust_0150,526.38,INR,2026-08-01T06:13:45
ord_e70d600010,merch_023,cust_0028,299.14,INR,2026-08-17T08:31:58
ord_9f8fee580f,merch_019,cust_0399,38452.34,INR,2026-07-17T15:17:14
ord_01c23ddd53,merch_015,cust_0092,8982.66,INR,2026-07-24T02:32:08
ord_9fbfec4cb5,merch_023,cust_0333,9042.93,INR,2026-07-16T11:52:44
ord_89de67ad2a,merch_003,cust_0186,637.72,INR,2026-08-23T04:16:09
ord_6295788542,merch_006,cust_0394,33488.68,INR,2026-07-19T01:44:03
ord_11df47a06d,merch_010,cust_0215,1176.08,INR,2026-08-16T19:51:25
ord_fc56c545fb,merch_001,cust_0104,4157.67,INR,2026-08-18T00:42:53
ord_4db708e167,merch_016,cust_0312,924.41,INR,2026-08-19T16:29:21
ord_2fd3005d18,merch_001,cust_0308,866.28,INR,2026-08-27T15:10:57
ord_24c56e76e5,merch_012,cust_0335,1295.36,INR,2026-08-29T15:03:13
ord_4fc711bbfe,merch_014,cust_0056,18130.74,INR,2026-08-01T02:39:16
ord_89bfe49ccb,merch_003,cust_0019,4889.63,INR,2026-08-10T06:59:33
ord_768b4f5713,merch_016,cust_0150,1072.47,INR,2026-07-31T03:26:29
ord_940804a686,merch_007,cust_0357,2647.67,INR,2026-08-24T20:32:05
ord_a17d5b3750,merch_020,cust_0219,4226.43,INR,2026-08-29T08:10:46
ord_c2431a97bb,merch_017,cust_0255,6726.28,INR,2026-07-21T23:12:51
ord_4f670d3c41,merch_001,cust_0061,1215.43,INR,2026-07-24T15:06:57
ord_95bef13796,merch_021,cust_0287,996.87,INR,2026-07-31T20:14:16
ord_5de029546b,merch_018,cust_0260,108.58,INR,2026-08-05T20:36:19
ord_0648ce86a5,merch_006,cust_0015,1267.36,INR,2026-08-20T00:24:11
ord_6b10a7c507,merch_021,cust_0080,1311.31,INR,2026-08-06T00:51:43
ord_c212d30c3d,merch_010,cust_0267,8621.08,INR,2026-08-27T09:39:23
ord_f652c5bf6a,merch_005,cust_0034,143.64,INR,2026-08-09T22:22:27
ord_35adf1e563,merch_004,cust_0305,9391.17,INR,2026-08-04T00:50:12
ord_9563cfd340,merch_012,cust_0122,1431.02,INR,2026-07-25T11:38:32
ord_6300681441,merch_007,cust_0399,28863.42,INR,2026-07-06T22:06:08
ord_ea26df53be,merch_016,cust_0175,6998.09,INR,2026-08-05T06:45:09
ord_8490bc401d,merch_005,cust_0347,151.17,INR,2026-08-11T03:08:45
ord_cb3aec5259,merch_020,cust_0352,4999.54,INR,2026-07-08T23:30:48
ord_2a617f2097,merch_025,cust_0296,1348.99,INR,2026-08-04T15:42:19
ord_d7bccd0a0d,merch_025,cust_0164,264.71,INR,2026-07-18T23:56:33
ord_b4d86749a0,merch_017,cust_0287,859.54,INR,2026-08-26T20:06:53
ord_da1191a0e2,merch_006,cust_0126,958.57,INR,2026-08-06T09:19:07
ord_686fd5a825,merch_002,cust_0346,175.32,INR,2026-08-14T21:44:13
ord_d5b2e3ac3d,merch_023,cust_0323,7971.31,INR,2026-08-03T20:02:22
ord_be40d8fb29,merch_025,cust_0387,284.51,INR,2026-08-18T23:09:43
ord_0efcc75a77,merch_008,cust_0119,1353.98,INR,2026-07-29T13:18:23
ord_18751f7c64,merch_016,cust_0233,765.47,INR,2026-08-07T14:54:59
ord_501e804fc1,merch_012,cust_0394,2837.64,INR,2026-07-14T11:50:57
ord_481218f682,merch_021,cust_0285,522.97,INR,2026-08-18T06:08:57
ord_bf7ca30170,merch_018,cust_0125,775.32,INR,2026-07-10T21:55:50
ord_d1a603c306,merch_019,cust_0223,7217.53,INR,2026-07-27T10:16:46
ord_5c0b5d24df,merch_004,cust_0250,6360.54,INR,2026-08-27T09:26:53
ord_81b0010888,merch_003,cust_0208,8697.84,INR,2026-08-31T09:43:31
ord_5e444e05c1,merch_005,cust_0112,10984.19,INR,2026-07-04T12:25:46
ord_a3c2b82cb3,merch_013,cust_0150,6195.18,INR,2026-07-24T11:13:35
ord_a465457634,merch_012,cust_0368,34143.63,INR,2026-09-01T20:52:36
ord_df4b488ed8,merch_018,cust_0190,12032.05,INR,2026-08-27T20:57:54
ord_81402636e2,merch_008,cust_0016,926.23,INR,2026-08-04T09:17:25
ord_3b95ef65a7,merch_022,cust_0109,294.7,INR,2026-08-27T10:13:33
ord_635605b02b,merch_010,cust_0079,37462.51,INR,2026-07-17T12:53:20
ord_9b9abc8803,merch_016,cust_0370,11737.24,INR,2026-07-17T16:22:49
ord_2f0e8378ee,merch_023,cust_0234,5969.89,INR,2026-07-21T22:57:29
ord_5d08940888,merch_012,cust_0197,694.68,INR,2026-07-05T05:18:47
ord_096cc1284f,merch_014,cust_0138,33901.39,INR,2026-07-07T17:58:18
ord_8ddca0d670,merch_016,cust_0298,15042.4,INR,2026-08-24T14:37:10
ord_595aa0aa41,merch_003,cust_0313,982.93,INR,2026-07-12T01:56:38
ord_a75043671b,merch_001,cust_0399,817.73,INR,2026-08-19T01:23:26
ord_e39ce7eb63,merch_002,cust_0086,7775.18,INR,2026-08-03T00:32:11
ord_fe11caa1b3,merch_019,cust_0087,1486.51,INR,2026-07-07T03:36:32
ord_998f1aac7c,merch_009,cust_0040,962.12,INR,2026-07-31T05:18:08
ord_2ff4e4a070,merch_019,cust_0090,8421.13,INR,2026-08-09T09:37:08
ord_449b72f734,merch_017,cust_0093,5099.9,INR,2026-07-12T16:40:10
ord_370af59815,merch_014,cust_0386,3998.45,INR,2026-08-16T05:42:19
ord_9f2bff8eb6,merch_009,cust_0329,2717.94,INR,2026-07-20T18:32:14
ord_965e744944,merch_025,cust_0383,20879.13,INR,2026-08-11T08:55:48
ord_4bbcc3e1ec,merch_010,cust_0007,29055.18,INR,2026-08-04T03:36:28
ord_51d6fa90de,merch_014,cust_0182,8346.69,INR,2026-07-30T23:10:55
ord_21c50eadea,merch_019,cust_0336,1182.41,INR,2026-07-27T23:25:39
ord_7e5307ec57,merch_001,cust_0281,10232.74,INR,2026-07-05T15:52:19
ord_d0a4cacd71,merch_012,cust_0229,496.62,INR,2026-07-23T05:54:28
ord_8910b589bc,merch_022,cust_0305,3776.66,INR,2026-08-31T16:40:05
ord_fd6c639459,merch_005,cust_0310,1169.4,INR,2026-08-28T11:02:09
ord_8d84f2b9a2,merch_015,cust_0151,2295.0,INR,2026-08-17T12:36:01
ord_7f5b52aaea,merch_025,cust_0083,1187.95,INR,2026-08-10T15:59:10
ord_88afece75a,merch_006,cust_0136,788.41,INR,2026-07-23T23:35:34
ord_1dcee02289,merch_018,cust_0074,3793.06,INR,2026-07-14T19:34:47
ord_7929b359b3,merch_003,cust_0038,4131.26,INR,2026-08-16T18:58:49
ord_0c95fab644,merch_022,cust_0020,312.25,INR,2026-08-05T12:33:41
ord_0aebb23dbd,merch_014,cust_0245,1118.87,INR,2026-07-11T07:20:38
ord_bf076ef28b,merch_016,cust_0400,849.43,INR,2026-08-08T08:20:25
ord_8775570541,merch_021,cust_0324,848.48,INR,2026-08-06T12:24:13
ord_3232aedbd7,merch_018,cust_0091,637.83,INR,2026-07-23T01:04:10
ord_baf07187a4,merch_003,cust_0250,6098.83,INR,2026-07-22T21:29:03
ord_2601ea1384,merch_008,cust_0304,188.19,INR,2026-08-25T23:34:39
ord_61762cc95a,merch_011,cust_0019,1202.89,INR,2026-07-08T15:45:54
ord_ae7f89e305,merch_017,cust_0342,1049.31,INR,2026-08-25T14:16:43
ord_4f1071f643,merch_024,cust_0019,1015.36,INR,2026-08-19T06:01:16
ord_ada4fba939,merch_021,cust_0089,530.27,INR,2026-07-13T22:42:26
ord_ffd3395b46,merch_004,cust_0055,1218.85,INR,2026-07-25T21:58:16
ord_eeffed56cb,merch_022,cust_0378,269.12,INR,2026-08-29T10:06:01
ord_7408411e9a,merch_006,cust_0304,269.04,INR,2026-07-18T05:06:20
ord_e72df00d9c,merch_015,cust_0085,914.78,INR,2026-07-17T10:46:36
ord_df07d7b623,merch_006,cust_0399,781.75,INR,2026-07-05T02:47:44
ord_e793694a10,merch_014,cust_0146,9818.53,INR,2026-08-19T17:11:22
ord_4c55fc9a77,merch_014,cust_0231,344.37,INR,2026-07-08T03:39:49
ord_d21a71ea98,merch_010,cust_0322,106.4,INR,2026-07-27T09:04:43
ord_d8bf4466a5,merch_020,cust_0049,1165.58,INR,2026-08-25T21:38:43
ord_a99eb60c4c,merch_007,cust_0028,308.9,INR,2026-08-19T13:27:43
ord_9eb74be701,merch_012,cust_0331,708.54,INR,2026-08-05T22:57:46
ord_6274cd1505,merch_006,cust_0276,140.69,INR,2026-08-23T11:48:45
ord_9cda7179dc,merch_019,cust_0228,5900.2,INR,2026-08-05T02:54:03
ord_fc2f0b72ac,merch_008,cust_0051,10633.81,INR,2026-08-09T23:03:13
ord_e8443e243d,merch_014,cust_0028,1399.04,INR,2026-08-17T16:12:20
ord_bb8cc0f8f9,merch_007,cust_0369,11743.34,INR,2026-07-24T03:11:07
ord_d7d6d0c77f,merch_009,cust_0031,1292.31,INR,2026-08-18T00:33:58
ord_88fcffa0f7,merch_020,cust_0152,1212.39,INR,2026-09-01T20:57:49
ord_94012c3b61,merch_014,cust_0045,6636.74,INR,2026-07-25T12:20:52
ord_a04724367d,merch_014,cust_0374,4089.87,INR,2026-08-05T06:39:17
ord_25c7acd119,merch_001,cust_0294,161.91,INR,2026-08-19T04:42:00
ord_a1ca862235,merch_004,cust_0357,436.72,INR,2026-08-27T17:22:08
ord_794f563ad6,merch_012,cust_0068,1006.7,INR,2026-07-13T07:24:54
ord_e3db874455,merch_015,cust_0361,9346.51,INR,2026-07-06T20:53:15
ord_f68e73cd4c,merch_012,cust_0095,8890.97,INR,2026-07-04T15:10:39
ord_7f0cdfab73,merch_010,cust_0017,477.71,INR,2026-09-01T23:13:52
ord_ce1f3a0a2d,merch_024,cust_0172,31559.99,INR,2026-08-08T20:09:33
ord_8d04d77a85,merch_002,cust_0317,345.37,INR,2026-08-27T18:04:34
ord_5a1a6f6521,merch_008,cust_0172,1008.65,INR,2026-08-29T19:46:34
ord_b29f301036,merch_009,cust_0181,692.1,INR,2026-07-09T18:54:03
ord_26e7a3f0d6,merch_017,cust_0257,6436.72,INR,2026-08-25T03:25:38
ord_b010eb016f,merch_015,cust_0097,646.96,INR,2026-07-21T20:39:42
ord_7ce4a5e0e9,merch_009,cust_0085,307.14,INR,2026-07-19T02:41:09
ord_6ec512f252,merch_022,cust_0214,284.84,INR,2026-08-07T03:52:12
ord_577aea6d4f,merch_003,cust_0097,1222.78,INR,2026-08-23T22:48:12
ord_dc3931442a,merch_019,cust_0249,7066.75,INR,2026-08-26T18:01:29
ord_29246c01bd,merch_006,cust_0157,3881.21,INR,2026-08-09T14:35:42
ord_8be5e58b02,merch_010,cust_0181,332.91,INR,2026-07-20T02:40:03
ord_997555ddcc,merch_008,cust_0083,1491.28,INR,2026-08-29T06:44:26
ord_c0a2e206be,merch_018,cust_0106,8488.31,INR,2026-08-06T21:13:17
ord_958345fa6d,merch_010,cust_0274,134.9,INR,2026-08-21T23:43:32
ord_4d26e7afd1,merch_024,cust_0003,810.37,INR,2026-08-02T04:41:50
ord_2cacd7e581,merch_024,cust_0290,28800.01,INR,2026-07-15T09:42:51
ord_026a47ca22,merch_010,cust_0060,964.53,INR,2026-07-25T21:29:13
ord_e6e241ae21,merch_021,cust_0312,837.01,INR,2026-07-31T11:37:02
ord_4cfa460965,merch_022,cust_0229,2417.46,INR,2026-08-23T04:33:04
ord_8b7b09be0f,merch_017,cust_0310,46520.98,INR,2026-08-08T13:20:31
ord_7e9a1520e4,merch_013,cust_0190,498.51,INR,2026-08-07T14:42:59
ord_cfee3db0d2,merch_024,cust_0111,9286.04,INR,2026-08-13T20:26:27
ord_1a1713ef3f,merch_019,cust_0072,3008.21,INR,2026-08-02T22:34:47
ord_1ca40c6ff3,merch_019,cust_0034,2428.71,INR,2026-08-13T06:06:44
ord_2461c24618,merch_019,cust_0364,2937.73,INR,2026-07-22T13:25:34
ord_c1618c7b1d,merch_019,cust_0155,882.99,INR,2026-08-18T11:55:15
ord_6c91de5409,merch_010,cust_0135,43701.24,INR,2026-08-19T09:06:02
ord_3bcc2c8d2d,merch_016,cust_0092,36501.86,INR,2026-07-07T06:16:33
ord_a8bd223825,merch_024,cust_0307,772.68,INR,2026-08-15T20:06:47
ord_d41bf99bd5,merch_017,cust_0192,1684.22,INR,2026-07-29T16:45:55
ord_a872eab88c,merch_023,cust_0237,328.63,INR,2026-07-30T23:22:04
ord_5c2adec771,merch_010,cust_0149,1410.84,INR,2026-08-23T09:23:44
ord_5a3d1a0675,merch_025,cust_0307,551.65,INR,2026-08-04T04:49:25
ord_a48ecc0d40,merch_019,cust_0274,301.2,INR,2026-07-17T19:06:55
ord_a4ed20c658,merch_006,cust_0175,316.38,INR,2026-07-25T23:13:54
ord_16c1151ccd,merch_017,cust_0354,8981.74,INR,2026-07-15T13:33:42
ord_c86c2a657a,merch_001,cust_0068,536.2,INR,2026-08-08T16:50:45
ord_0918082089,merch_011,cust_0391,526.56,INR,2026-07-16T00:21:02
ord_04f7e9de98,merch_008,cust_0353,393.78,INR,2026-07-12T03:09:46
ord_c4b8fe7f4a,merch_025,cust_0010,703.75,INR,2026-07-23T13:31:51
ord_77f4f59aec,merch_002,cust_0304,1371.94,INR,2026-07-08T16:51:11
ord_2d87e8cda9,merch_020,cust_0064,1361.64,INR,2026-07-22T10:34:22
ord_1c9c7f31e9,merch_009,cust_0383,25217.79,INR,2026-07-20T02:07:32
ord_57a1619263,merch_025,cust_0297,403.8,INR,2026-07-23T02:20:17
ord_2a88f5cdcb,merch_004,cust_0372,46978.13,INR,2026-08-19T14:10:02
ord_7161f1e827,merch_004,cust_0345,596.75,INR,2026-08-10T08:34:01
ord_ed2115520c,merch_025,cust_0058,16697.39,INR,2026-07-15T05:03:19
ord_aec00bf824,merch_024,cust_0286,559.36,INR,2026-07-15T17:39:11
ord_27501208d8,merch_015,cust_0352,670.2,INR,2026-08-15T01:13:22
ord_af298aac38,merch_001,cust_0092,30682.64,INR,2026-07-14T17:04:05
ord_4824471536,merch_013,cust_0074,926.78,INR,2026-07-14T09:01:47
ord_8350c26649,merch_007,cust_0174,11901.94,INR,2026-07-16T10:03:23
ord_486fcb7892,merch_023,cust_0392,7733.32,INR,2026-08-12T08:36:58
ord_d5e6636ba5,merch_017,cust_0249,1175.2,INR,2026-07-14T23:44:37
ord_f22bba9420,merch_005,cust_0322,1132.92,INR,2026-07-11T02:59:03
ord_e9078bbbe2,merch_022,cust_0310,523.85,INR,2026-07-13T20:28:25
ord_af2e056af5,merch_007,cust_0239,797.06,INR,2026-08-22T12:15:25
ord_92ea4256ee,merch_025,cust_0010,702.57,INR,2026-07-16T01:36:09
ord_367ec5b8b6,merch_002,cust_0236,879.33,INR,2026-08-02T22:08:42
ord_9b4a1641d5,merch_013,cust_0367,253.13,INR,2026-08-21T03:04:22
ord_e620c4a0fd,merch_013,cust_0029,927.46,INR,2026-08-10T04:19:56
ord_e9427f8b39,merch_001,cust_0032,2846.08,INR,2026-08-09T01:47:50
ord_20a273439b,merch_021,cust_0392,236.29,INR,2026-08-07T00:14:29
ord_f4aaeec87b,merch_008,cust_0127,7721.58,INR,2026-07-10T20:37:35
ord_b591be4602,merch_011,cust_0276,1020.87,INR,2026-08-14T12:26:00
ord_380dcbafea,merch_011,cust_0012,646.42,INR,2026-08-29T02:06:42
ord_6f073b9021,merch_016,cust_0173,1170.87,INR,2026-08-06T11:11:03
ord_8bfdb217c1,merch_016,cust_0104,11728.13,INR,2026-07-11T19:30:39
ord_9ab75a2cc8,merch_013,cust_0294,8058.01,INR,2026-07-13T10:16:38
ord_f2ab5a9e47,merch_017,cust_0291,393.63,INR,2026-07-11T22:38:04
ord_0a56a782cd,merch_018,cust_0340,680.04,INR,2026-07-28T21:29:21
ord_7a32ce3b22,merch_021,cust_0010,10558.45,INR,2026-08-29T12:08:32
ord_06885c0e04,merch_018,cust_0327,10454.13,INR,2026-08-15T14:39:04
ord_c7504e37e0,merch_008,cust_0076,1059.43,INR,2026-08-02T15:41:34
ord_146cbd3bd4,merch_009,cust_0212,8283.45,INR,2026-07-29T09:33:50
ord_32734aee32,merch_001,cust_0099,1258.12,INR,2026-08-18T13:34:13
ord_b1e7ca9f9c,merch_002,cust_0332,481.8,INR,2026-07-07T07:54:19
ord_d46054c70e,merch_021,cust_0091,11619.76,INR,2026-08-20T16:05:37
ord_69af6a9584,merch_020,cust_0161,189.01,INR,2026-08-13T00:23:40
ord_2063e2a853,merch_005,cust_0371,899.36,INR,2026-08-22T01:39:48
ord_a3eff0da97,merch_016,cust_0129,3999.81,INR,2026-07-16T08:55:32
ord_6f07e2553a,merch_024,cust_0384,692.02,INR,2026-07-18T12:11:30
ord_4bdeaa0ffd,merch_009,cust_0210,2087.22,INR,2026-08-25T07:04:30
ord_2b8d69de29,merch_014,cust_0280,444.89,INR,2026-07-31T11:09:59
ord_10132d2cf5,merch_021,cust_0011,35020.96,INR,2026-07-09T19:23:44
ord_71a3285f80,merch_023,cust_0328,1237.15,INR,2026-07-16T08:24:21
ord_f8392dbe9f,merch_009,cust_0202,1410.85,INR,2026-07-27T08:39:45
ord_ef0ad48ad6,merch_011,cust_0324,9550.78,INR,2026-08-12T22:43:17
ord_a494afa998,merch_024,cust_0242,1277.63,INR,2026-08-14T12:11:02
ord_aacf816634,merch_012,cust_0034,1120.92,INR,2026-08-26T16:17:53
ord_7ce92b17eb,merch_021,cust_0329,720.77,INR,2026-07-17T17:07:04
ord_c9a2b72125,merch_003,cust_0295,449.44,INR,2026-07-17T03:08:18
ord_095e95400c,merch_024,cust_0245,342.87,INR,2026-08-31T01:50:15
ord_6dfd2c4b88,merch_012,cust_0213,1326.95,INR,2026-08-28T21:06:22
ord_8e5bce81c3,merch_021,cust_0286,3901.43,INR,2026-07-13T03:19:49
ord_cad41e34d5,merch_020,cust_0206,464.22,INR,2026-07-13T03:31:40
ord_f9a99f5f7d,merch_023,cust_0008,1182.7,INR,2026-08-17T13:12:57
ord_691ac1602a,merch_009,cust_0098,791.84,INR,2026-07-17T03:23:11
ord_7bade8cc2a,merch_024,cust_0145,5892.48,INR,2026-08-13T03:55:48
ord_ee9522b38b,merch_020,cust_0121,447.65,INR,2026-08-30T02:15:45
ord_4b632ffc3a,merch_023,cust_0166,397.1,INR,2026-08-10T17:36:33
ord_933a3617e1,merch_018,cust_0049,566.01,INR,2026-07-27T07:13:12
ord_4965e6b1fa,merch_024,cust_0364,1556.29,INR,2026-08-22T11:40:05
ord_c4105b6dd2,merch_018,cust_0068,351.12,INR,2026-07-20T23:49:03
ord_74a5cd436d,merch_011,cust_0046,6045.76,INR,2026-07-29T18:47:23
ord_9c53b25a34,merch_024,cust_0144,702.12,INR,2026-07-30T01:20:19
ord_164c903e83,merch_024,cust_0162,41019.67,INR,2026-07-19T04:28:20
ord_ecedea2d79,merch_006,cust_0118,464.31,INR,2026-08-18T20:29:54
ord_585d498871,merch_002,cust_0254,1484.35,INR,2026-08-27T22:53:08
ord_e24515df52,merch_012,cust_0064,1315.44,INR,2026-07-22T00:57:23
ord_1e2aee07ae,merch_019,cust_0340,1497.21,INR,2026-07-04T21:36:49
ord_41f4d02482,merch_016,cust_0394,10817.36,INR,2026-07-07T00:29:46
ord_8175104985,merch_019,cust_0192,16030.66,INR,2026-08-04T21:53:56
ord_20b72585ff,merch_022,cust_0363,979.7,INR,2026-07-30T15:33:26
ord_63903096cb,merch_011,cust_0232,49993.2,INR,2026-08-28T18:14:07
ord_7c0d15e108,merch_002,cust_0166,7245.14,INR,2026-08-31T23:26:27
ord_a678371373,merch_025,cust_0123,2436.48,INR,2026-07-24T17:11:38
ord_f0dacf2701,merch_025,cust_0332,17857.12,INR,2026-08-02T11:39:50
ord_3fd2459af1,merch_012,cust_0068,10236.56,INR,2026-08-23T06:34:06
ord_eae6d36f6c,merch_019,cust_0138,2447.33,INR,2026-08-14T12:34:51
ord_010346ed1e,merch_002,cust_0048,1462.58,INR,2026-07-26T06:29:39
ord_ac5d452297,merch_010,cust_0043,210.86,INR,2026-08-19T20:54:54
ord_94d6ad44d2,merch_008,cust_0154,513.67,INR,2026-07-09T03:12:53
ord_08e270dd34,merch_014,cust_0262,750.52,INR,2026-08-28T16:39:00
ord_89009acfdb,merch_017,cust_0394,1136.72,INR,2026-08-18T10:35:10
ord_7f90a01d5e,merch_014,cust_0043,4625.3,INR,2026-08-30T12:17:40
ord_4888f1b9e6,merch_011,cust_0136,45111.1,INR,2026-07-22T16:11:18
ord_f22bfc389a,merch_004,cust_0345,125.08,INR,2026-08-11T20:15:45
ord_5e325cc5bd,merch_023,cust_0236,1020.8,INR,2026-08-31T22:29:57
ord_223a541e43,merch_022,cust_0354,37653.89,INR,2026-08-02T21:14:28
ord_27b9658986,merch_001,cust_0058,3476.32,INR,2026-07-07T02:29:03
ord_be833348eb,merch_021,cust_0224,7155.12,INR,2026-07-12T20:36:45
ord_d5077468c1,merch_001,cust_0217,1363.38,INR,2026-08-16T17:32:41
ord_572192dd1c,merch_007,cust_0125,1261.23,INR,2026-08-11T12:48:17
ord_90502b64ae,merch_016,cust_0213,7756.32,INR,2026-08-27T07:37:23
ord_c7931cbdf7,merch_019,cust_0263,11320.45,INR,2026-08-20T20:53:34
ord_873c9e7723,merch_019,cust_0217,188.91,INR,2026-08-14T00:00:02
ord_a611cf32fc,merch_012,cust_0331,710.72,INR,2026-07-20T03:56:02
ord_9649abe162,merch_008,cust_0225,922.72,INR,2026-08-06T10:17:01
ord_b6b1256e8f,merch_013,cust_0365,43657.07,INR,2026-08-08T11:27:22
ord_84fc05982a,merch_010,cust_0107,2405.01,INR,2026-08-20T09:12:52
ord_7ee6055350,merch_004,cust_0252,11402.07,INR,2026-08-21T10:27:46
ord_3f40b5769b,merch_012,cust_0010,5248.96,INR,2026-07-19T21:34:39
ord_8556d38152,merch_011,cust_0033,964.59,INR,2026-07-16T05:13:24
ord_b2c52f190d,merch_002,cust_0394,7348.73,INR,2026-07-19T04:16:16
ord_15390f666e,merch_004,cust_0387,41702.79,INR,2026-09-01T16:36:03
ord_071078d429,merch_006,cust_0054,10644.13,INR,2026-08-08T14:40:43
ord_00c4201b46,merch_024,cust_0256,3120.11,INR,2026-08-08T19:34:06
ord_53faa5542f,merch_014,cust_0225,1569.17,INR,2026-08-19T11:42:56
ord_cf1eb8156d,merch_012,cust_0137,5857.59,INR,2026-07-28T07:56:34
ord_532dd898f5,merch_005,cust_0117,5840.8,INR,2026-08-13T05:45:35
ord_7cf605324e,merch_015,cust_0016,113.93,INR,2026-08-23T17:30:35
ord_8404e8e773,merch_006,cust_0396,650.57,INR,2026-07-08T02:26:04
ord_a0a62e0160,merch_014,cust_0152,1053.22,INR,2026-08-27T06:00:20
ord_9a3d593774,merch_009,cust_0005,35195.24,INR,2026-07-18T18:12:46
ord_36d654e105,merch_020,cust_0320,8823.45,INR,2026-08-12T18:33:59
ord_18fb95383f,merch_011,cust_0276,1106.43,INR,2026-07-16T17:36:51
ord_fe5468a828,merch_017,cust_0160,989.96,INR,2026-07-06T18:34:35
ord_b4dedcf44e,merch_008,cust_0133,4691.39,INR,2026-08-14T13:04:09
ord_db1eb98d64,merch_017,cust_0322,166.83,INR,2026-07-16T14:41:17
ord_269ab84053,merch_008,cust_0174,11884.5,INR,2026-08-28T09:56:13
ord_5754e17c60,merch_005,cust_0345,6956.5,INR,2026-07-28T13:01:38
ord_e494216246,merch_012,cust_0399,305.17,INR,2026-08-14T19:56:04
ord_0e76b6fec0,merch_016,cust_0067,209.3,INR,2026-08-24T14:15:51
ord_3a453c7ce9,merch_019,cust_0136,692.79,INR,2026-08-16T05:27:38
ord_65cd79f8ce,merch_017,cust_0074,1095.61,INR,2026-07-17T01:29:21
ord_3f192620b3,merch_024,cust_0017,882.64,INR,2026-07-16T00:44:41
ord_c296ba77d1,merch_002,cust_0149,264.84,INR,2026-08-03T02:31:32
ord_2e4ae3632b,merch_005,cust_0074,5928.45,INR,2026-08-03T03:05:00
ord_1f1fc9d64e,merch_018,cust_0063,1318.6,INR,2026-08-14T01:01:14
ord_63867dfb4e,merch_013,cust_0173,1108.05,INR,2026-09-01T07:24:21
ord_4c90f1332c,merch_015,cust_0390,3064.32,INR,2026-08-05T01:48:31
ord_2c23e8d337,merch_008,cust_0199,24881.92,INR,2026-07-08T22:46:03
ord_de4205a400,merch_001,cust_0363,9859.67,INR,2026-08-03T11:40:05
ord_aad765b595,merch_018,cust_0317,2055.18,INR,2026-08-28T20:45:56
ord_37f41b52d3,merch_022,cust_0062,18830.25,INR,2026-07-06T08:12:41
ord_80b81a50b9,merch_003,cust_0228,7871.98,INR,2026-08-12T12:15:24
ord_fd77845e0b,merch_006,cust_0224,1303.51,INR,2026-08-04T07:33:16
ord_549f181659,merch_006,cust_0278,355.74,INR,2026-07-13T04:50:58
ord_ca9c8bb60e,merch_020,cust_0031,18895.4,INR,2026-07-10T04:19:08
ord_64a888b055,merch_011,cust_0212,1418.21,INR,2026-07-16T05:52:18
ord_7a3668a5c3,merch_016,cust_0122,806.19,INR,2026-07-15T16:09:32
ord_31adf7fe5b,merch_003,cust_0209,670.49,INR,2026-07-27T04:39:17
ord_776c866343,merch_025,cust_0127,9744.75,INR,2026-08-03T01:47:57
ord_0fecac9da9,merch_012,cust_0073,335.46,INR,2026-07-28T07:16:03
ord_f255ef3808,merch_001,cust_0022,11591.7,INR,2026-08-01T14:00:00
ord_637a769777,merch_009,cust_0247,10314.62,INR,2026-08-10T09:49:18
ord_daf80af33d,merch_010,cust_0262,1134.86,INR,2026-08-28T04:04:30
ord_a992bfc9c4,merch_024,cust_0072,4434.31,INR,2026-08-15T10:32:43
ord_25cba0a1ed,merch_009,cust_0326,38894.66,INR,2026-07-31T00:10:00
ord_bc85482cc9,merch_015,cust_0108,24481.38,INR,2026-07-17T11:36:12
ord_e5d301ad99,merch_006,cust_0345,1353.38,INR,2026-08-20T23:23:53
ord_4326a55e7b,merch_022,cust_0016,272.78,INR,2026-08-10T01:01:14
ord_5e88a8e74e,merch_012,cust_0237,28893.95,INR,2026-07-26T00:10:50
ord_96c76a2adf,merch_020,cust_0047,9988.35,INR,2026-07-25T23:18:41
ord_546b4751aa,merch_016,cust_0144,38864.78,INR,2026-07-24T19:12:23
ord_4c86942020,merch_019,cust_0143,338.67,INR,2026-07-23T07:31:02
ord_514d1313fb,merch_005,cust_0034,897.86,INR,2026-07-26T15:11:50
ord_4c6592d2f4,merch_009,cust_0315,10772.57,INR,2026-07-04T16:33:19
ord_322a928858,merch_014,cust_0222,1052.24,INR,2026-08-18T19:13:33
ord_3365c87e51,merch_009,cust_0025,32231.59,INR,2026-08-04T04:53:49
ord_28f2e86bbe,merch_001,cust_0293,20573.86,INR,2026-08-14T15:34:21
ord_937f7e590e,merch_010,cust_0169,975.41,INR,2026-07-07T04:56:53
ord_8bb8c862d7,merch_011,cust_0321,4095.11,INR,2026-08-19T11:30:47
ord_d004649917,merch_008,cust_0267,41478.48,INR,2026-08-16T01:50:51
ord_9556aa5584,merch_002,cust_0044,26341.02,INR,2026-07-10T19:31:36
ord_debc6ac996,merch_010,cust_0029,6034.31,INR,2026-07-14T09:16:31
ord_724c4e6af7,merch_004,cust_0206,5816.63,INR,2026-08-31T17:06:46
ord_0c186ddb41,merch_020,cust_0318,1011.29,INR,2026-07-07T00:31:09
ord_5e5d7fa6e0,merch_004,cust_0056,1098.62,INR,2026-08-31T01:31:32
ord_ec6be3a41d,merch_012,cust_0132,1114.47,INR,2026-08-16T16:02:59
ord_21267d39f2,merch_010,cust_0066,6887.82,INR,2026-08-08T05:36:11
ord_c01f5f5467,merch_016,cust_0076,580.06,INR,2026-08-09T07:26:10
ord_dc2e23d951,merch_017,cust_0122,7374.22,INR,2026-07-09T19:14:39
ord_35f9e091da,merch_011,cust_0036,766.02,INR,2026-08-18T21:07:35
ord_554839486e,merch_010,cust_0316,327.19,INR,2026-08-17T14:36:02
ord_f7d2dcf2aa,merch_008,cust_0355,398.39,INR,2026-08-20T04:13:11
ord_4f394b1474,merch_006,cust_0205,1570.62,INR,2026-07-05T11:03:00
ord_73a6528547,merch_010,cust_0073,983.87,INR,2026-08-08T10:38:57
ord_2473eb5507,merch_006,cust_0146,466.8,INR,2026-07-21T10:06:44
ord_f5ae098210,merch_001,cust_0101,466.5,INR,2026-07-14T07:47:25
ord_5ec5207b87,merch_004,cust_0336,394.33,INR,2026-08-17T19:01:53
ord_5b31904aa3,merch_020,cust_0270,10723.07,INR,2026-07-10T20:20:26
ord_e72810ea2d,merch_007,cust_0098,1072.1,INR,2026-08-04T08:52:51
ord_da852cb029,merch_020,cust_0391,10471.57,INR,2026-08-02T01:29:43
ord_73ffbaa0d2,merch_017,cust_0065,45661.7,INR,2026-07-24T19:33:31
ord_5a194eebbf,merch_017,cust_0086,1335.39,INR,2026-08-22T22:25:31
ord_d1f53f9903,merch_023,cust_0165,1072.31,INR,2026-08-21T12:56:56
ord_cf26a5dddf,merch_002,cust_0333,1352.84,INR,2026-08-17T09:25:22
ord_d0a3a82eea,merch_019,cust_0194,1279.4,INR,2026-07-29T05:05:46
ord_f018e8d770,merch_017,cust_0228,917.55,INR,2026-08-18T16:07:05
ord_8cf8428227,merch_012,cust_0210,4828.71,INR,2026-08-10T14:59:19
ord_7b2a769022,merch_003,cust_0331,215.39,INR,2026-08-22T05:11:49
ord_52e8034e56,merch_003,cust_0061,864.44,INR,2026-08-05T21:42:43
ord_45c2066a48,merch_025,cust_0382,4381.88,INR,2026-09-01T03:30:04
ord_2d7bd1b946,merch_025,cust_0005,1251.23,INR,2026-08-12T16:56:53
ord_f3188e718f,merch_017,cust_0335,48156.58,INR,2026-08-12T02:15:16
ord_75d00efedf,merch_017,cust_0120,7302.46,INR,2026-08-19T00:14:22
ord_b031559990,merch_014,cust_0097,8828.38,INR,2026-07-24T20:22:04
ord_ee7053c479,merch_005,cust_0192,2847.63,INR,2026-07-05T10:33:31
ord_2c06e553ab,merch_014,cust_0116,1153.68,INR,2026-08-25T16:42:29
ord_35d2448841,merch_005,cust_0017,1433.69,INR,2026-08-05T13:32:22
ord_3507e0276d,merch_018,cust_0033,764.69,INR,2026-08-05T10:15:21
ord_3bd882280e,merch_004,cust_0088,3365.18,INR,2026-09-01T01:56:23
ord_1fc31696f6,merch_010,cust_0198,507.55,INR,2026-08-24T09:55:49
ord_1e242d657a,merch_006,cust_0006,1373.74,INR,2026-08-11T11:20:28
ord_811eec0677,merch_016,cust_0215,5584.43,INR,2026-07-24T13:07:57
ord_b0e32b5fc7,merch_022,cust_0364,945.19,INR,2026-08-03T15:05:00
ord_622e242b73,merch_001,cust_0104,28937.8,INR,2026-08-12T06:17:21
ord_1930addc34,merch_015,cust_0236,9241.55,INR,2026-08-01T10:52:59
ord_e03354a378,merch_006,cust_0314,351.41,INR,2026-09-02T11:25:49
ord_24465dd63d,merch_013,cust_0049,1958.48,INR,2026-07-19T20:00:31
ord_1549457554,merch_003,cust_0342,9085.3,INR,2026-07-25T14:14:25
ord_d943939f78,merch_003,cust_0189,6796.15,INR,2026-08-05T03:39:56
ord_b7e217e38d,merch_002,cust_0260,202.47,INR,2026-08-18T08:18:51
ord_dc427430c2,merch_002,cust_0204,260.56,INR,2026-07-17T18:01:22
ord_31845c7f44,merch_003,cust_0237,1019.83,INR,2026-08-15T23:58:12
ord_262a72b856,merch_001,cust_0088,3360.98,INR,2026-07-16T13:17:37
ord_34123e44be,merch_015,cust_0079,403.34,INR,2026-07-07T20:15:44
ord_4b77cfdaf6,merch_022,cust_0329,10918.6,INR,2026-08-11T10:12:24
ord_03fd74c65a,merch_025,cust_0025,382.43,INR,2026-07-28T17:50:33
ord_0435a5b4e1,merch_014,cust_0009,120.38,INR,2026-07-23T03:44:46
ord_3a1897fc44,merch_006,cust_0371,817.5,INR,2026-08-05T06:17:41
ord_888a0db366,merch_018,cust_0107,699.03,INR,2026-07-27T01:33:00
ord_412b03a23d,merch_013,cust_0008,1625.8,INR,2026-07-25T03:47:06
ord_8900371048,merch_002,cust_0189,405.99,INR,2026-08-02T18:37:32
ord_f8c85163d2,merch_006,cust_0292,232.64,INR,2026-08-04T23:48:00
ord_cfbb03a15c,merch_021,cust_0090,8720.06,INR,2026-08-20T07:26:42
ord_d8d791267c,merch_013,cust_0230,1138.54,INR,2026-08-22T09:03:13
ord_48d321d97d,merch_008,cust_0159,9451.08,INR,2026-07-12T04:59:28
ord_3b67f7f63f,merch_005,cust_0104,998.85,INR,2026-07-27T14:43:45
ord_096a20dfc5,merch_011,cust_0143,9485.19,INR,2026-08-24T01:43:18
ord_eeeb410114,merch_024,cust_0118,439.15,INR,2026-08-25T20:41:14
ord_52d23ca3b2,merch_013,cust_0312,356.96,INR,2026-07-05T02:04:49
ord_007b17dfbe,merch_021,cust_0027,47654.43,INR,2026-07-16T16:34:42
ord_47f718f85a,merch_017,cust_0121,1114.98,INR,2026-08-03T17:45:40
ord_161e11b432,merch_020,cust_0091,499.49,INR,2026-08-17T00:32:51
ord_0f6890960e,merch_013,cust_0185,759.0,INR,2026-08-14T12:57:21
ord_518823857e,merch_013,cust_0391,216.53,INR,2026-08-02T15:35:24
ord_92967bf1d4,merch_015,cust_0195,496.52,INR,2026-08-28T01:53:09
ord_b35a23e930,merch_007,cust_0241,365.48,INR,2026-07-05T17:54:21
ord_695aac7efe,merch_012,cust_0381,530.94,INR,2026-08-30T14:51:33
ord_6c0e26909e,merch_019,cust_0198,1168.13,INR,2026-07-29T06:47:42
ord_7f245e0869,merch_002,cust_0357,11228.45,INR,2026-07-28T11:03:59
ord_b6d927f402,merch_022,cust_0358,4243.97,INR,2026-08-17T17:19:25
ord_2ba52e56eb,merch_006,cust_0340,1179.36,INR,2026-08-10T19:35:42
ord_f6d18d9842,merch_014,cust_0097,697.62,INR,2026-08-02T20:13:21
ord_55d95b098f,merch_021,cust_0056,9874.11,INR,2026-07-18T08:32:47
ord_712590c036,merch_006,cust_0004,1516.58,INR,2026-07-11T06:44:32
ord_64b55bd03f,merch_006,cust_0088,1085.67,INR,2026-07-23T17:25:16
ord_3287a8c6a0,merch_007,cust_0291,182.57,INR,2026-07-22T05:47:25
ord_b7510e86e3,merch_020,cust_0321,991.01,INR,2026-07-12T05:58:13
ord_f29234d076,merch_011,cust_0033,428.69,INR,2026-08-20T14:35:05
ord_2961eb51e7,merch_022,cust_0004,11870.0,INR,2026-07-13T21:39:28
ord_88e11b044f,merch_017,cust_0309,40931.83,INR,2026-08-20T16:17:24
ord_e97137b226,merch_012,cust_0173,5102.31,INR,2026-08-04T02:31:28
ord_bb51aaa9f7,merch_002,cust_0313,45176.94,INR,2026-07-14T05:25:48
ord_a1390c0ba4,merch_020,cust_0014,842.88,INR,2026-07-28T15:08:04
ord_02df9c46fd,merch_022,cust_0212,1480.65,INR,2026-08-04T18:44:31
ord_cb9ca0200d,merch_015,cust_0348,778.35,INR,2026-09-01T23:26:37
ord_9d8fba967a,merch_013,cust_0376,373.11,INR,2026-07-18T09:35:25
ord_aab2900f3c,merch_022,cust_0155,49514.35,INR,2026-08-18T19:43:47
ord_b57143fb29,merch_018,cust_0340,396.3,INR,2026-07-13T04:23:28
ord_d3c3186a35,merch_013,cust_0168,3813.95,INR,2026-07-29T12:19:04
ord_ecf7c2297d,merch_021,cust_0274,2449.64,INR,2026-08-05T19:28:58
ord_0c07802dac,merch_011,cust_0330,1104.42,INR,2026-08-10T13:18:36
ord_fdc69277e5,merch_010,cust_0060,224.8,INR,2026-08-30T23:55:37
ord_3a64dfacb7,merch_005,cust_0189,11517.72,INR,2026-08-29T12:18:49
ord_3f80afe0e7,merch_013,cust_0098,24146.43,INR,2026-08-08T22:34:01
ord_96573b4972,merch_004,cust_0114,853.61,INR,2026-08-18T05:16:56
ord_2a39c14ae3,merch_016,cust_0113,3047.97,INR,2026-08-01T00:21:11
ord_be580f266b,merch_010,cust_0164,1064.04,INR,2026-07-31T01:11:26
ord_5bca3df8fc,merch_023,cust_0150,14234.88,INR,2026-08-05T20:16:59
ord_2fc3f944db,merch_024,cust_0359,1311.6,INR,2026-07-21T21:08:50
ord_3a377350e9,merch_018,cust_0012,691.41,INR,2026-08-19T11:09:08
ord_a4b8e2dd56,merch_024,cust_0271,1074.93,INR,2026-07-23T10:35:51
ord_c464f96d63,merch_002,cust_0298,8950.67,INR,2026-08-17T22:07:40
ord_169ee8a716,merch_005,cust_0150,1226.1,INR,2026-07-23T11:54:33
ord_6fb7544132,merch_005,cust_0348,1475.78,INR,2026-07-20T19:59:16
ord_0cf5141744,merch_002,cust_0092,821.61,INR,2026-08-06T08:43:44
ord_73e816ad48,merch_004,cust_0018,784.08,INR,2026-08-31T09:08:34
ord_439825262e,merch_015,cust_0399,8328.26,INR,2026-07-31T05:17:59
ord_9f689c6a05,merch_004,cust_0043,1036.31,INR,2026-08-22T23:48:00
ord_3189da37e6,merch_016,cust_0294,1143.5,INR,2026-08-31T01:30:29
ord_f8f663cf22,merch_005,cust_0293,188.9,INR,2026-08-25T16:29:29
ord_d0769d77b6,merch_018,cust_0285,7065.92,INR,2026-07-10T16:58:17
ord_cad8d33cc0,merch_020,cust_0093,1555.9,INR,2026-08-16T22:07:41
ord_47b53c691d,merch_021,cust_0106,887.49,INR,2026-07-07T21:34:05
ord_1646cbf574,merch_018,cust_0187,1467.94,INR,2026-07-04T12:11:57
ord_81d5529982,merch_018,cust_0338,907.9,INR,2026-08-03T21:11:37
ord_043a8cc787,merch_004,cust_0353,1969.72,INR,2026-07-08T01:35:46
ord_6667cb1218,merch_005,cust_0111,3768.42,INR,2026-08-08T08:40:56
ord_121d3ec86e,merch_018,cust_0039,634.5,INR,2026-07-20T08:33:42
ord_608cb8c9d8,merch_005,cust_0356,198.78,INR,2026-07-30T15:44:48
ord_3279ddc688,merch_006,cust_0310,314.89,INR,2026-08-15T14:25:28
ord_7ce31fee48,merch_009,cust_0040,253.99,INR,2026-08-26T17:47:30
ord_b3ede93d7c,merch_011,cust_0186,3036.46,INR,2026-07-26T10:04:18
ord_7b796cf977,merch_013,cust_0114,41743.88,INR,2026-07-16T11:47:02
ord_63b92f02f9,merch_004,cust_0251,1080.64,INR,2026-07-31T21:05:59
ord_c8a69e87ef,merch_025,cust_0163,583.24,INR,2026-08-25T02:54:33
ord_cc069aa9e3,merch_022,cust_0005,317.69,INR,2026-07-16T18:27:34
ord_0c03b314a7,merch_021,cust_0372,38885.09,INR,2026-07-28T16:28:19
ord_d2d51b2d48,merch_015,cust_0182,486.15,INR,2026-08-15T00:45:53
ord_db58c7d3f1,merch_025,cust_0209,226.2,INR,2026-07-12T05:11:23
ord_1c49a7857e,merch_002,cust_0295,500.19,INR,2026-08-21T08:25:29
ord_c97610dbcc,merch_005,cust_0375,821.02,INR,2026-08-25T04:36:13
ord_fbe3459ede,merch_001,cust_0382,8877.21,INR,2026-08-07T00:02:58
ord_ae4d180247,merch_020,cust_0022,335.95,INR,2026-08-24T07:52:53
ord_42047540fc,merch_012,cust_0264,28063.45,INR,2026-08-10T07:21:17
ord_a48716b0a2,merch_008,cust_0348,10433.16,INR,2026-07-15T22:38:46
ord_f6bbb4bf9c,merch_001,cust_0110,7472.84,INR,2026-07-25T14:43:33
ord_e6d0acbff4,merch_020,cust_0238,2103.72,INR,2026-07-05T01:43:38
ord_6afcc20075,merch_012,cust_0003,3454.66,INR,2026-08-07T22:07:12
ord_f44d169120,merch_017,cust_0044,315.19,INR,2026-07-16T12:34:27
ord_f92119c37c,merch_008,cust_0129,624.03,INR,2026-08-08T21:20:11
ord_6493a8ae22,merch_015,cust_0056,6113.25,INR,2026-07-18T01:55:51
ord_5b2ba39aac,merch_007,cust_0364,498.86,INR,2026-07-17T11:29:51
ord_033cf26721,merch_022,cust_0083,771.01,INR,2026-07-30T07:21:28
ord_6f3dce77cd,merch_023,cust_0350,1151.53,INR,2026-08-12T07:46:43
ord_01ece8ed93,merch_005,cust_0011,800.0,INR,2026-07-27T11:05:47
ord_2ea7d70a3f,merch_024,cust_0306,772.27,INR,2026-07-31T21:37:41
ord_04532c5d53,merch_005,cust_0317,3462.03,INR,2026-07-31T19:06:03
ord_b5bd20e440,merch_016,cust_0102,10004.5,INR,2026-08-22T06:31:22
ord_419396feb0,merch_004,cust_0118,153.71,INR,2026-07-23T03:48:20
ord_833026e862,merch_002,cust_0047,834.96,INR,2026-07-26T23:15:55
ord_1934cece84,merch_014,cust_0262,4695.04,INR,2026-07-30T15:23:19
ord_6449ac60ce,merch_011,cust_0127,3408.39,INR,2026-07-04T13:14:55
ord_13b396ec40,merch_016,cust_0147,949.13,INR,2026-08-15T08:05:14
ord_82a0a51f90,merch_010,cust_0172,1036.53,INR,2026-08-27T01:42:47
ord_764eb2f136,merch_020,cust_0271,1010.35,INR,2026-07-24T21:24:47
ord_8d8bda627f,merch_024,cust_0323,1930.91,INR,2026-07-22T23:44:32
ord_ebcb58f160,merch_020,cust_0280,1115.49,INR,2026-07-24T02:41:31
ord_27b1a612ac,merch_023,cust_0282,1327.91,INR,2026-08-27T21:42:03
ord_51a1f402c7,merch_003,cust_0224,833.27,INR,2026-08-22T10:06:03
ord_73fe1eda32,merch_002,cust_0149,14310.15,INR,2026-07-22T23:10:37
ord_7b8c072222,merch_006,cust_0039,812.99,INR,2026-08-28T02:43:00
ord_30399cf10e,merch_001,cust_0095,404.93,INR,2026-07-05T08:38:54
ord_4ce00457c9,merch_008,cust_0156,475.92,INR,2026-07-16T01:31:51
ord_7a433f83c0,merch_002,cust_0150,11391.48,INR,2026-07-31T11:13:10
ord_ed25838dd1,merch_018,cust_0108,1008.1,INR,2026-09-01T06:07:26
ord_8e2998faa7,merch_005,cust_0370,956.07,INR,2026-08-05T00:27:16
ord_a600f9acb4,merch_024,cust_0113,18715.94,INR,2026-07-06T00:26:25
ord_7fec077cb5,merch_021,cust_0321,3664.67,INR,2026-08-16T10:21:55
ord_2b1d5c7d07,merch_025,cust_0323,724.48,INR,2026-08-15T15:04:06
ord_a4448aeed9,merch_006,cust_0254,1241.84,INR,2026-07-21T14:22:02
ord_1a14efc155,merch_010,cust_0011,348.83,INR,2026-08-11T18:32:46
ord_30598d53af,merch_015,cust_0126,48874.65,INR,2026-07-14T05:33:42
ord_25f9980e7c,merch_013,cust_0052,254.05,INR,2026-07-05T19:34:42
ord_1a8a65b0d7,merch_005,cust_0138,34786.21,INR,2026-07-05T09:53:40
ord_91fd53b64f,merch_005,cust_0104,887.99,INR,2026-08-16T15:21:18
ord_03d9deb12d,merch_002,cust_0125,474.44,INR,2026-08-26T06:42:35
ord_1b73409968,merch_010,cust_0279,1341.04,INR,2026-08-13T19:41:00
ord_bf92afd852,merch_014,cust_0117,594.63,INR,2026-08-01T08:24:00
ord_f72fe99f66,merch_006,cust_0252,20531.85,INR,2026-07-31T20:40:29
ord_34eca48c2b,merch_003,cust_0185,7847.32,INR,2026-07-21T18:55:40
ord_94705f76b6,merch_014,cust_0348,1034.18,INR,2026-08-02T18:41:40
ord_d0397f3f5c,merch_022,cust_0256,471.56,INR,2026-07-11T21:57:13
ord_d04e7240af,merch_005,cust_0164,1109.88,INR,2026-08-19T22:49:38
ord_242c8efce3,merch_009,cust_0373,552.27,INR,2026-07-16T21:10:47
ord_3a9a757995,merch_014,cust_0254,1461.99,INR,2026-08-31T22:09:47
ord_5b34de8969,merch_013,cust_0126,795.94,INR,2026-08-25T07:46:32
ord_cd6b71ef57,merch_019,cust_0043,7032.93,INR,2026-07-25T19:05:06
ord_e6a09b3cba,merch_012,cust_0009,11554.97,INR,2026-07-15T04:40:58
ord_543b4dc550,merch_015,cust_0151,1294.64,INR,2026-08-14T09:10:49
ord_5dfaaefa3d,merch_005,cust_0383,1074.09,INR,2026-07-18T09:23:33
ord_4dfb6e74b9,merch_023,cust_0028,914.25,INR,2026-08-19T19:05:11
ord_40b408bae2,merch_008,cust_0041,896.86,INR,2026-08-13T22:30:12
ord_741db2149b,merch_017,cust_0384,4644.83,INR,2026-08-13T10:55:00
ord_94982e787b,merch_005,cust_0057,999.44,INR,2026-09-01T03:49:35
ord_1412dfa655,merch_022,cust_0217,29263.27,INR,2026-07-29T13:18:36
ord_57715b8d0a,merch_003,cust_0140,1469.1,INR,2026-07-16T15:34:54
ord_7a09b6f6bf,merch_006,cust_0201,11747.87,INR,2026-09-01T05:56:47
ord_2bce68792a,merch_021,cust_0161,10186.16,INR,2026-07-20T12:04:06
ord_b593547e54,merch_004,cust_0139,607.78,INR,2026-08-06T01:42:20
ord_f0328d6344,merch_003,cust_0055,115.37,INR,2026-08-03T12:18:07
ord_d62ff6167f,merch_003,cust_0138,33462.28,INR,2026-08-28T05:36:28
ord_0c83da67fc,merch_001,cust_0159,40563.82,INR,2026-08-12T03:43:30
ord_f32ce9a20a,merch_023,cust_0067,4978.84,INR,2026-08-22T09:25:21
ord_c5468486ce,merch_013,cust_0301,1316.34,INR,2026-07-08T03:10:03
ord_8b5a1e4fed,merch_003,cust_0321,20799.66,INR,2026-07-25T10:29:39
ord_2860da1d4f,merch_024,cust_0265,6994.51,INR,2026-08-06T15:33:19
ord_6899f00231,merch_020,cust_0185,6024.47,INR,2026-08-11T03:15:11
ord_dbb392fc07,merch_005,cust_0039,11941.25,INR,2026-07-13T22:58:21
ord_6b8e3ca4cb,merch_003,cust_0281,736.73,INR,2026-07-20T23:28:14
ord_cfbeca8df1,merch_012,cust_0187,350.86,INR,2026-08-18T05:36:16
ord_46ce324f22,merch_005,cust_0333,48923.86,INR,2026-08-20T21:43:33
ord_d2207a53be,merch_020,cust_0210,16901.4,INR,2026-08-09T02:32:53
ord_be47a0b06b,merch_009,cust_0231,11908.11,INR,2026-07-08T15:26:28
ord_dc813a2a57,merch_005,cust_0005,4551.94,INR,2026-07-19T20:38:46
ord_d9e53ea02a,merch_022,cust_0237,752.23,INR,2026-08-25T10:54:36
ord_559c7af5bd,merch_013,cust_0056,3594.45,INR,2026-08-05T09:58:28
ord_6908b63fae,merch_023,cust_0109,2700.43,INR,2026-08-17T15:14:42
ord_e8a48e627c,merch_007,cust_0328,143.85,INR,2026-08-31T20:36:42
ord_294e885284,merch_016,cust_0221,396.09,INR,2026-07-06T17:27:37
ord_89e48b2f3a,merch_003,cust_0073,214.39,INR,2026-08-17T07:53:13
ord_0712ae2112,merch_003,cust_0028,5999.61,INR,2026-08-02T07:50:19
ord_ea5f5de533,merch_018,cust_0244,3187.24,INR,2026-08-15T21:46:49
ord_3749587976,merch_018,cust_0006,7769.85,INR,2026-07-12T01:18:26
ord_86fa36d278,merch_015,cust_0078,30978.94,INR,2026-08-04T05:17:01
ord_d46eee1806,merch_024,cust_0267,730.78,INR,2026-07-16T16:56:32
ord_bf10611a6a,merch_007,cust_0019,3470.4,INR,2026-08-26T12:28:23
ord_9c23f5683e,merch_007,cust_0108,33919.78,INR,2026-07-05T21:29:12
ord_0807c6f625,merch_017,cust_0158,2809.83,INR,2026-08-21T23:03:31
ord_48316a07c5,merch_014,cust_0278,1171.11,INR,2026-07-15T12:11:40
ord_c3d584ea0a,merch_020,cust_0284,710.23,INR,2026-08-01T04:09:47
ord_6185c2b51a,merch_004,cust_0045,123.0,INR,2026-08-13T10:21:03
ord_2dfb71fca1,merch_021,cust_0052,913.73,INR,2026-07-07T16:02:46
ord_32185c9555,merch_015,cust_0398,2702.26,INR,2026-08-19T02:11:14
ord_268e0e73d1,merch_023,cust_0331,5655.99,INR,2026-08-09T20:58:59
ord_54fcffeec2,merch_014,cust_0158,1543.65,INR,2026-08-13T17:59:13
ord_b424c207d8,merch_017,cust_0192,7799.43,INR,2026-08-06T00:48:58
ord_e513002f24,merch_013,cust_0285,1002.21,INR,2026-07-09T12:11:32
ord_35fe1818ef,merch_006,cust_0373,545.37,INR,2026-07-19T21:12:01
ord_bf3a07026b,merch_021,cust_0061,5616.13,INR,2026-07-29T18:22:48
ord_62610cd8e1,merch_001,cust_0048,980.45,INR,2026-08-31T02:27:42
ord_a3e2069935,merch_019,cust_0041,1139.28,INR,2026-07-17T04:11:56
ord_37bb21334e,merch_021,cust_0123,4617.69,INR,2026-08-25T11:36:45
ord_7882e34683,merch_002,cust_0338,1408.97,INR,2026-07-06T17:55:19
ord_aba66ffe74,merch_004,cust_0063,466.79,INR,2026-07-22T00:53:34
ord_5c0a13f793,merch_013,cust_0107,1213.62,INR,2026-08-13T16:05:45
ord_89aadebe6f,merch_014,cust_0352,539.02,INR,2026-08-17T06:37:23
ord_a89acaf81e,merch_019,cust_0338,10475.49,INR,2026-07-15T21:06:44
ord_662341283f,merch_018,cust_0308,830.45,INR,2026-07-29T05:01:49
ord_c8b2e79f01,merch_017,cust_0012,313.28,INR,2026-08-08T22:15:24
ord_614c5be5e1,merch_008,cust_0071,1068.24,INR,2026-07-16T18:57:12
ord_99f1da0a62,merch_023,cust_0179,4590.37,INR,2026-08-21T15:18:06
ord_faca89e4f4,merch_006,cust_0129,1284.45,INR,2026-07-31T18:58:13
ord_75c562283b,merch_010,cust_0301,388.16,INR,2026-08-20T20:43:49
ord_1757b6d293,merch_009,cust_0383,8040.57,INR,2026-09-01T11:06:05
ord_65ab76d144,merch_021,cust_0192,6218.74,INR,2026-07-07T18:39:59
ord_3b35de45d7,merch_017,cust_0331,141.92,INR,2026-07-21T23:12:26
ord_0a24f67f92,merch_003,cust_0126,620.32,INR,2026-07-18T13:58:00
ord_31b035b6ff,merch_023,cust_0006,751.53,INR,2026-08-04T17:17:31
ord_1cc9fffa5a,merch_007,cust_0309,244.09,INR,2026-07-31T11:53:59
ord_1b18f83675,merch_011,cust_0163,169.52,INR,2026-08-21T10:57:00
ord_53e7b288d5,merch_004,cust_0062,942.0,INR,2026-08-30T21:31:42
ord_912151f6cd,merch_021,cust_0010,7545.47,INR,2026-07-04T22:49:41
ord_2c8358ab58,merch_017,cust_0274,1002.69,INR,2026-07-11T05:50:23
ord_a42406c2eb,merch_010,cust_0371,1155.17,INR,2026-08-12T08:52:11
ord_9b5891f5b7,merch_002,cust_0314,1075.04,INR,2026-08-17T15:15:08
ord_b256401ecc,merch_004,cust_0317,166.97,INR,2026-07-05T12:13:28
ord_39d1f1873e,merch_024,cust_0353,338.27,INR,2026-07-23T01:26:03
ord_9a4d733e92,merch_002,cust_0353,1198.92,INR,2026-07-15T06:11:27
ord_611ea3e165,merch_023,cust_0169,10031.1,INR,2026-07-30T16:56:26
ord_a7672176bc,merch_005,cust_0062,307.2,INR,2026-08-30T05:07:20
ord_735ed68ca7,merch_008,cust_0271,8443.32,INR,2026-07-31T17:42:33
ord_fd6ac14d4b,merch_009,cust_0048,8969.5,INR,2026-08-07T18:34:19
ord_559f50ec64,merch_016,cust_0039,118.38,INR,2026-07-25T11:37:55
ord_b9fb3dc5df,merch_011,cust_0054,926.73,INR,2026-08-24T17:30:04
ord_413366af79,merch_005,cust_0336,2609.43,INR,2026-07-17T03:03:46
ord_5cd5a21a1a,merch_017,cust_0318,660.29,INR,2026-07-11T03:56:28
ord_f17d21d2d8,merch_004,cust_0332,1326.67,INR,2026-07-15T04:46:57
ord_d4d75610b9,merch_001,cust_0137,843.24,INR,2026-08-07T16:07:07
ord_f087bc3d90,merch_014,cust_0182,655.7,INR,2026-08-15T07:56:58
ord_834f53d406,merch_002,cust_0051,9186.02,INR,2026-08-14T12:42:08
ord_40fea347f5,merch_009,cust_0305,791.06,INR,2026-08-15T14:16:49
ord_5df88a20ad,merch_004,cust_0113,149.96,INR,2026-07-30T08:14:24
ord_efbcfe8ad3,merch_020,cust_0116,5747.87,INR,2026-08-11T15:29:21
ord_befda5719a,merch_006,cust_0106,5150.15,INR,2026-08-01T11:04:16
ord_58b611d3f5,merch_023,cust_0258,9260.45,INR,2026-07-27T16:01:25
