settlement_id,merchant_id,settlement_date,gross_amount,fee_amount,tax_amount,net_amount
sett_bac5b4c642,merch_023,2026-08-16T00:00:00,31863.51,637.27,114.7,26630.56
sett_64ffab5645,merch_018,2026-08-22T00:00:00,15990.86,319.82,57.57,15613.47
sett_dcc6105ab2,merch_020,2026-08-09T00:00:00,2217.62,44.35,7.98,2165.29
sett_9c1924542a,merch_019,2026-08-08T00:00:00,6243.17,124.87,22.48,6095.82
sett_eb79d6acba,merch_014,2026-08-20T00:00:00,21089.46,421.78,75.92,18904.58
sett_454961fecd,merch_009,2026-08-28T00:00:00,4729.26,94.58,17.04,4617.64
sett_705ae64c5a,merch_006,2026-08-24T00:00:00,40723.99,814.48,146.61,39762.9
sett_5ebacb3627,merch_015,2026-07-23T00:00:00,667.07,13.34,2.4,651.33
sett_005760c62e,merch_024,2026-08-31T00:00:00,3571.91,71.44,12.86,3487.61
sett_0c20f81711,merch_025,2026-08-30T00:00:00,10782.75,215.65,38.82,10528.28
sett_0b8091ffc2,merch_011,2026-08-22T00:00:00,259.54,5.19,0.93,253.42
sett_14957842bc,merch_004,2026-09-03T00:00:00,1283.72,25.67,4.62,1253.43
sett_0f7797b946,merch_021,2026-07-21T00:00:00,28769.08,575.38,103.57,28090.13
sett_94c2e0aab4,merch_017,2026-08-22T00:00:00,8605.74,172.12,30.99,8402.63
sett_958fa60709,merch_006,2026-08-22T00:00:00,7439.33,148.79,26.78,7263.76
sett_b05192c61d,merch_018,2026-08-17T00:00:00,1936.91,38.74,6.97,1891.2
sett_8f6394c4bc,merch_002,2026-07-13T00:00:00,588.01,11.76,2.12,574.13
sett_1ddf7adb3f,merch_024,2026-09-02T00:00:00,5181.62,103.63,18.65,5059.34
sett_49aef2d66b,merch_002,2026-09-01T00:00:00,7088.95,141.78,25.52,6921.65
sett_494cc35014,merch_009,2026-07-14T00:00:00,31547.77,630.96,113.57,30803.24
sett_f456ef0855,merch_021,2026-07-29T00:00:00,42514.89,850.3,153.05,41511.54
sett_6eba3291d2,merch_005,2026-08-14T00:00:00,19458.69,389.18,70.06,14677.92
sett_9f9e1d9d69,merch_024,2026-08-10T00:00:00,1886.89,37.74,6.79,539.63
sett_a82ab42547,merch_025,2026-08-19T00:00:00,2762.5,55.25,9.94,1191.7
sett_53f40b1f89,merch_014,2026-08-05T00:00:00,6694.51,133.89,24.1,6536.52
sett_4d15a765f7,merch_023,2026-08-03T00:00:00,45521.62,910.43,163.88,44447.31
sett_b2a9f39f18,merch_012,2026-07-21T00:00:00,1331.3,26.62,4.79,1299.89
sett_87372a519f,merch_022,2026-08-07T00:00:00,111.29,2.23,0.4,108.66
sett_43ce38656e,merch_003,2026-07-15T00:00:00,225.06,4.5,0.81,219.75
sett_2fa1818ab1,merch_025,2026-07-19T00:00:00,10946.93,218.93,39.41,6.37
sett_a4873b64ca,merch_006,2026-07-20T00:00:00,35952.02,719.04,129.42,35103.56
sett_da924a8b99,merch_004,2026-08-11T00:00:00,1292.6,25.86,4.65,1262.09
sett_4ebbca3a08,merch_009,2026-09-01T00:00:00,4105.75,82.11,14.78,4008.86
sett_e98d40475b,merch_017,2026-08-12T00:00:00,3480.79,69.62,12.53,3398.64
sett_d7232dd72c,merch_004,2026-07-12T00:00:00,993.32,19.87,3.58,969.87
sett_d5476c9774,merch_019,2026-07-22T00:00:00,864.9,17.3,3.11,-20.41
sett_fe66c02365,merch_003,2026-07-11T00:00:00,402.04,8.04,1.45,392.55
sett_67f164d83c,merch_023,2026-08-26T00:00:00,996.75,19.93,3.59,973.23
sett_8d9df56ffe,merch_007,2026-08-06T00:00:00,17904.33,358.09,64.46,17481.78
sett_f8af62a570,merch_004,2026-08-16T00:00:00,1808.24,36.16,6.51,1765.57
sett_069d9c7f26,merch_003,2026-07-10T00:00:00,815.09,16.3,2.93,795.86
sett_37219b582b,merch_009,2026-07-16T00:00:00,10889.82,217.8,39.2,10632.82
sett_1e76f1d0f0,merch_008,2026-07-20T00:00:00,609.57,12.19,2.19,595.19
sett_1429000de5,merch_024,2026-07-29T00:00:00,3857.41,77.15,13.89,3766.37
sett_b46ab605a7,merch_019,2026-07-10T00:00:00,802.86,16.06,2.89,783.91
sett_65288942ea,merch_007,2026-07-29T00:00:00,1198.31,23.97,4.31,1170.03
sett_78068c8a3b,merch_023,2026-07-05T00:00:00,11485.4,229.71,41.35,11214.34
sett_15b1b123be,merch_017,2026-07-11T00:00:00,29401.94,588.04,105.85,28708.05
sett_0ad47b9418,merch_017,2026-08-19T00:00:00,3408.08,68.16,12.26,2461.3
sett_c4b7863b92,merch_013,2026-08-16T00:00:00,894.95,17.9,3.22,873.83
sett_9f57f01b82,merch_023,2026-08-18T00:00:00,7925.21,158.5,28.53,7738.18
sett_d486c0352d,merch_025,2026-07-21T00:00:00,3131.81,62.64,11.28,3057.89
sett_e360900dfe,merch_012,2026-08-04T00:00:00,19890.18,397.8,71.6,13543.08
sett_892c2bd8a0,merch_022,2026-09-02T00:00:00,1915.02,38.3,6.89,1869.83
sett_ccca9aeae2,merch_023,2026-08-24T00:00:00,598.04,11.96,2.15,583.93
sett_da6b6a8985,merch_004,2026-07-27T00:00:00,1262.52,25.25,4.54,1232.73
sett_41f5c37f45,merch_021,2026-08-31T00:00:00,17357.49,347.15,62.49,16947.85
sett_f13f3e591d,merch_007,2026-07-18T00:00:00,29349.25,586.99,105.66,28656.6
sett_9cefab750f,merch_015,2026-08-16T00:00:00,2550.13,51.0,9.18,2489.95
sett_dabaadf1e2,merch_012,2026-08-01T00:00:00,8096.62,161.93,29.14,7905.55
sett_a1aadedbc5,merch_014,2026-08-25T00:00:00,1338.51,26.77,4.82,1306.92
sett_dc6f4db7ce,merch_023,2026-08-21T00:00:00,862.32,17.25,3.1,841.97
sett_be2104ca76,merch_009,2026-07-26T00:00:00,546.43,10.93,1.97,533.53
sett_0621a5c455,merch_018,2026-07-10T00:00:00,11131.22,222.62,40.07,10868.53
sett_085d8e5036,merch_006,2026-08-09T00:00:00,19196.55,383.92,69.11,18743.52
sett_c411272df2,merch_005,2026-08-22T00:00:00,3476.45,69.53,12.52,1502.28
sett_d7f1078bb9,merch_008,2026-08-20T00:00:00,1709.24,34.18,6.15,1668.91
sett_967e5e9c5a,merch_025,2026-08-09T00:00:00,836.81,16.74,3.01,817.06
sett_91e9ed45e5,merch_011,2026-07-20T00:00:00,291.03,5.82,1.05,284.16
sett_a5f0ea4772,merch_023,2026-09-03T00:00:00,38355.3,767.11,138.08,37450.11
sett_dfa8a6fa19,merch_010,2026-07-22T00:00:00,4592.43,91.85,16.53,4484.05
sett_7b0db31503,merch_019,2026-09-02T00:00:00,943.34,18.87,3.4,921.07
sett_f44f54a13f,merch_011,2026-08-05T00:00:00,3998.96,79.98,14.4,-94.38
sett_8a3b0296f3,merch_001,2026-07-12T00:00:00,1881.69,37.64,6.78,1837.27
sett_1a6b55bf59,merch_013,2026-07-21T00:00:00,687.51,13.75,2.48,671.28
sett_4396a505c7,merch_013,2026-08-30T00:00:00,920.73,18.42,3.32,127.71
sett_fb6c59fbda,merch_003,2026-07-14T00:00:00,1357.37,27.15,4.89,1325.33
sett_1aad053b3a,merch_001,2026-09-02T00:00:00,1015.09,20.3,3.65,991.14
sett_b1a1b1711c,merch_007,2026-08-26T00:00:00,875.76,17.52,3.15,855.09
sett_448dddde80,merch_010,2026-07-16T00:00:00,31066.99,621.34,111.84,30333.81
sett_01f200c38c,merch_009,2026-07-23T00:00:00,861.78,17.24,3.1,841.44
sett_ffa237eecc,merch_002,2026-07-27T00:00:00,3048.62,60.97,10.97,2976.68
sett_2f1fc6f109,merch_022,2026-08-31T00:00:00,858.03,17.16,3.09,-20.25
sett_b09230518c,merch_018,2026-08-30T00:00:00,11331.8,226.64,40.8,11064.36
sett_4860dfacc2,merch_006,2026-07-17T00:00:00,42721.51,854.43,153.8,41713.28
sett_f74ec773da,merch_005,2026-07-12T00:00:00,8903.27,178.07,32.05,8693.15
sett_ac9e276c05,merch_019,2026-07-15T00:00:00,11630.73,232.61,41.87,11356.25
sett_699fd7a04d,merch_020,2026-07-09T00:00:00,13782.98,275.66,49.62,13457.7
sett_cd31ff0f93,merch_016,2026-07-27T00:00:00,8690.95,173.82,31.29,-205.11
sett_e12b36335e,merch_024,2026-07-23T00:00:00,2934.69,58.7,10.56,2865.43
sett_b10a8c65f5,merch_005,2026-08-29T00:00:00,8174.41,163.49,29.43,976.48
sett_15dc29bc65,merch_002,2026-07-24T00:00:00,1385.24,27.7,4.99,1352.55
sett_222e565845,merch_021,2026-07-28T00:00:00,37884.63,757.69,136.38,-894.07
sett_007fbc1252,merch_019,2026-07-30T00:00:00,6282.74,125.65,22.61,6134.48
sett_d469b54aec,merch_019,2026-07-26T00:00:00,10783.28,215.67,38.82,10528.79
sett_a117c9f253,merch_001,2026-07-06T00:00:00,12059.88,241.2,43.42,11775.26
sett_9df4957bf1,merch_008,2026-08-04T00:00:00,1227.12,24.54,4.42,1198.16
sett_7f5c1ad5a0,merch_009,2026-08-25T00:00:00,523.0,10.46,1.88,510.66
sett_24e58839dd,merch_009,2026-07-30T00:00:00,19746.69,394.93,71.08,19280.68
sett_f8033dfbbd,merch_020,2026-07-19T00:00:00,547.42,10.95,1.97,534.5
sett_9a0f3d0d8b,merch_016,2026-08-23T00:00:00,47535.5,950.71,171.13,46413.66
sett_8723016d32,merch_004,2026-08-28T00:00:00,7934.55,158.69,28.56,6970.08
sett_dfbede2c5f,merch_012,2026-08-15T00:00:00,1320.01,26.4,4.75,1288.86
sett_3b0ee502aa,merch_004,2026-08-31T00:00:00,2254.95,45.1,8.12,2201.73
sett_f528e08a5c,merch_019,2026-07-19T00:00:00,11859.82,237.2,42.7,11579.92
sett_3e48450c73,merch_011,2026-07-11T00:00:00,4189.13,83.78,15.08,4090.27
sett_d05e647490,merch_025,2026-07-14T00:00:00,1199.3,23.99,4.32,1170.99
sett_7a56ca201a,merch_016,2026-07-24T00:00:00,152.82,3.06,0.55,149.21
sett_160b26057f,merch_001,2026-07-29T00:00:00,8080.21,161.6,29.09,7889.52
sett_27ee67ee49,merch_004,2026-07-21T00:00:00,924.14,18.48,3.33,-21.81
sett_a8952d5244,merch_024,2026-08-16T00:00:00,6040.75,120.82,21.74,5898.19
sett_5ec2b923ca,merch_007,2026-08-13T00:00:00,1369.65,27.39,4.93,1337.33
sett_07b4be4f47,merch_001,2026-08-10T00:00:00,6120.42,122.41,22.04,5975.97
sett_da2dbc2274,merch_013,2026-07-20T00:00:00,2412.31,48.25,8.68,2355.38
sett_56f33c48e6,merch_020,2026-07-15T00:00:00,259.62,5.19,0.93,253.5
sett_f578e9ba67,merch_007,2026-07-21T00:00:00,673.66,13.47,2.42,657.77
sett_532d2baca2,merch_003,2026-07-30T00:00:00,2563.55,51.27,9.23,2503.05
sett_9d3035abb4,merch_004,2026-07-09T00:00:00,1161.49,23.23,4.18,1134.08
sett_0d263d37a8,merch_015,2026-07-14T00:00:00,22195.76,443.92,79.91,11486.09
sett_b0f8396bfd,merch_013,2026-08-11T00:00:00,31140.38,622.81,112.11,30405.46
sett_bd4f53ea2a,merch_023,2026-07-20T00:00:00,11806.48,236.13,42.5,11527.85
sett_f287748cc6,merch_022,2026-08-09T00:00:00,955.85,19.12,3.44,933.29
sett_1e62bbfb9b,merch_004,2026-07-11T00:00:00,6127.22,122.54,22.06,5982.62
sett_e7e3d0efad,merch_024,2026-08-07T00:00:00,14427.14,288.54,51.94,14086.66
sett_ed7e00f434,merch_016,2026-07-12T00:00:00,22356.99,447.14,80.48,21829.37
sett_08530d47de,merch_015,2026-08-05T00:00:00,31776.78,635.54,114.39,31026.85
sett_2c8cb67187,merch_014,2026-07-14T00:00:00,868.74,17.37,3.13,848.24
sett_bc73b5df57,merch_022,2026-07-10T00:00:00,577.2,11.54,2.08,563.58
sett_cbf2a2fbec,merch_022,2026-08-18T00:00:00,13851.49,277.03,49.87,13524.59
sett_9946d02289,merch_001,2026-08-16T00:00:00,168.0,3.36,0.6,164.04
sett_410aedec84,merch_024,2026-09-01T00:00:00,2930.19,58.61,10.54,2861.04
sett_7d82674399,merch_023,2026-08-07T00:00:00,4372.76,87.46,15.74,4269.56
sett_e5d02cefa4,merch_020,2026-08-03T00:00:00,20119.17,402.38,72.43,19644.36
sett_38632ffbf0,merch_007,2026-08-08T00:00:00,4551.08,91.02,16.38,4443.68
sett_2ff466a934,merch_023,2026-08-08T00:00:00,8958.7,179.17,32.25,8747.28
sett_fde52ab20f,merch_007,2026-08-18T00:00:00,1839.22,36.78,6.62,1795.82
sett_f8a8a40d24,merch_021,2026-08-02T00:00:00,3994.75,79.89,14.38,3900.48
sett_4079f0e4a5,merch_011,2026-07-29T00:00:00,14044.48,280.89,50.56,13713.03
sett_97fbd8c2f3,merch_023,2026-08-31T00:00:00,5361.28,107.23,19.3,5234.75
sett_41ac257001,merch_006,2026-07-22T00:00:00,16538.46,330.78,59.54,16148.14
sett_556e0fd542,merch_011,2026-09-03T00:00:00,9623.44,192.47,34.64,9396.33
sett_fe948d9b8a,merch_003,2026-07-26T00:00:00,34722.48,694.45,125.0,33903.03
sett_d60f2f6778,merch_018,2026-07-26T00:00:00,228.72,4.57,0.82,223.33
sett_6242b56498,merch_021,2026-07-09T00:00:00,8021.88,160.44,28.88,7832.56
sett_0e249688cb,merch_018,2026-08-24T00:00:00,1759.41,35.19,6.33,1717.89
sett_a8400bf292,merch_002,2026-08-05T00:00:00,1012.14,20.24,3.64,233.17
sett_a1804cb9a9,merch_001,2026-07-26T00:00:00,11186.05,223.72,40.27,10922.06
sett_c3d2425926,merch_003,2026-07-29T00:00:00,349.19,6.98,1.26,340.95
sett_8f111e0955,merch_013,2026-08-05T00:00:00,666.23,13.32,2.4,650.51
sett_b5b20ce613,merch_004,2026-09-02T00:00:00,42763.02,855.26,153.95,41753.81
sett_ca802c89a3,merch_022,2026-07-26T00:00:00,318.85,6.38,1.15,311.32
sett_7a5950f138,merch_005,2026-08-10T00:00:00,1485.41,29.71,5.35,1450.35
sett_3522d339a3,merch_002,2026-08-26T00:00:00,935.32,18.71,3.37,913.24
sett_f8a41a90db,merch_021,2026-07-23T00:00:00,2995.78,59.92,10.79,2925.07
sett_73fef49973,merch_006,2026-07-10T00:00:00,7456.57,149.13,26.84,7280.6
sett_641d4380b4,merch_003,2026-08-30T00:00:00,376.38,7.53,1.36,367.49
sett_b4ecc5e5fb,merch_021,2026-07-12T00:00:00,499.19,9.98,1.8,487.41
sett_62596958cf,merch_022,2026-08-29T00:00:00,917.84,18.36,3.3,896.18
sett_c31061e07e,merch_011,2026-08-16T00:00:00,410.14,8.2,1.48,400.46
sett_91fb7322a4,merch_015,2026-08-21T00:00:00,7634.51,152.69,27.48,7454.34
sett_da948c1e7c,merch_019,2026-07-09T00:00:00,926.05,18.52,3.33,710.71
sett_0669d133e7,merch_013,2026-07-28T00:00:00,114.83,2.3,0.41,112.12
sett_8237b59447,merch_006,2026-07-19T00:00:00,7710.07,154.2,27.76,7528.11
sett_6ec664d535,merch_016,2026-07-28T00:00:00,470.1,9.4,1.69,459.01
sett_cffa1a907a,merch_009,2026-08-27T00:00:00,4264.82,85.3,15.35,-100.65
sett_d645277949,merch_012,2026-08-21T00:00:00,5122.84,102.46,18.44,5001.94
sett_0c667e8e55,merch_008,2026-07-26T00:00:00,1000.87,20.02,3.6,977.25
sett_1d58e93ecb,merch_004,2026-08-06T00:00:00,5853.44,117.07,21.07,5715.3
sett_0162d122aa,merch_017,2026-08-29T00:00:00,34775.59,695.51,125.19,33954.89
sett_3247f592f7,merch_019,2026-08-24T00:00:00,3409.78,68.2,12.28,3329.3
sett_9ff891e7f7,merch_022,2026-07-14T00:00:00,12703.24,254.07,45.73,12403.44
sett_b1d71b0016,merch_018,2026-08-21T00:00:00,264.52,5.29,0.95,258.28
sett_b2344ed7d1,merch_022,2026-08-10T00:00:00,6981.46,139.63,25.13,6816.7
sett_6ad4d3f8c6,merch_008,2026-09-01T00:00:00,15185.07,303.7,54.67,14826.7
sett_e16f61002a,merch_017,2026-07-25T00:00:00,45771.77,915.43,164.78,44691.56
sett_63fd35a200,merch_013,2026-08-28T00:00:00,5838.9,116.78,21.02,5701.1
sett_846a73cbb2,merch_009,2026-08-13T00:00:00,33950.74,679.01,122.22,33149.51
sett_c89766145f,merch_023,2026-08-23T00:00:00,20789.43,415.79,74.84,20298.8
sett_b2a9a51323,merch_022,2026-07-06T00:00:00,3187.75,63.76,11.48,3112.51
sett_1b522e6aff,merch_003,2026-07-13T00:00:00,1393.41,27.87,5.02,950.04
sett_ce36589175,merch_022,2026-07-24T00:00:00,50916.18,1018.33,183.3,35157.51
sett_cc124c590e,merch_008,2026-08-09T00:00:00,9201.29,184.03,33.13,8984.13
sett_9c1dfe9f9e,merch_025,2026-08-13T00:00:00,2288.76,45.77,8.23,2234.76
sett_182f4644d4,merch_010,2026-08-31T00:00:00,7595.5,151.91,27.34,7416.25
sett_ccced63064,merch_007,2026-07-05T00:00:00,665.54,13.31,2.4,649.83
sett_191d42a119,merch_003,2026-07-16T00:00:00,575.95,11.52,2.07,562.36
sett_6c8f9696ce,merch_015,2026-07-29T00:00:00,33400.41,668.01,120.24,32612.16
sett_d56aa9148c,merch_001,2026-08-11T00:00:00,460.95,9.22,1.66,450.07
sett_a9d1851e6f,merch_012,2026-07-31T00:00:00,113.61,2.27,0.41,110.93
sett_895b0c93ae,merch_018,2026-08-08T00:00:00,30109.11,602.18,108.39,29398.54
sett_80b8b3c6c9,merch_007,2026-08-09T00:00:00,10281.51,205.63,37.01,10038.87
sett_32d14a1768,merch_022,2026-08-27T00:00:00,109.27,2.19,0.39,106.69
sett_9d43c9403b,merch_016,2026-08-30T00:00:00,10750.37,215.01,38.7,10496.66
sett_43cb21055d,merch_008,2026-08-25T00:00:00,2846.58,56.93,10.25,2779.4
sett_77a67ae046,merch_012,2026-07-22T00:00:00,1060.87,21.22,3.82,1035.83
sett_fa8400380b,merch_023,2026-08-11T00:00:00,1440.84,28.81,5.19,1406.84
sett_4fce725754,merch_018,2026-09-03T00:00:00,477.17,9.54,1.72,465.91
sett_66cbc2abe8,merch_014,2026-08-13T00:00:00,5409.25,108.19,19.47,5281.59
sett_6bcbb2ce47,merch_022,2026-07-31T00:00:00,1990.53,39.81,7.17,1943.55
sett_9b9afc242a,merch_024,2026-07-22T00:00:00,2539.54,50.79,9.14,2479.61
sett_ba23776477,merch_011,2026-08-29T00:00:00,54643.56,1092.87,196.71,53353.98
sett_8e200e24c6,merch_009,2026-08-18T00:00:00,981.81,19.64,3.54,958.63
sett_87cc12bbc4,merch_009,2026-08-08T00:00:00,9645.97,192.92,34.73,8741.85
sett_086c7a1bbf,merch_010,2026-08-21T00:00:00,3835.64,76.71,13.81,3745.12
sett_a795e05dc4,merch_015,2026-07-21T00:00:00,3020.91,60.42,10.88,2949.61
sett_3027f66346,merch_003,2026-08-04T00:00:00,696.45,13.93,2.51,680.01
sett_63c0612446,merch_013,2026-08-09T00:00:00,68526.36,1370.53,246.7,55143.47
sett_99c065eb12,merch_024,2026-07-13T00:00:00,452.31,9.05,1.63,441.63
sett_c29a7cd6cf,merch_021,2026-07-27T00:00:00,26814.16,536.28,96.53,26181.35
sett_d55a7bc88d,merch_017,2026-08-09T00:00:00,2113.28,42.27,7.61,2063.4
sett_1775a60725,merch_017,2026-08-08T00:00:00,7104.73,142.09,25.58,6937.06
sett_58f2a72f5f,merch_012,2026-07-06T00:00:00,1012.68,20.25,3.64,988.79
sett_1d3697de66,merch_016,2026-08-22T00:00:00,1062.88,21.26,3.83,1037.79
sett_de3103ff8e,merch_008,2026-07-23T00:00:00,7256.23,145.12,26.12,7084.99
sett_2cf4c636f4,merch_006,2026-08-11T00:00:00,9462.26,189.25,34.07,4008.02
sett_f394b6b8b8,merch_007,2026-08-02T00:00:00,3415.28,68.31,12.3,3334.67
sett_2840af7f1a,merch_004,2026-08-17T00:00:00,275.05,5.5,0.99,268.56
sett_fa5c416c98,merch_025,2026-08-12T00:00:00,35008.59,700.17,126.03,34182.39
sett_736cde8e2c,merch_013,2026-07-29T00:00:00,2780.6,55.61,10.01,2714.98
sett_774f13a63d,merch_002,2026-07-14T00:00:00,1129.45,22.59,4.07,1102.79
sett_9b9717d967,merch_021,2026-08-27T00:00:00,9319.61,186.39,33.55,9099.67
sett_79205092ab,merch_002,2026-07-16T00:00:00,4985.7,99.72,17.95,4010.56
sett_46bcad43a7,merch_009,2026-07-29T00:00:00,5655.99,113.12,20.36,-133.48
sett_241ce954c9,merch_020,2026-07-29T00:00:00,33943.42,678.87,122.19,33142.36
sett_1a215e5897,merch_005,2026-08-16T00:00:00,155.28,3.11,0.56,151.61
sett_78e752797e,merch_006,2026-08-19T00:00:00,553.15,11.06,1.99,540.1
sett_03b968126b,merch_003,2026-07-31T00:00:00,729.14,14.58,2.62,711.94
sett_ddec9f2751,merch_007,2026-08-28T00:00:00,796.57,15.93,2.87,777.77
sett_4e25437ba6,merch_007,2026-07-08T00:00:00,368.26,7.37,1.33,359.56
sett_be5ee2ea6a,merch_016,2026-08-19T00:00:00,43618.95,872.38,157.03,42589.54
sett_aa39a488b0,merch_006,2026-07-15T00:00:00,7360.49,147.21,26.5,7186.78
sett_85c6a97ec4,merch_018,2026-08-18T00:00:00,21655.39,433.11,77.96,21144.32
sett_5092cad0d5,merch_005,2026-07-29T00:00:00,8301.98,166.04,29.88,2822.71
sett_970cc6c7ea,merch_013,2026-07-12T00:00:00,3783.09,75.66,13.62,3693.81
sett_58fd5e15e0,merch_003,2026-08-06T00:00:00,18840.24,376.8,67.83,18395.61
sett_d1ba04fb08,merch_025,2026-09-01T00:00:00,1013.89,20.28,3.65,989.96
sett_f4149d5fcb,merch_017,2026-07-20T00:00:00,855.9,17.12,3.08,315.9
sett_2ba9b07568,merch_022,2026-08-17T00:00:00,5625.27,112.51,20.25,5492.51
sett_c02ce01898,merch_025,2026-08-21T00:00:00,9501.35,190.03,34.21,5723.4
sett_883d1af1c3,merch_019,2026-08-15T00:00:00,3487.78,69.76,12.56,3405.46
sett_bb9695a924,merch_021,2026-08-08T00:00:00,763.04,15.27,2.75,745.02
sett_a1514d3d1a,merch_007,2026-07-13T00:00:00,3137.91,62.76,11.3,3063.85
sett_46def8598e,merch_024,2026-08-25T00:00:00,385.32,7.71,1.39,376.22
sett_44af6bd796,merch_023,2026-08-25T00:00:00,5454.37,109.09,19.64,2978.29
sett_c470ea3324,merch_023,2026-07-06T00:00:00,2057.4,41.15,7.41,1564.83
sett_9785990c64,merch_001,2026-08-12T00:00:00,1336.76,26.74,4.81,1305.21
sett_94c441d7a3,merch_016,2026-07-23T00:00:00,7081.39,141.63,25.49,6914.27
sett_79abe2e2ca,merch_001,2026-08-04T00:00:00,11250.85,225.01,40.5,10985.34
sett_94fb716770,merch_022,2026-07-28T00:00:00,975.32,19.51,3.51,952.3
sett_8fbcba1ed0,merch_018,2026-08-07T00:00:00,29060.45,581.21,104.62,28374.62
sett_4a49dec157,merch_022,2026-07-27T00:00:00,8068.01,161.36,29.04,7877.61
sett_94a14ede7d,merch_020,2026-07-25T00:00:00,859.13,17.18,3.09,838.86
sett_96f1209c29,merch_023,2026-07-18T00:00:00,6999.96,140.0,25.2,6834.76
sett_0726b338bd,merch_011,2026-07-16T00:00:00,846.15,16.92,3.05,826.18
sett_f59d750afe,merch_007,2026-09-02T00:00:00,358.65,7.17,1.29,350.19
sett_95346a01c1,merch_023,2026-08-12T00:00:00,3431.75,68.64,12.36,3350.75
sett_cdc9a3694f,merch_002,2026-07-31T00:00:00,1456.34,29.13,5.24,1421.97
sett_3707be79f9,merch_006,2026-09-03T00:00:00,49805.26,996.11,179.3,48629.85
sett_567a667915,merch_017,2026-07-09T00:00:00,8893.18,177.86,32.01,8683.31
sett_1ceb482744,merch_018,2026-08-28T00:00:00,1129.24,22.58,4.06,1102.6
sett_8ead917566,merch_015,2026-08-02T00:00:00,9767.93,195.36,35.17,295.85
sett_fdd5956f30,merch_019,2026-07-18T00:00:00,39892.82,797.86,143.61,38951.35
sett_91f4ff583a,merch_003,2026-08-24T00:00:00,1860.5,37.21,6.69,1816.6
sett_089b5a0dd6,merch_010,2026-08-17T00:00:00,1176.08,23.52,4.23,1148.33
sett_bc92c8a285,merch_001,2026-08-19T00:00:00,5415.79,108.31,19.5,5287.98
sett_1f596e06b9,merch_012,2026-08-30T00:00:00,1295.36,25.91,4.66,1264.79
sett_9bf9d2311b,merch_014,2026-08-02T00:00:00,18725.37,374.5,67.41,18283.46
sett_b12461762f,merch_003,2026-08-11T00:00:00,4889.63,97.79,17.6,4774.24
sett_6b03466cf0,merch_016,2026-08-01T00:00:00,1072.47,21.45,3.86,1047.16
sett_2f3e67e8da,merch_007,2026-08-25T00:00:00,2647.67,52.95,9.53,2585.19
sett_80eba03e9c,merch_020,2026-08-30T00:00:00,4226.43,84.53,15.22,2369.6
sett_46d62caac7,merch_017,2026-07-22T00:00:00,6868.2,137.37,24.73,6706.1
sett_aa2bcbaf05,merch_001,2026-07-25T00:00:00,1215.43,24.31,4.38,501.33
sett_2a69322624,merch_021,2026-08-01T00:00:00,996.87,19.94,3.59,973.34
sett_f6d811dcb6,merch_018,2026-08-06T00:00:00,873.27,17.46,3.14,852.67
sett_753b659872,merch_006,2026-08-21T00:00:00,2620.74,52.42,9.43,2558.89
sett_51b57a68c7,merch_021,2026-08-07T00:00:00,2159.79,43.2,7.77,2108.82
sett_5a3a37274d,merch_010,2026-08-28T00:00:00,9657.61,193.15,34.77,9429.69
sett_8ec5833c6d,merch_004,2026-08-05T00:00:00,9391.17,187.82,33.81,9169.54
sett_2cea2f2903,merch_012,2026-07-26T00:00:00,1431.02,28.62,5.15,1397.25
sett_741927bb0b,merch_007,2026-07-07T00:00:00,28863.42,577.27,103.91,28182.24
sett_7a42664ed5,merch_016,2026-08-06T00:00:00,6998.09,139.96,25.19,6832.94
sett_9d4afeb28a,merch_025,2026-08-05T00:00:00,1900.64,38.01,6.85,1855.78
sett_c987063b26,merch_002,2026-08-15T00:00:00,9361.34,187.23,33.7,9140.41
sett_ae47feab43,merch_023,2026-08-04T00:00:00,7971.31,159.43,28.7,7783.18
sett_5d1b8c96e7,merch_008,2026-07-30T00:00:00,1353.98,27.08,4.87,1322.03
sett_963a1774aa,merch_016,2026-08-08T00:00:00,765.47,15.31,2.76,747.4
sett_8574c09f02,merch_012,2026-07-15T00:00:00,2837.64,56.75,10.21,2770.68
sett_479bc75e92,merch_021,2026-08-19T00:00:00,522.97,10.46,1.88,510.63
sett_d43d6d4170,merch_018,2026-07-11T00:00:00,7841.24,156.83,28.23,3052.44
sett_9089e8d8ea,merch_019,2026-07-28T00:00:00,8399.94,168.0,30.24,8201.7
sett_c23d478e8f,merch_003,2026-09-01T00:00:00,8697.84,173.96,31.31,8492.57
sett_e7941c898e,merch_005,2026-07-05T00:00:00,10984.19,219.68,39.54,10724.97
sett_4548b65fed,merch_013,2026-07-25T00:00:00,6195.18,123.9,22.3,6048.98
sett_94373854f9,merch_012,2026-09-02T00:00:00,34143.63,682.87,122.92,33337.84
sett_bdaeb7a85f,merch_008,2026-08-05T00:00:00,926.23,18.52,3.33,904.38
sett_0f6aac4192,merch_022,2026-08-28T00:00:00,294.7,5.89,1.06,287.75
sett_6fe52f5bb5,merch_023,2026-07-22T00:00:00,5969.89,119.4,21.49,5829.0
sett_aa9d7dbb2c,merch_014,2026-07-08T00:00:00,33901.39,678.03,122.05,33101.31
sett_cdbb98f270,merch_016,2026-08-25T00:00:00,15251.7,305.04,54.9,14891.76
sett_a8853fdde1,merch_001,2026-08-20T00:00:00,979.64,19.59,3.52,956.53
sett_7ae5156e20,merch_019,2026-07-08T00:00:00,1486.51,29.73,5.35,1451.43
sett_5e34408bf7,merch_019,2026-08-10T00:00:00,8421.13,168.42,30.32,8222.39
sett_da7cebdf38,merch_017,2026-07-13T00:00:00,5099.9,102.0,18.36,4979.54
sett_0b02fd8b0b,merch_014,2026-08-17T00:00:00,3998.45,79.97,14.39,3904.09
sett_2007a07470,merch_009,2026-07-21T00:00:00,27935.73,558.72,100.56,27276.45
sett_248e20516d,merch_014,2026-07-31T00:00:00,13041.73,260.83,46.95,11603.52
sett_e54dbf9738,merch_022,2026-09-01T00:00:00,3776.66,75.53,13.6,3687.53
sett_f1112512a5,merch_015,2026-08-18T00:00:00,2295.0,45.9,8.26,2240.84
sett_701ca14173,merch_025,2026-08-11T00:00:00,1187.95,23.76,4.28,1159.91
sett_22d1e9e258,merch_018,2026-07-15T00:00:00,3793.06,75.86,13.65,3703.55
sett_6605a833ce,merch_003,2026-08-17T00:00:00,4131.26,82.63,14.87,4033.76
sett_94fe6ca86b,merch_022,2026-08-06T00:00:00,312.25,6.25,1.12,304.88
sett_6e1a33e6eb,merch_016,2026-08-09T00:00:00,849.43,16.99,3.06,829.38
sett_ab004b9e97,merch_018,2026-07-24T00:00:00,637.83,12.76,2.3,622.77
sett_71b2092ba8,merch_008,2026-08-26T00:00:00,188.19,3.76,0.68,183.75
sett_ef41d7fe72,merch_017,2026-08-26T00:00:00,7486.03,149.72,26.95,7309.36
sett_a3dbe0af0d,merch_024,2026-08-20T00:00:00,1015.36,20.31,3.66,991.39
sett_3d336a7dbd,merch_021,2026-07-14T00:00:00,4431.7,88.64,15.96,3796.83
sett_a8df34f353,merch_004,2026-07-26T00:00:00,1218.85,24.38,4.39,1190.08
sett_522d0ded66,merch_015,2026-07-18T00:00:00,25396.16,507.93,91.42,24796.81
sett_6abc788a09,merch_006,2026-07-06T00:00:00,2352.37,47.04,8.46,2296.87
sett_5676ecc3fd,merch_014,2026-07-09T00:00:00,344.37,6.89,1.24,336.24
sett_d0ed92001a,merch_020,2026-08-26T00:00:00,1165.58,23.31,4.2,1138.07
sett_878a688841,merch_007,2026-08-20T00:00:00,308.9,6.18,1.11,301.61
sett_6c9cb1772e,merch_019,2026-08-06T00:00:00,5900.2,118.0,21.24,5760.96
sett_efa0ad918f,merch_014,2026-08-18T00:00:00,1938.06,38.76,6.98,1892.32
sett_25b16fca93,merch_009,2026-08-19T00:00:00,1292.31,25.85,4.65,-30.5
sett_158042f72f,merch_020,2026-09-02T00:00:00,1212.39,24.25,4.37,1183.77
sett_f147ff6d2e,merch_014,2026-07-26T00:00:00,6636.74,132.73,23.89,4259.01
sett_3b81e3661e,merch_014,2026-08-06T00:00:00,4089.87,81.8,14.72,3993.35
sett_b8857a1cb5,merch_012,2026-07-14T00:00:00,1006.7,20.13,3.62,982.95
sett_447d357ea4,merch_015,2026-07-07T00:00:00,9346.51,186.93,33.65,9125.93
sett_dcc4ac35e7,merch_012,2026-07-05T00:00:00,8890.97,177.82,32.01,8681.14
sett_14a3a38ead,merch_010,2026-09-02T00:00:00,477.71,9.55,1.72,466.44
sett_4041f46f75,merch_002,2026-08-28T00:00:00,1829.72,36.6,6.58,1786.54
sett_c52c984727,merch_008,2026-08-30T00:00:00,2499.93,50.0,9.0,2440.93
sett_93f43c088a,merch_009,2026-07-10T00:00:00,692.1,13.84,2.49,675.77
sett_5997c2a1e1,merch_015,2026-07-22T00:00:00,646.96,12.94,2.33,631.69
sett_ee39e0ab45,merch_009,2026-07-20T00:00:00,307.14,6.14,1.11,299.89
sett_b4a000ce25,merch_022,2026-08-08T00:00:00,284.84,5.7,1.03,278.11
sett_300eba7177,merch_019,2026-08-27T00:00:00,7066.75,141.34,25.44,6899.97
sett_866b8f0b1b,merch_006,2026-08-10T00:00:00,3881.21,77.62,13.97,3789.62
sett_ec4d1c40ab,merch_010,2026-07-21T00:00:00,332.91,6.66,1.2,325.05
sett_96fc471170,merch_010,2026-08-22T00:00:00,134.9,2.7,0.49,131.71
sett_02f6337a19,merch_024,2026-08-03T00:00:00,810.37,16.21,2.92,791.24
sett_0f21f1ff5b,merch_024,2026-07-16T00:00:00,29359.37,587.19,105.69,28666.49
sett_94c8a1323b,merch_010,2026-07-26T00:00:00,964.53,19.29,3.47,941.77
sett_f1b1db2601,merch_022,2026-08-24T00:00:00,2417.46,48.35,8.7,2360.41
sett_3a2d2a0bd1,merch_013,2026-08-08T00:00:00,498.51,9.97,1.79,486.75
sett_37b985285e,merch_024,2026-08-14T00:00:00,9286.04,185.72,33.43,9066.89
sett_bfaf41b8ad,merch_019,2026-08-03T00:00:00,3008.21,60.16,10.83,2937.22
sett_802d640930,merch_019,2026-08-14T00:00:00,2428.71,48.57,8.74,2371.4
sett_2395fe2459,merch_010,2026-08-20T00:00:00,43701.24,874.02,157.32,42669.9
sett_04de4feaa5,merch_016,2026-07-08T00:00:00,47319.22,946.39,170.35,46202.48
sett_f9efa30311,merch_017,2026-07-30T00:00:00,1684.22,33.68,6.06,1644.48
sett_628585f8d7,merch_023,2026-07-31T00:00:00,10359.73,207.19,37.29,9897.43
sett_1198ccc954,merch_010,2026-08-24T00:00:00,1410.84,28.22,5.08,1377.54
sett_f9fbdd704c,merch_006,2026-07-26T00:00:00,316.38,6.33,1.14,308.91
sett_ee1e5ec446,merch_017,2026-07-16T00:00:00,8981.74,179.63,32.33,6791.52
sett_53d424b61c,merch_001,2026-08-09T00:00:00,536.2,10.72,1.93,523.55
sett_5c1509ac3d,merch_008,2026-07-13T00:00:00,393.78,7.88,1.42,384.48
sett_99fedcce76,merch_025,2026-07-24T00:00:00,403.8,8.08,1.45,394.27
sett_05c37db1f7,merch_004,2026-08-20T00:00:00,46978.13,939.56,169.12,45869.45
sett_df08c7cd02,merch_025,2026-07-16T00:00:00,16697.39,333.95,60.11,16303.33
sett_ebbf6c662d,merch_001,2026-07-15T00:00:00,31149.14,622.98,112.14,30414.02
sett_f752195691,merch_007,2026-07-17T00:00:00,11901.94,238.04,42.85,11621.05
sett_b36cb7d3a8,merch_023,2026-08-13T00:00:00,7733.32,154.67,27.84,7550.81
sett_00d21a89c0,merch_017,2026-07-15T00:00:00,1175.2,23.5,4.23,1147.47
sett_a079991bca,merch_007,2026-08-23T00:00:00,797.06,15.94,2.87,-18.81
sett_5fecd7201d,merch_025,2026-07-17T00:00:00,702.57,14.05,2.53,685.99
sett_dccf7e37fb,merch_002,2026-08-03T00:00:00,1285.32,25.71,4.63,987.05
sett_e104176f1b,merch_013,2026-08-22T00:00:00,253.13,5.06,0.91,247.16
sett_6f57ef5714,merch_011,2026-08-15T00:00:00,1020.87,20.42,3.68,996.77
sett_48753c0f66,merch_011,2026-08-30T00:00:00,646.42,12.93,2.33,631.16
sett_679320194d,merch_016,2026-08-07T00:00:00,1170.87,23.42,4.22,1143.23
sett_97e8a8bc68,merch_013,2026-07-14T00:00:00,8058.01,161.16,29.01,7867.84
sett_ba5b08b88a,merch_017,2026-07-12T00:00:00,1053.92,21.08,3.8,1029.04
sett_3c044a8eaf,merch_018,2026-07-29T00:00:00,680.04,13.6,2.45,663.99
sett_385b3bce8c,merch_021,2026-08-30T00:00:00,10558.45,211.17,38.01,-249.18
sett_d145454919,merch_008,2026-08-03T00:00:00,1059.43,21.19,3.81,1034.43
sett_c06d452af5,merch_002,2026-07-08T00:00:00,481.8,9.64,1.74,470.42
sett_daed30c80c,merch_020,2026-08-14T00:00:00,189.01,3.78,0.68,184.55
sett_247194b787,merch_005,2026-08-23T00:00:00,899.36,17.99,3.24,878.13
sett_c7b053c74a,merch_016,2026-07-17T00:00:00,3999.81,80.0,14.4,1837.04
sett_84c84710c0,merch_024,2026-07-19T00:00:00,692.02,13.84,2.49,675.69
sett_2846ccd33c,merch_009,2026-08-26T00:00:00,2087.22,41.74,7.51,793.48
sett_6945aca125,merch_014,2026-08-01T00:00:00,444.89,8.9,1.6,-10.5
sett_cc7419bb08,merch_021,2026-07-10T00:00:00,35020.96,700.42,126.08,34194.46
sett_0648490d86,merch_023,2026-07-17T00:00:00,1237.15,24.74,4.45,1207.96
sett_92e3744488,merch_009,2026-07-28T00:00:00,1410.85,28.22,5.08,1377.55
sett_841d995ff3,merch_011,2026-08-13T00:00:00,9550.78,191.02,34.38,9325.38
sett_ed2176e4ce,merch_024,2026-08-15T00:00:00,1277.63,25.55,4.6,1247.48
sett_61a8147e30,merch_012,2026-08-27T00:00:00,1120.92,22.42,4.04,1094.46
sett_907db64e9a,merch_021,2026-07-18T00:00:00,720.77,14.42,2.6,703.75
sett_c659ea71d0,merch_003,2026-07-18T00:00:00,449.44,8.99,1.62,438.83
sett_729a96ab81,merch_020,2026-07-14T00:00:00,464.22,9.28,1.67,156.02
sett_f74dc9b7f1,merch_009,2026-07-18T00:00:00,791.84,15.84,2.85,773.15
sett_22d2e5a692,merch_018,2026-07-28T00:00:00,566.01,11.32,2.04,552.65
sett_c01038591e,merch_024,2026-08-23T00:00:00,1556.29,31.13,5.6,1519.56
sett_9ed2642268,merch_018,2026-07-21T00:00:00,985.62,19.71,3.54,962.37
sett_73e6a937a3,merch_012,2026-07-23T00:00:00,1315.44,26.31,4.74,1284.39
sett_d16f715617,merch_019,2026-07-05T00:00:00,1497.21,29.94,5.39,578.61
sett_3d7f7e50cd,merch_025,2026-07-25T00:00:00,2436.48,48.73,8.77,2378.98
sett_7c6a58b141,merch_025,2026-08-03T00:00:00,17857.12,357.14,64.29,17435.69
sett_db55c64bca,merch_012,2026-08-24T00:00:00,10236.56,204.73,36.85,-241.58
sett_0e050f38d2,merch_008,2026-07-10T00:00:00,513.67,10.27,1.85,501.55
sett_456e8fe58d,merch_014,2026-08-29T00:00:00,750.52,15.01,2.7,732.81
sett_61bd0c158b,merch_014,2026-08-31T00:00:00,4625.3,92.51,16.65,4516.14
sett_8d2b07a267,merch_011,2026-07-23T00:00:00,45111.1,902.22,162.4,18626.15
sett_506b5fc106,merch_023,2026-09-01T00:00:00,1020.8,20.42,3.68,996.7
sett_ccacae83ed,merch_001,2026-07-08T00:00:00,3476.32,69.53,12.52,2140.98
sett_ac0062062a,merch_021,2026-07-13T00:00:00,7155.12,143.1,25.76,6986.26
sett_51572ccad6,merch_001,2026-08-17T00:00:00,1363.38,27.27,4.91,1331.2
sett_d461d3647f,merch_007,2026-08-12T00:00:00,1261.23,25.22,4.54,1231.47
sett_7cac7c3b46,merch_019,2026-08-21T00:00:00,11320.45,226.41,40.75,11053.29
sett_36826719a2,merch_004,2026-08-22T00:00:00,11402.07,228.04,41.05,11132.98
sett_71ecb5b3a9,merch_012,2026-07-20T00:00:00,5248.96,104.98,18.9,5125.08
sett_f75d79a392,merch_011,2026-07-17T00:00:00,3489.23,69.78,12.55,3406.9
sett_3602256ad4,merch_002,2026-07-20T00:00:00,7348.73,146.97,26.45,7175.31
sett_d7174419b6,merch_024,2026-08-09T00:00:00,3120.11,62.4,11.23,3046.48
sett_65ff3d223a,merch_012,2026-07-29T00:00:00,6193.05,123.86,22.3,5711.43
sett_89b3921ace,merch_006,2026-07-09T00:00:00,650.57,13.01,2.34,635.22
sett_c53fe456f1,merch_014,2026-08-28T00:00:00,1053.22,21.06,3.79,1028.37
sett_2ebb516fe0,merch_009,2026-07-19T00:00:00,35195.24,703.9,126.7,34364.64
sett_9d720b3bb2,merch_020,2026-08-13T00:00:00,8823.45,176.47,31.76,8615.22
sett_2cbaff1d14,merch_017,2026-07-07T00:00:00,989.96,19.8,3.56,966.6
sett_9ec0257f9e,merch_017,2026-07-17T00:00:00,166.83,3.34,0.6,162.89
sett_223e54398b,merch_008,2026-08-29T00:00:00,11884.5,237.69,42.78,11604.03
sett_f864f8dc45,merch_019,2026-08-17T00:00:00,692.79,13.86,2.49,676.44
sett_94b1b80216,merch_017,2026-07-18T00:00:00,1095.61,21.91,3.94,1069.76
sett_8bcd7e6844,merch_002,2026-08-04T00:00:00,264.84,5.3,0.95,258.59
sett_b133cb9b45,merch_005,2026-08-04T00:00:00,5928.45,118.57,21.34,5788.54
sett_c06ee861c1,merch_018,2026-08-15T00:00:00,1318.6,26.37,4.75,1287.48
sett_4ffe6ac950,merch_013,2026-09-02T00:00:00,1108.05,22.16,3.99,1081.9
sett_7ad9b6bce4,merch_015,2026-08-06T00:00:00,3064.32,61.29,11.03,2992.0
sett_1eac3644bd,merch_008,2026-07-09T00:00:00,24881.92,497.64,89.58,24294.7
sett_19eaccf69b,merch_018,2026-08-29T00:00:00,2055.18,41.1,7.4,2006.68
sett_610bc52ec5,merch_022,2026-07-07T00:00:00,18830.25,376.61,67.79,18385.85
sett_9cbb3c14d4,merch_003,2026-08-13T00:00:00,7871.98,157.44,28.34,7686.2
sett_29901b904b,merch_006,2026-08-05T00:00:00,1536.15,30.72,5.53,1499.9
sett_71e9db6ea8,merch_006,2026-07-14T00:00:00,355.74,7.11,1.28,347.35
sett_15ef69bf97,merch_020,2026-07-11T00:00:00,18895.4,377.91,68.02,-445.93
sett_89cc21271d,merch_003,2026-07-28T00:00:00,670.49,13.41,2.41,654.67
sett_835595d3a3,merch_025,2026-08-04T00:00:00,9744.75,194.9,35.08,9514.77
sett_3ead66e090,merch_009,2026-08-11T00:00:00,10314.62,206.29,37.13,10071.2
sett_efb1d13df4,merch_010,2026-08-29T00:00:00,1134.86,22.7,4.09,1108.07
sett_70122f612a,merch_009,2026-08-01T00:00:00,38894.66,777.89,140.02,37976.75
sett_a32e20214b,merch_022,2026-08-11T00:00:00,272.78,5.46,0.98,266.34
sett_61318fd565,merch_012,2026-07-27T00:00:00,28893.95,577.88,104.02,28212.05
sett_64fd502e76,merch_020,2026-07-26T00:00:00,9988.35,199.77,35.96,9752.62
sett_798fb949d9,merch_016,2026-07-25T00:00:00,44449.21,888.99,160.01,43400.21
sett_308d9e9ffb,merch_005,2026-07-27T00:00:00,897.86,17.96,3.23,876.67
sett_5db5f5ca3c,merch_009,2026-07-05T00:00:00,10772.57,215.45,38.78,10518.34
sett_3c7b795532,merch_014,2026-08-19T00:00:00,1052.24,21.04,3.79,1027.41
sett_c6ad205524,merch_009,2026-08-05T00:00:00,32231.59,644.63,116.03,31470.93
sett_760ca21a56,merch_001,2026-08-15T00:00:00,20573.86,411.48,74.07,20088.31
sett_4ee436702d,merch_010,2026-07-08T00:00:00,975.41,19.51,3.51,952.39
sett_f65950be7a,merch_011,2026-08-20T00:00:00,4095.11,81.9,14.74,3998.47
sett_8bc5a9e411,merch_008,2026-08-17T00:00:00,41478.48,829.57,149.32,40499.59
sett_2ed949ee35,merch_010,2026-07-15T00:00:00,6034.31,120.69,21.72,2420.47
sett_82e1ac0dba,merch_004,2026-09-01T00:00:00,7699.33,153.98,27.71,7517.64
sett_787e7eb9c6,merch_020,2026-07-08T00:00:00,1011.29,20.23,3.64,987.42
sett_80ac0a6d92,merch_012,2026-08-17T00:00:00,1114.47,22.29,4.01,1088.17
sett_111a177a57,merch_010,2026-08-09T00:00:00,7871.69,157.44,28.34,7685.91
sett_22f0c268a5,merch_016,2026-08-10T00:00:00,580.06,11.6,2.09,566.37
sett_d1927ee4e0,merch_017,2026-07-10T00:00:00,7374.22,147.48,26.55,7200.19
sett_9514f7af8d,merch_011,2026-08-19T00:00:00,766.02,15.32,2.76,747.94
sett_26a9e97c89,merch_010,2026-08-18T00:00:00,327.19,6.54,1.18,319.47
sett_cf24209c02,merch_008,2026-08-21T00:00:00,398.39,7.97,1.43,-9.4
sett_2e82841ece,merch_004,2026-08-18T00:00:00,394.33,7.89,1.42,385.02
sett_f29cf16b41,merch_007,2026-08-05T00:00:00,1072.1,21.44,3.86,1046.8
sett_ce2d560f16,merch_017,2026-08-23T00:00:00,1335.39,26.71,4.81,1303.87
sett_19bcc396d5,merch_023,2026-08-22T00:00:00,5662.68,113.26,20.39,4791.22
sett_2c8e9f601b,merch_002,2026-08-18T00:00:00,11378.55,227.57,40.96,1084.31
sett_d2302919c1,merch_012,2026-08-11T00:00:00,32892.16,657.84,118.41,32115.91
sett_e2f81d4ead,merch_003,2026-08-23T00:00:00,1048.66,20.98,3.78,1023.9
sett_5e17a4cc1d,merch_025,2026-09-02T00:00:00,4381.88,87.64,15.78,4278.46
sett_f6eeca807f,merch_017,2026-08-13T00:00:00,48156.58,963.13,173.36,47020.09
sett_465746d933,merch_017,2026-08-20T00:00:00,7302.46,146.05,26.29,3622.02
sett_421ccc94b1,merch_014,2026-07-25T00:00:00,8828.38,176.57,31.78,8620.03
sett_d0634511eb,merch_005,2026-07-06T00:00:00,37633.84,752.67,135.48,36745.69
sett_3f529ea88f,merch_014,2026-08-26T00:00:00,1153.68,23.07,4.15,1126.46
sett_af3315086a,merch_005,2026-08-06T00:00:00,2389.76,47.79,8.6,1373.58
sett_38ba2d7c56,merch_010,2026-08-25T00:00:00,507.55,10.15,1.83,495.57
sett_b33f87a1ed,merch_006,2026-08-12T00:00:00,1373.74,27.47,4.94,1341.33
sett_9453693644,merch_022,2026-08-04T00:00:00,945.19,18.9,3.4,922.89
sett_9c48812a46,merch_001,2026-08-13T00:00:00,69501.62,1390.04,250.21,57136.24
sett_60d8f58c9d,merch_002,2026-08-19T00:00:00,202.47,4.05,0.73,67.55
sett_55ac197445,merch_002,2026-07-18T00:00:00,260.56,5.21,0.94,254.41
sett_515c504f49,merch_001,2026-07-17T00:00:00,3360.98,67.22,12.1,3281.66
sett_ebaaadb5f4,merch_015,2026-07-08T00:00:00,403.34,8.07,1.45,393.82
sett_c6ae0b5b43,merch_022,2026-08-12T00:00:00,10918.6,218.37,39.31,10660.92
sett_2aa482e7a2,merch_025,2026-07-29T00:00:00,382.43,7.65,1.38,373.4
sett_05fd2117cd,merch_014,2026-07-24T00:00:00,120.38,2.41,0.43,117.54
sett_0eee97d8ae,merch_006,2026-08-06T00:00:00,817.5,16.35,2.94,798.21
sett_cdc737caa5,merch_013,2026-07-26T00:00:00,1625.8,32.52,5.85,1587.43
sett_e5659ce0c6,merch_021,2026-08-21T00:00:00,8720.06,174.4,31.39,-205.79
sett_3fdb9915bd,merch_013,2026-08-23T00:00:00,1138.54,22.77,4.1,1111.67
sett_29026c678e,merch_005,2026-07-28T00:00:00,1798.85,35.98,6.48,1756.39
sett_88322936dc,merch_011,2026-08-25T00:00:00,10411.92,208.23,37.49,10166.2
sett_e95b27b5c9,merch_024,2026-08-26T00:00:00,439.15,8.78,1.58,428.79
sett_7156f0876c,merch_013,2026-07-06T00:00:00,356.96,7.14,1.29,348.53
sett_30c40c1680,merch_017,2026-08-04T00:00:00,1114.98,22.3,4.01,1088.67
sett_1b582e4d08,merch_020,2026-08-18T00:00:00,499.49,9.99,1.8,487.7
sett_cf4635ea8d,merch_013,2026-08-15T00:00:00,759.0,15.18,2.73,741.09
sett_142e7c71b9,merch_013,2026-08-03T00:00:00,216.53,4.33,0.78,113.54
sett_45a001da22,merch_007,2026-07-06T00:00:00,34285.26,685.71,123.43,33476.12
sett_4a378fcc21,merch_012,2026-08-31T00:00:00,530.94,10.62,1.91,518.41
sett_e6af05ce9b,merch_002,2026-07-29T00:00:00,11228.45,224.57,40.42,10963.46
sett_2064d20bdb,merch_014,2026-08-03T00:00:00,1731.8,34.63,6.23,1690.94
sett_77bd46c1b4,merch_021,2026-07-19T00:00:00,9874.11,197.48,35.55,-233.03
sett_61362a9de2,merch_007,2026-07-23T00:00:00,182.57,3.65,0.66,178.26
sett_6efb316231,merch_017,2026-08-21T00:00:00,40931.83,818.64,147.36,39965.83
sett_8f9b895964,merch_002,2026-07-15T00:00:00,45176.94,903.54,162.64,44110.76
sett_24e2b6fbcd,merch_022,2026-08-05T00:00:00,1480.65,29.61,5.33,1445.71
sett_d3fe93b4cf,merch_015,2026-09-02T00:00:00,778.35,15.57,2.8,759.98
sett_63794779b6,merch_022,2026-08-19T00:00:00,49514.35,990.29,178.25,48345.81
sett_e1da41a2bb,merch_018,2026-07-14T00:00:00,396.3,7.93,1.43,386.94
sett_5be1a8862b,merch_013,2026-07-30T00:00:00,3813.95,76.28,13.73,1912.28
sett_d98a0227af,merch_021,2026-08-06T00:00:00,2449.64,48.99,8.82,2391.83
sett_a0baedf3c2,merch_011,2026-08-11T00:00:00,1104.42,22.09,3.98,1078.35
sett_77e882e8d4,merch_005,2026-08-30T00:00:00,11517.72,230.35,41.46,-271.81
sett_e336807fd3,merch_016,2026-08-02T00:00:00,3047.97,60.96,10.97,2976.04
sett_febc6f4a63,merch_010,2026-08-01T00:00:00,1064.04,21.28,3.83,1038.93
sett_d4253563a0,merch_023,2026-08-06T00:00:00,14234.88,284.7,51.25,13898.93
sett_65d4106af5,merch_018,2026-08-20T00:00:00,691.41,13.83,2.49,675.09
sett_89046fd3ef,merch_005,2026-07-24T00:00:00,1226.1,24.52,4.41,1197.17
sett_b72b0a368e,merch_002,2026-08-07T00:00:00,821.61,16.43,2.96,802.22
sett_4c71ba2182,merch_015,2026-08-01T00:00:00,8328.26,166.57,29.98,8131.71
sett_9e62e6db75,merch_016,2026-09-01T00:00:00,1143.5,22.87,4.12,1116.51
sett_e57488ed65,merch_005,2026-08-26T00:00:00,1009.92,20.2,3.64,702.96
sett_adad52359b,merch_018,2026-07-05T00:00:00,1467.94,29.36,5.28,1433.3
sett_4354259847,merch_018,2026-08-04T00:00:00,907.9,18.16,3.27,340.65
sett_ce126d98f2,merch_005,2026-07-31T00:00:00,198.78,3.98,0.72,194.08
sett_66974496c8,merch_013,2026-07-17T00:00:00,41743.88,834.88,150.28,40758.72
sett_5f53f9cce4,merch_004,2026-08-01T00:00:00,1080.64,21.61,3.89,1055.14
sett_ffb760b7cf,merch_025,2026-08-26T00:00:00,583.24,11.66,2.1,569.48
sett_6658ced840,merch_022,2026-07-17T00:00:00,317.69,6.35,1.14,310.2
sett_aca895c3ea,merch_025,2026-07-13T00:00:00,226.2,4.52,0.81,220.87
sett_26b2a4a639,merch_002,2026-08-22T00:00:00,500.19,10.0,1.8,488.39
sett_ec2b7707a2,merch_001,2026-08-08T00:00:00,8877.21,177.54,31.96,8667.71
sett_5c4689d0b9,merch_020,2026-08-25T00:00:00,335.95,6.72,1.21,328.02
sett_5a080c9b34,merch_008,2026-07-16T00:00:00,10433.16,208.66,37.56,10186.94
sett_1f4b95cc2b,merch_020,2026-07-06T00:00:00,2103.72,42.07,7.57,2054.08
sett_72c9105c0f,merch_015,2026-07-19T00:00:00,6113.25,122.27,22.01,5968.97
sett_6463dba0c3,merch_005,2026-08-01T00:00:00,3462.03,69.24,12.46,3380.33
sett_7135624013,merch_004,2026-07-24T00:00:00,153.71,3.07,0.55,150.09
sett_eda9eda7d8,merch_011,2026-07-05T00:00:00,3408.39,68.17,12.27,3327.95
sett_e940f5327e,merch_016,2026-08-16T00:00:00,949.13,18.98,3.42,493.83
sett_f346ae655d,merch_023,2026-08-28T00:00:00,1327.91,26.56,4.78,1296.57
sett_74665f74e8,merch_002,2026-07-23T00:00:00,14310.15,286.2,51.52,13972.43
sett_6379cbf907,merch_006,2026-08-29T00:00:00,812.99,16.26,2.93,793.8
sett_c174d116d2,merch_008,2026-07-17T00:00:00,1544.16,30.88,5.55,1507.73
sett_e255db0a40,merch_002,2026-08-01T00:00:00,11391.48,227.83,41.01,11122.64
sett_6b3d101d63,merch_024,2026-07-07T00:00:00,18715.94,374.32,67.38,18274.24
sett_79f4962c1c,merch_021,2026-08-17T00:00:00,3664.67,73.29,13.19,3578.19
sett_703b040745,merch_015,2026-07-15T00:00:00,48874.65,977.49,175.95,47721.21
sett_ef1b8a7adf,merch_005,2026-08-17T00:00:00,887.99,17.76,3.2,867.03
sett_6136e53c89,merch_003,2026-07-22T00:00:00,7847.32,156.95,28.25,7662.12
sett_9589a386ad,merch_022,2026-07-12T00:00:00,471.56,9.43,1.7,-11.13
sett_1b0621cf95,merch_009,2026-07-17T00:00:00,552.27,11.05,1.99,310.65
sett_e221ca523a,merch_012,2026-07-16T00:00:00,11554.97,231.1,41.6,11282.27
sett_ffed89487b,merch_015,2026-08-15T00:00:00,1294.64,25.89,4.66,1264.09
sett_f49d5b927e,merch_005,2026-07-19T00:00:00,1074.09,21.48,3.87,1048.74
sett_11209583b7,merch_008,2026-08-14T00:00:00,896.86,17.94,3.23,875.69
sett_6c8e1034a8,merch_017,2026-08-14T00:00:00,4644.83,92.9,16.72,4535.21
sett_70b27f06da,merch_005,2026-09-02T00:00:00,999.44,19.99,3.6,975.85
sett_56894cf309,merch_022,2026-07-30T00:00:00,29263.27,585.27,105.35,28572.65
sett_a73682419e,merch_003,2026-07-17T00:00:00,1469.1,29.38,5.29,1434.43
sett_308eaaf476,merch_006,2026-09-02T00:00:00,11747.87,234.96,42.29,11470.62
sett_51410a44c2,merch_004,2026-08-07T00:00:00,607.78,12.16,2.19,593.43
sett_1547904b97,merch_013,2026-07-09T00:00:00,1316.34,26.33,4.74,1285.27
sett_212d168536,merch_020,2026-08-12T00:00:00,11772.34,235.45,42.38,11494.51
sett_30e70829b3,merch_003,2026-07-21T00:00:00,736.73,14.73,2.65,719.35
sett_fe02c6a6f6,merch_012,2026-08-19T00:00:00,350.86,7.02,1.26,342.58
sett_c604725dc8,merch_005,2026-08-21T00:00:00,48923.86,978.48,176.13,35982.22
sett_00a6b9c8d8,merch_020,2026-08-10T00:00:00,16901.4,338.03,60.85,16502.52
sett_c529a59b69,merch_009,2026-07-09T00:00:00,11908.11,238.16,42.87,11627.08
sett_f852510db2,merch_005,2026-07-20T00:00:00,4551.94,91.04,16.39,4444.51
sett_2e3ce0cad6,merch_013,2026-08-06T00:00:00,3594.45,71.89,12.94,3509.62
sett_b5f9f59967,merch_016,2026-07-07T00:00:00,396.09,7.92,1.43,386.74
sett_90e83e3bdd,merch_003,2026-08-18T00:00:00,214.39,4.29,0.77,209.33
sett_22b173ab79,merch_003,2026-08-03T00:00:00,5999.61,119.99,21.6,5858.02
sett_90d78a5d63,merch_018,2026-07-13T00:00:00,7769.85,155.4,27.97,7586.48
sett_0e5f864298,merch_024,2026-07-17T00:00:00,730.78,14.62,2.63,713.53
sett_bdd3888458,merch_007,2026-08-27T00:00:00,3470.4,69.41,12.49,3388.5
sett_b88a464871,merch_014,2026-07-16T00:00:00,1171.11,23.42,4.22,1143.47
sett_34000d31f1,merch_020,2026-08-02T00:00:00,710.23,14.2,2.56,693.47
sett_1c1d6b181e,merch_004,2026-08-14T00:00:00,123.0,2.46,0.44,120.1
sett_f6b7322f8b,merch_015,2026-08-20T00:00:00,2702.26,54.05,9.73,2638.48
sett_f26e1d48bb,merch_023,2026-08-10T00:00:00,5655.99,113.12,20.36,5522.51
sett_cced92a694,merch_017,2026-08-07T00:00:00,7799.43,155.99,28.08,7615.36
sett_7074806b65,merch_021,2026-07-30T00:00:00,5616.13,112.32,20.22,5483.59
sett_f60e7da548,merch_013,2026-08-14T00:00:00,1213.62,24.27,4.37,1184.98
sett_d8f665fc99,merch_019,2026-07-16T00:00:00,10475.49,209.51,37.71,10228.27
sett_df9873fee5,merch_018,2026-07-30T00:00:00,830.45,16.61,2.99,810.85
sett_f50eaa4d4c,merch_009,2026-09-02T00:00:00,8040.57,160.81,28.95,7850.81
sett_50e81eac5b,merch_023,2026-08-05T00:00:00,751.53,15.03,2.71,733.79
sett_044cfafc91,merch_007,2026-08-01T00:00:00,244.09,4.88,0.88,238.33
sett_1d5a4a6d0f,merch_021,2026-07-05T00:00:00,7545.47,150.91,27.16,7367.4
sett_7a51791fcc,merch_010,2026-08-13T00:00:00,1155.17,23.1,4.16,1127.91
sett_1fbdbe5678,merch_024,2026-07-24T00:00:00,338.27,6.77,1.22,330.28
sett_d7b13dd20a,merch_005,2026-08-31T00:00:00,307.2,6.14,1.11,299.95
sett_c73faa3779,merch_008,2026-08-01T00:00:00,8443.32,168.87,30.4,8244.05
sett_7d0b282b4d,merch_016,2026-07-26T00:00:00,118.38,2.37,0.43,115.58
sett_2af6a3d4be,merch_005,2026-07-18T00:00:00,2609.43,52.19,9.39,2547.85
sett_a22e5c9de9,merch_009,2026-08-16T00:00:00,791.06,15.82,2.85,772.39
sett_f3ce41a8fb,merch_006,2026-08-02T00:00:00,5150.15,103.0,18.54,5028.61
sett_d3b4a9006d,merch_023,2026-07-28T00:00:00,9260.45,185.21,33.34,5295.43
